ISO-10303-21;
HEADER;
/* Generated by software containing ST-Developer
 * from STEP Tools, Inc. (www.steptools.com) 
 */
/* OPTION: using custom renumber hook */

FILE_DESCRIPTION(
/* description */ ('STEP AP242',
'CAx-IF Rec.Pracs.---Representation and Presentation of Product Manufa
cturing Information (PMI)---4.0---2014-10-13',
'CAx-IF Rec.Pracs.---3D Tessellated Geometry---0.4---2014-09-14','2;1'),

/* implementation_level */ '2;1');

FILE_NAME(
/* name */ '68c319b28b73ffe07472e84d',
/* time_stamp */ '2025-09-11T18:49:22Z',
/* author */ (''),
/* organization */ (''),
/* preprocessor_version */ 'ST-DEVELOPER v20',
/* originating_system */ 'ONSHAPE BY PTC INC, 1.203',
/* authorisation */ '  ');

FILE_SCHEMA (('AP242_MANAGED_MODEL_BASED_3D_ENGINEERING_MIM_LF { 1 0 10303 442 1 1 4 }'));
ENDSEC;

DATA;
#10=SHAPE_REPRESENTATION_RELATIONSHIP('','',#1679,#11);
#11=ADVANCED_BREP_SHAPE_REPRESENTATION('',(#1677),#2978);
#12=CONICAL_SURFACE('',#1866,0.0075,0.785398163397448);
#13=CONICAL_SURFACE('',#1869,0.021,0.785398163397445);
#14=CONICAL_SURFACE('',#1870,0.021,0.785398163397448);
#15=CONICAL_SURFACE('',#1871,0.0398010906657714,0.785398163397448);
#16=CONICAL_SURFACE('',#1872,0.0398010906657715,0.785398163397445);
#17=CONICAL_SURFACE('',#1873,0.021,0.785398163397448);
#18=CONICAL_SURFACE('',#1874,0.021,0.785398163397448);
#19=CONICAL_SURFACE('',#1877,0.0075,0.785398163397448);
#20=CONICAL_SURFACE('',#1878,0.0075,0.785398163397448);
#21=CONICAL_SURFACE('',#1881,0.021,0.785398163397445);
#22=CONICAL_SURFACE('',#1882,0.021,0.785398163397446);
#23=CONICAL_SURFACE('',#1883,0.0398010906657714,0.785398163397448);
#24=CONICAL_SURFACE('',#1884,0.0398010906657714,0.785398163397448);
#25=CONICAL_SURFACE('',#1885,0.021,0.785398163397446);
#26=CONICAL_SURFACE('',#1886,0.021,0.785398163397445);
#27=CONICAL_SURFACE('',#1889,0.0075,0.785398163397448);
#28=CONICAL_SURFACE('',#1890,0.0075,0.785398163397446);
#29=CONICAL_SURFACE('',#1893,0.021,0.785398163397445);
#30=CONICAL_SURFACE('',#1894,0.021,0.785398163397446);
#31=CONICAL_SURFACE('',#1895,0.0398010906657715,0.785398163397445);
#32=B_SPLINE_SURFACE_WITH_KNOTS('',1,3,((#2888,#2889,#2890,#2891,#2892,
#2893,#2894,#2895,#2896,#2897,#2898,#2899),(#2900,#2901,#2902,#2903,#2904,
#2905,#2906,#2907,#2908,#2909,#2910,#2911)),.RULED_SURF.,.F.,.F.,.F.,(2,
2),(4,2,2,2,2,4),(0.,1.),(0.,0.00469523969268569,0.00704285953902854,0.00939047938537138,
0.0140857190780571,0.0187809587707428),.UNSPECIFIED.);
#33=PLANE('',#1708);
#34=PLANE('',#1740);
#35=PLANE('',#1769);
#36=PLANE('',#1774);
#37=PLANE('',#1779);
#38=PLANE('',#1784);
#39=PLANE('',#1789);
#40=PLANE('',#1794);
#41=PLANE('',#1799);
#42=PLANE('',#1800);
#43=PLANE('',#1803);
#44=PLANE('',#1804);
#45=PLANE('',#1807);
#46=PLANE('',#1808);
#47=PLANE('',#1811);
#48=PLANE('',#1812);
#49=PLANE('',#1815);
#50=PLANE('',#1816);
#51=PLANE('',#1839);
#52=PLANE('',#1844);
#53=PLANE('',#1849);
#54=PLANE('',#1854);
#55=PLANE('',#1859);
#56=PLANE('',#1862);
#57=PLANE('',#1863);
#58=PLANE('',#1864);
#59=PLANE('',#1865);
#60=PLANE('',#1867);
#61=PLANE('',#1868);
#62=PLANE('',#1875);
#63=PLANE('',#1876);
#64=PLANE('',#1879);
#65=PLANE('',#1880);
#66=PLANE('',#1887);
#67=PLANE('',#1888);
#68=PLANE('',#1891);
#69=PLANE('',#1892);
#70=B_SPLINE_CURVE_WITH_KNOTS('',3,(#2449,#2450,#2451,#2452,#2453,#2454,
#2455,#2456,#2457,#2458,#2459,#2460,#2461,#2462,#2463,#2464,#2465,#2466,
#2467,#2468,#2469,#2470,#2471,#2472,#2473,#2474,#2475,#2476,#2477,#2478,
#2479,#2480,#2481,#2482,#2483,#2484,#2485,#2486),.UNSPECIFIED.,.F.,.F.,
(4,1,1,1,1,1,1,1,1,1,1,1,1,1,1,1,1,1,1,1,1,1,1,1,1,1,1,1,1,1,1,1,1,1,1,
4),(0.,0.0625,0.09375,0.109375,0.125,0.140625,0.15625,0.1875,0.21875,0.25,
0.3125,0.34375,0.359375,0.375,0.390625,0.40625,0.4375,0.5,0.5625,0.59375,
0.609375,0.625,0.640625,0.65625,0.6875,0.71875,0.75,0.78125,0.8125,0.84375,
0.859375,0.875,0.890625,0.90625,0.9375,1.),.UNSPECIFIED.);
#71=B_SPLINE_CURVE_WITH_KNOTS('',3,(#2495,#2496,#2497,#2498,#2499,#2500,
#2501,#2502,#2503),.UNSPECIFIED.,.F.,.F.,(4,1,1,1,1,1,4),(0.,0.25,0.375,
0.5,0.625,0.75,1.),.UNSPECIFIED.);
#72=B_SPLINE_CURVE_WITH_KNOTS('',3,(#2884,#2885,#2886,#2887),
 .UNSPECIFIED.,.F.,.F.,(4,4),(0.,1.),.UNSPECIFIED.);
#73=B_SPLINE_CURVE_WITH_KNOTS('',3,(#2912,#2913,#2914,#2915),
 .UNSPECIFIED.,.F.,.F.,(4,4),(0.,1.),.UNSPECIFIED.);
#74=LINE('',#2441,#176);
#75=LINE('',#2445,#177);
#76=LINE('',#2447,#178);
#77=LINE('',#2488,#179);
#78=LINE('',#2493,#180);
#79=LINE('',#2505,#181);
#80=LINE('',#2509,#182);
#81=LINE('',#2513,#183);
#82=LINE('',#2515,#184);
#83=LINE('',#2520,#185);
#84=LINE('',#2524,#186);
#85=LINE('',#2529,#187);
#86=LINE('',#2533,#188);
#87=LINE('',#2538,#189);
#88=LINE('',#2542,#190);
#89=LINE('',#2547,#191);
#90=LINE('',#2563,#192);
#91=LINE('',#2567,#193);
#92=LINE('',#2575,#194);
#93=LINE('',#2579,#195);
#94=LINE('',#2587,#196);
#95=LINE('',#2591,#197);
#96=LINE('',#2599,#198);
#97=LINE('',#2603,#199);
#98=LINE('',#2611,#200);
#99=LINE('',#2615,#201);
#100=LINE('',#2661,#202);
#101=LINE('',#2663,#203);
#102=LINE('',#2666,#204);
#103=LINE('',#2670,#205);
#104=LINE('',#2675,#206);
#105=LINE('',#2679,#207);
#106=LINE('',#2684,#208);
#107=LINE('',#2688,#209);
#108=LINE('',#2693,#210);
#109=LINE('',#2697,#211);
#110=LINE('',#2702,#212);
#111=LINE('',#2706,#213);
#112=LINE('',#2709,#214);
#113=LINE('',#2711,#215);
#114=LINE('',#2755,#216);
#115=LINE('',#2759,#217);
#116=LINE('',#2761,#218);
#117=LINE('',#2763,#219);
#118=LINE('',#2765,#220);
#119=LINE('',#2767,#221);
#120=LINE('',#2769,#222);
#121=LINE('',#2773,#223);
#122=LINE('',#2775,#224);
#123=LINE('',#2777,#225);
#124=LINE('',#2779,#226);
#125=LINE('',#2781,#227);
#126=LINE('',#2783,#228);
#127=LINE('',#2787,#229);
#128=LINE('',#2789,#230);
#129=LINE('',#2791,#231);
#130=LINE('',#2793,#232);
#131=LINE('',#2795,#233);
#132=LINE('',#2797,#234);
#133=LINE('',#2801,#235);
#134=LINE('',#2803,#236);
#135=LINE('',#2805,#237);
#136=LINE('',#2807,#238);
#137=LINE('',#2809,#239);
#138=LINE('',#2811,#240);
#139=LINE('',#2815,#241);
#140=LINE('',#2817,#242);
#141=LINE('',#2819,#243);
#142=LINE('',#2821,#244);
#143=LINE('',#2823,#245);
#144=LINE('',#2880,#246);
#145=LINE('',#2882,#247);
#146=LINE('',#2918,#248);
#147=LINE('',#2919,#249);
#148=LINE('',#2921,#250);
#149=LINE('',#2923,#251);
#150=LINE('',#2925,#252);
#151=LINE('',#2927,#253);
#152=LINE('',#2929,#254);
#153=LINE('',#2931,#255);
#154=LINE('',#2933,#256);
#155=LINE('',#2935,#257);
#156=LINE('',#2937,#258);
#157=LINE('',#2939,#259);
#158=LINE('',#2941,#260);
#159=LINE('',#2943,#261);
#160=LINE('',#2945,#262);
#161=LINE('',#2947,#263);
#162=LINE('',#2949,#264);
#163=LINE('',#2951,#265);
#164=LINE('',#2953,#266);
#165=LINE('',#2955,#267);
#166=LINE('',#2957,#268);
#167=LINE('',#2959,#269);
#168=LINE('',#2961,#270);
#169=LINE('',#2963,#271);
#170=LINE('',#2965,#272);
#171=LINE('',#2967,#273);
#172=LINE('',#2969,#274);
#173=LINE('',#2971,#275);
#174=LINE('',#2973,#276);
#175=LINE('',#2975,#277);
#176=VECTOR('',#1910,1.);
#177=VECTOR('',#1913,1.);
#178=VECTOR('',#1916,1.);
#179=VECTOR('',#1917,1.);
#180=VECTOR('',#1922,1.);
#181=VECTOR('',#1923,1.);
#182=VECTOR('',#1926,1.);
#183=VECTOR('',#1929,1.);
#184=VECTOR('',#1932,1.);
#185=VECTOR('',#1935,1.);
#186=VECTOR('',#1940,1.);
#187=VECTOR('',#1943,1.);
#188=VECTOR('',#1948,1.);
#189=VECTOR('',#1951,1.);
#190=VECTOR('',#1956,1.);
#191=VECTOR('',#1959,1.);
#192=VECTOR('',#1976,1.);
#193=VECTOR('',#1979,1.);
#194=VECTOR('',#1986,1.);
#195=VECTOR('',#1989,1.);
#196=VECTOR('',#1996,1.);
#197=VECTOR('',#1999,1.);
#198=VECTOR('',#2006,1.);
#199=VECTOR('',#2009,1.);
#200=VECTOR('',#2016,1.);
#201=VECTOR('',#2019,1.);
#202=VECTOR('',#2066,1.);
#203=VECTOR('',#2067,1.);
#204=VECTOR('',#2070,1.);
#205=VECTOR('',#2073,1.);
#206=VECTOR('',#2078,1.);
#207=VECTOR('',#2081,1.);
#208=VECTOR('',#2086,1.);
#209=VECTOR('',#2089,1.);
#210=VECTOR('',#2094,1.);
#211=VECTOR('',#2097,1.);
#212=VECTOR('',#2102,1.);
#213=VECTOR('',#2105,1.);
#214=VECTOR('',#2108,1.);
#215=VECTOR('',#2109,1.);
#216=VECTOR('',#2172,1.);
#217=VECTOR('',#2175,1.);
#218=VECTOR('',#2178,1.);
#219=VECTOR('',#2179,1.);
#220=VECTOR('',#2182,1.);
#221=VECTOR('',#2183,1.);
#222=VECTOR('',#2186,1.);
#223=VECTOR('',#2189,1.);
#224=VECTOR('',#2192,1.);
#225=VECTOR('',#2193,1.);
#226=VECTOR('',#2196,1.);
#227=VECTOR('',#2197,1.);
#228=VECTOR('',#2200,1.);
#229=VECTOR('',#2203,1.);
#230=VECTOR('',#2206,1.);
#231=VECTOR('',#2207,1.);
#232=VECTOR('',#2210,1.);
#233=VECTOR('',#2211,1.);
#234=VECTOR('',#2214,1.);
#235=VECTOR('',#2217,1.);
#236=VECTOR('',#2220,1.);
#237=VECTOR('',#2221,1.);
#238=VECTOR('',#2224,1.);
#239=VECTOR('',#2225,1.);
#240=VECTOR('',#2228,1.);
#241=VECTOR('',#2231,1.);
#242=VECTOR('',#2234,1.);
#243=VECTOR('',#2235,1.);
#244=VECTOR('',#2238,1.);
#245=VECTOR('',#2239,1.);
#246=VECTOR('',#2332,1.);
#247=VECTOR('',#2335,1.);
#248=VECTOR('',#2342,1.);
#249=VECTOR('',#2343,1.);
#250=VECTOR('',#2346,1.);
#251=VECTOR('',#2349,1.);
#252=VECTOR('',#2352,1.);
#253=VECTOR('',#2355,1.);
#254=VECTOR('',#2358,1.);
#255=VECTOR('',#2361,1.);
#256=VECTOR('',#2364,1.);
#257=VECTOR('',#2367,1.);
#258=VECTOR('',#2370,1.);
#259=VECTOR('',#2373,1.);
#260=VECTOR('',#2376,1.);
#261=VECTOR('',#2379,1.);
#262=VECTOR('',#2382,1.);
#263=VECTOR('',#2385,1.);
#264=VECTOR('',#2388,1.);
#265=VECTOR('',#2391,1.);
#266=VECTOR('',#2394,1.);
#267=VECTOR('',#2397,1.);
#268=VECTOR('',#2400,1.);
#269=VECTOR('',#2403,1.);
#270=VECTOR('',#2406,1.);
#271=VECTOR('',#2409,1.);
#272=VECTOR('',#2412,1.);
#273=VECTOR('',#2415,1.);
#274=VECTOR('',#2418,1.);
#275=VECTOR('',#2421,1.);
#276=VECTOR('',#2424,1.);
#277=VECTOR('',#2427,1.);
#278=CYLINDRICAL_SURFACE('',#1686,0.005);
#279=CYLINDRICAL_SURFACE('',#1688,0.005);
#280=CYLINDRICAL_SURFACE('',#1689,0.0408010906657715);
#281=CYLINDRICAL_SURFACE('',#1693,0.0408010906657715);
#282=CYLINDRICAL_SURFACE('',#1696,0.0408010906657715);
#283=CYLINDRICAL_SURFACE('',#1699,0.0408010906657715);
#284=CYLINDRICAL_SURFACE('',#1702,0.0408010906657715);
#285=CYLINDRICAL_SURFACE('',#1705,0.00315);
#286=CYLINDRICAL_SURFACE('',#1767,0.0033);
#287=CYLINDRICAL_SURFACE('',#1771,0.005625);
#288=CYLINDRICAL_SURFACE('',#1772,0.0033);
#289=CYLINDRICAL_SURFACE('',#1776,0.005625);
#290=CYLINDRICAL_SURFACE('',#1777,0.0033);
#291=CYLINDRICAL_SURFACE('',#1781,0.005625);
#292=CYLINDRICAL_SURFACE('',#1782,0.0033);
#293=CYLINDRICAL_SURFACE('',#1786,0.005625);
#294=CYLINDRICAL_SURFACE('',#1787,0.0033);
#295=CYLINDRICAL_SURFACE('',#1791,0.005625);
#296=CYLINDRICAL_SURFACE('',#1792,0.0033);
#297=CYLINDRICAL_SURFACE('',#1796,0.005625);
#298=CYLINDRICAL_SURFACE('',#1797,0.0075);
#299=CYLINDRICAL_SURFACE('',#1801,0.0075);
#300=CYLINDRICAL_SURFACE('',#1805,0.0075);
#301=CYLINDRICAL_SURFACE('',#1809,0.0075);
#302=CYLINDRICAL_SURFACE('',#1813,0.0075);
#303=CYLINDRICAL_SURFACE('',#1817,0.02);
#304=CYLINDRICAL_SURFACE('',#1819,0.02);
#305=CYLINDRICAL_SURFACE('',#1821,0.02);
#306=CYLINDRICAL_SURFACE('',#1823,0.02);
#307=CYLINDRICAL_SURFACE('',#1825,0.02);
#308=CYLINDRICAL_SURFACE('',#1827,0.02);
#309=CYLINDRICAL_SURFACE('',#1829,0.02);
#310=CYLINDRICAL_SURFACE('',#1831,0.02);
#311=CYLINDRICAL_SURFACE('',#1833,0.02);
#312=CYLINDRICAL_SURFACE('',#1835,0.02);
#313=CYLINDRICAL_SURFACE('',#1837,0.00225);
#314=CYLINDRICAL_SURFACE('',#1841,0.004125);
#315=CYLINDRICAL_SURFACE('',#1842,0.00225);
#316=CYLINDRICAL_SURFACE('',#1846,0.004125);
#317=CYLINDRICAL_SURFACE('',#1847,0.00225);
#318=CYLINDRICAL_SURFACE('',#1851,0.004125);
#319=CYLINDRICAL_SURFACE('',#1852,0.00225);
#320=CYLINDRICAL_SURFACE('',#1856,0.004125);
#321=CYLINDRICAL_SURFACE('',#1857,0.00225);
#322=CYLINDRICAL_SURFACE('',#1861,0.004125);
#323=ORIENTED_EDGE('',*,*,#759,.F.);
#324=ORIENTED_EDGE('',*,*,#760,.F.);
#325=ORIENTED_EDGE('',*,*,#761,.T.);
#326=ORIENTED_EDGE('',*,*,#762,.F.);
#327=ORIENTED_EDGE('',*,*,#761,.F.);
#328=ORIENTED_EDGE('',*,*,#763,.F.);
#329=ORIENTED_EDGE('',*,*,#764,.T.);
#330=ORIENTED_EDGE('',*,*,#765,.F.);
#331=ORIENTED_EDGE('',*,*,#766,.F.);
#332=ORIENTED_EDGE('',*,*,#767,.T.);
#333=ORIENTED_EDGE('',*,*,#768,.F.);
#334=ORIENTED_EDGE('',*,*,#759,.T.);
#335=ORIENTED_EDGE('',*,*,#769,.T.);
#336=ORIENTED_EDGE('',*,*,#770,.T.);
#337=ORIENTED_EDGE('',*,*,#771,.T.);
#338=ORIENTED_EDGE('',*,*,#772,.T.);
#339=ORIENTED_EDGE('',*,*,#773,.T.);
#340=ORIENTED_EDGE('',*,*,#774,.T.);
#341=ORIENTED_EDGE('',*,*,#775,.T.);
#342=ORIENTED_EDGE('',*,*,#776,.T.);
#343=ORIENTED_EDGE('',*,*,#777,.T.);
#344=ORIENTED_EDGE('',*,*,#778,.T.);
#345=ORIENTED_EDGE('',*,*,#779,.T.);
#346=ORIENTED_EDGE('',*,*,#780,.T.);
#347=ORIENTED_EDGE('',*,*,#781,.T.);
#348=ORIENTED_EDGE('',*,*,#782,.T.);
#349=ORIENTED_EDGE('',*,*,#783,.T.);
#350=ORIENTED_EDGE('',*,*,#784,.T.);
#351=ORIENTED_EDGE('',*,*,#785,.T.);
#352=ORIENTED_EDGE('',*,*,#786,.T.);
#353=ORIENTED_EDGE('',*,*,#787,.T.);
#354=ORIENTED_EDGE('',*,*,#788,.T.);
#355=ORIENTED_EDGE('',*,*,#789,.T.);
#356=ORIENTED_EDGE('',*,*,#790,.T.);
#357=ORIENTED_EDGE('',*,*,#791,.T.);
#358=ORIENTED_EDGE('',*,*,#792,.T.);
#359=ORIENTED_EDGE('',*,*,#793,.T.);
#360=ORIENTED_EDGE('',*,*,#794,.F.);
#361=ORIENTED_EDGE('',*,*,#795,.T.);
#362=ORIENTED_EDGE('',*,*,#796,.T.);
#363=ORIENTED_EDGE('',*,*,#797,.T.);
#364=ORIENTED_EDGE('',*,*,#798,.T.);
#365=ORIENTED_EDGE('',*,*,#799,.T.);
#366=ORIENTED_EDGE('',*,*,#800,.T.);
#367=ORIENTED_EDGE('',*,*,#801,.T.);
#368=ORIENTED_EDGE('',*,*,#802,.T.);
#369=ORIENTED_EDGE('',*,*,#803,.T.);
#370=ORIENTED_EDGE('',*,*,#804,.T.);
#371=ORIENTED_EDGE('',*,*,#805,.T.);
#372=ORIENTED_EDGE('',*,*,#806,.T.);
#373=ORIENTED_EDGE('',*,*,#807,.T.);
#374=ORIENTED_EDGE('',*,*,#808,.T.);
#375=ORIENTED_EDGE('',*,*,#809,.T.);
#376=ORIENTED_EDGE('',*,*,#810,.T.);
#377=ORIENTED_EDGE('',*,*,#811,.T.);
#378=ORIENTED_EDGE('',*,*,#812,.T.);
#379=ORIENTED_EDGE('',*,*,#813,.T.);
#380=ORIENTED_EDGE('',*,*,#814,.T.);
#381=ORIENTED_EDGE('',*,*,#815,.T.);
#382=ORIENTED_EDGE('',*,*,#816,.T.);
#383=ORIENTED_EDGE('',*,*,#817,.T.);
#384=ORIENTED_EDGE('',*,*,#818,.T.);
#385=ORIENTED_EDGE('',*,*,#819,.T.);
#386=ORIENTED_EDGE('',*,*,#820,.T.);
#387=ORIENTED_EDGE('',*,*,#821,.T.);
#388=ORIENTED_EDGE('',*,*,#822,.T.);
#389=ORIENTED_EDGE('',*,*,#823,.T.);
#390=ORIENTED_EDGE('',*,*,#824,.T.);
#391=ORIENTED_EDGE('',*,*,#825,.T.);
#392=ORIENTED_EDGE('',*,*,#826,.T.);
#393=ORIENTED_EDGE('',*,*,#827,.T.);
#394=ORIENTED_EDGE('',*,*,#828,.T.);
#395=ORIENTED_EDGE('',*,*,#829,.T.);
#396=ORIENTED_EDGE('',*,*,#830,.T.);
#397=ORIENTED_EDGE('',*,*,#831,.T.);
#398=ORIENTED_EDGE('',*,*,#832,.T.);
#399=ORIENTED_EDGE('',*,*,#833,.T.);
#400=ORIENTED_EDGE('',*,*,#834,.T.);
#401=ORIENTED_EDGE('',*,*,#835,.T.);
#402=ORIENTED_EDGE('',*,*,#793,.F.);
#403=ORIENTED_EDGE('',*,*,#836,.F.);
#404=ORIENTED_EDGE('',*,*,#837,.F.);
#405=ORIENTED_EDGE('',*,*,#838,.F.);
#406=ORIENTED_EDGE('',*,*,#839,.F.);
#407=ORIENTED_EDGE('',*,*,#840,.F.);
#408=ORIENTED_EDGE('',*,*,#841,.T.);
#409=ORIENTED_EDGE('',*,*,#842,.T.);
#410=ORIENTED_EDGE('',*,*,#843,.T.);
#411=ORIENTED_EDGE('',*,*,#844,.T.);
#412=ORIENTED_EDGE('',*,*,#845,.T.);
#413=ORIENTED_EDGE('',*,*,#846,.T.);
#414=ORIENTED_EDGE('',*,*,#847,.F.);
#415=ORIENTED_EDGE('',*,*,#848,.T.);
#416=ORIENTED_EDGE('',*,*,#769,.F.);
#417=ORIENTED_EDGE('',*,*,#849,.T.);
#418=ORIENTED_EDGE('',*,*,#850,.F.);
#419=ORIENTED_EDGE('',*,*,#851,.T.);
#420=ORIENTED_EDGE('',*,*,#852,.T.);
#421=ORIENTED_EDGE('',*,*,#853,.T.);
#422=ORIENTED_EDGE('',*,*,#788,.F.);
#423=ORIENTED_EDGE('',*,*,#854,.T.);
#424=ORIENTED_EDGE('',*,*,#855,.F.);
#425=ORIENTED_EDGE('',*,*,#856,.T.);
#426=ORIENTED_EDGE('',*,*,#857,.T.);
#427=ORIENTED_EDGE('',*,*,#858,.T.);
#428=ORIENTED_EDGE('',*,*,#784,.F.);
#429=ORIENTED_EDGE('',*,*,#859,.T.);
#430=ORIENTED_EDGE('',*,*,#860,.F.);
#431=ORIENTED_EDGE('',*,*,#861,.T.);
#432=ORIENTED_EDGE('',*,*,#862,.T.);
#433=ORIENTED_EDGE('',*,*,#863,.T.);
#434=ORIENTED_EDGE('',*,*,#780,.F.);
#435=ORIENTED_EDGE('',*,*,#864,.T.);
#436=ORIENTED_EDGE('',*,*,#865,.F.);
#437=ORIENTED_EDGE('',*,*,#866,.T.);
#438=ORIENTED_EDGE('',*,*,#867,.T.);
#439=ORIENTED_EDGE('',*,*,#868,.T.);
#440=ORIENTED_EDGE('',*,*,#792,.F.);
#441=ORIENTED_EDGE('',*,*,#869,.T.);
#442=ORIENTED_EDGE('',*,*,#870,.F.);
#443=ORIENTED_EDGE('',*,*,#871,.T.);
#444=ORIENTED_EDGE('',*,*,#872,.T.);
#445=ORIENTED_EDGE('',*,*,#873,.T.);
#446=ORIENTED_EDGE('',*,*,#773,.F.);
#447=ORIENTED_EDGE('',*,*,#874,.T.);
#448=ORIENTED_EDGE('',*,*,#875,.T.);
#449=ORIENTED_EDGE('',*,*,#764,.F.);
#450=ORIENTED_EDGE('',*,*,#794,.T.);
#451=ORIENTED_EDGE('',*,*,#835,.F.);
#452=ORIENTED_EDGE('',*,*,#876,.F.);
#453=ORIENTED_EDGE('',*,*,#876,.T.);
#454=ORIENTED_EDGE('',*,*,#877,.F.);
#455=ORIENTED_EDGE('',*,*,#877,.T.);
#456=ORIENTED_EDGE('',*,*,#846,.F.);
#457=ORIENTED_EDGE('',*,*,#834,.F.);
#458=ORIENTED_EDGE('',*,*,#878,.F.);
#459=ORIENTED_EDGE('',*,*,#878,.T.);
#460=ORIENTED_EDGE('',*,*,#879,.F.);
#461=ORIENTED_EDGE('',*,*,#879,.T.);
#462=ORIENTED_EDGE('',*,*,#845,.F.);
#463=ORIENTED_EDGE('',*,*,#833,.F.);
#464=ORIENTED_EDGE('',*,*,#880,.F.);
#465=ORIENTED_EDGE('',*,*,#880,.T.);
#466=ORIENTED_EDGE('',*,*,#881,.F.);
#467=ORIENTED_EDGE('',*,*,#881,.T.);
#468=ORIENTED_EDGE('',*,*,#844,.F.);
#469=ORIENTED_EDGE('',*,*,#832,.F.);
#470=ORIENTED_EDGE('',*,*,#882,.F.);
#471=ORIENTED_EDGE('',*,*,#882,.T.);
#472=ORIENTED_EDGE('',*,*,#883,.F.);
#473=ORIENTED_EDGE('',*,*,#883,.T.);
#474=ORIENTED_EDGE('',*,*,#843,.F.);
#475=ORIENTED_EDGE('',*,*,#831,.F.);
#476=ORIENTED_EDGE('',*,*,#884,.F.);
#477=ORIENTED_EDGE('',*,*,#884,.T.);
#478=ORIENTED_EDGE('',*,*,#885,.F.);
#479=ORIENTED_EDGE('',*,*,#885,.T.);
#480=ORIENTED_EDGE('',*,*,#842,.F.);
#481=ORIENTED_EDGE('',*,*,#830,.F.);
#482=ORIENTED_EDGE('',*,*,#886,.F.);
#483=ORIENTED_EDGE('',*,*,#886,.T.);
#484=ORIENTED_EDGE('',*,*,#887,.F.);
#485=ORIENTED_EDGE('',*,*,#887,.T.);
#486=ORIENTED_EDGE('',*,*,#841,.F.);
#487=ORIENTED_EDGE('',*,*,#888,.F.);
#488=ORIENTED_EDGE('',*,*,#889,.T.);
#489=ORIENTED_EDGE('',*,*,#890,.T.);
#490=ORIENTED_EDGE('',*,*,#866,.F.);
#491=ORIENTED_EDGE('',*,*,#890,.F.);
#492=ORIENTED_EDGE('',*,*,#891,.T.);
#493=ORIENTED_EDGE('',*,*,#892,.T.);
#494=ORIENTED_EDGE('',*,*,#867,.F.);
#495=ORIENTED_EDGE('',*,*,#893,.T.);
#496=ORIENTED_EDGE('',*,*,#894,.T.);
#497=ORIENTED_EDGE('',*,*,#888,.T.);
#498=ORIENTED_EDGE('',*,*,#865,.T.);
#499=ORIENTED_EDGE('',*,*,#895,.F.);
#500=ORIENTED_EDGE('',*,*,#896,.T.);
#501=ORIENTED_EDGE('',*,*,#897,.T.);
#502=ORIENTED_EDGE('',*,*,#871,.F.);
#503=ORIENTED_EDGE('',*,*,#897,.F.);
#504=ORIENTED_EDGE('',*,*,#898,.T.);
#505=ORIENTED_EDGE('',*,*,#899,.T.);
#506=ORIENTED_EDGE('',*,*,#872,.F.);
#507=ORIENTED_EDGE('',*,*,#900,.T.);
#508=ORIENTED_EDGE('',*,*,#901,.T.);
#509=ORIENTED_EDGE('',*,*,#895,.T.);
#510=ORIENTED_EDGE('',*,*,#870,.T.);
#511=ORIENTED_EDGE('',*,*,#902,.F.);
#512=ORIENTED_EDGE('',*,*,#903,.T.);
#513=ORIENTED_EDGE('',*,*,#904,.T.);
#514=ORIENTED_EDGE('',*,*,#851,.F.);
#515=ORIENTED_EDGE('',*,*,#904,.F.);
#516=ORIENTED_EDGE('',*,*,#905,.T.);
#517=ORIENTED_EDGE('',*,*,#906,.T.);
#518=ORIENTED_EDGE('',*,*,#852,.F.);
#519=ORIENTED_EDGE('',*,*,#907,.T.);
#520=ORIENTED_EDGE('',*,*,#908,.T.);
#521=ORIENTED_EDGE('',*,*,#902,.T.);
#522=ORIENTED_EDGE('',*,*,#850,.T.);
#523=ORIENTED_EDGE('',*,*,#909,.F.);
#524=ORIENTED_EDGE('',*,*,#910,.T.);
#525=ORIENTED_EDGE('',*,*,#911,.T.);
#526=ORIENTED_EDGE('',*,*,#856,.F.);
#527=ORIENTED_EDGE('',*,*,#911,.F.);
#528=ORIENTED_EDGE('',*,*,#912,.T.);
#529=ORIENTED_EDGE('',*,*,#913,.T.);
#530=ORIENTED_EDGE('',*,*,#857,.F.);
#531=ORIENTED_EDGE('',*,*,#914,.T.);
#532=ORIENTED_EDGE('',*,*,#915,.T.);
#533=ORIENTED_EDGE('',*,*,#909,.T.);
#534=ORIENTED_EDGE('',*,*,#855,.T.);
#535=ORIENTED_EDGE('',*,*,#916,.F.);
#536=ORIENTED_EDGE('',*,*,#917,.T.);
#537=ORIENTED_EDGE('',*,*,#918,.T.);
#538=ORIENTED_EDGE('',*,*,#861,.F.);
#539=ORIENTED_EDGE('',*,*,#918,.F.);
#540=ORIENTED_EDGE('',*,*,#919,.T.);
#541=ORIENTED_EDGE('',*,*,#920,.T.);
#542=ORIENTED_EDGE('',*,*,#862,.F.);
#543=ORIENTED_EDGE('',*,*,#921,.T.);
#544=ORIENTED_EDGE('',*,*,#922,.T.);
#545=ORIENTED_EDGE('',*,*,#916,.T.);
#546=ORIENTED_EDGE('',*,*,#860,.T.);
#547=ORIENTED_EDGE('',*,*,#779,.F.);
#548=ORIENTED_EDGE('',*,*,#923,.T.);
#549=ORIENTED_EDGE('',*,*,#893,.F.);
#550=ORIENTED_EDGE('',*,*,#864,.F.);
#551=ORIENTED_EDGE('',*,*,#892,.F.);
#552=ORIENTED_EDGE('',*,*,#924,.T.);
#553=ORIENTED_EDGE('',*,*,#789,.F.);
#554=ORIENTED_EDGE('',*,*,#868,.F.);
#555=ORIENTED_EDGE('',*,*,#791,.F.);
#556=ORIENTED_EDGE('',*,*,#925,.T.);
#557=ORIENTED_EDGE('',*,*,#900,.F.);
#558=ORIENTED_EDGE('',*,*,#869,.F.);
#559=ORIENTED_EDGE('',*,*,#899,.F.);
#560=ORIENTED_EDGE('',*,*,#926,.T.);
#561=ORIENTED_EDGE('',*,*,#774,.F.);
#562=ORIENTED_EDGE('',*,*,#873,.F.);
#563=ORIENTED_EDGE('',*,*,#776,.F.);
#564=ORIENTED_EDGE('',*,*,#927,.T.);
#565=ORIENTED_EDGE('',*,*,#907,.F.);
#566=ORIENTED_EDGE('',*,*,#849,.F.);
#567=ORIENTED_EDGE('',*,*,#906,.F.);
#568=ORIENTED_EDGE('',*,*,#928,.T.);
#569=ORIENTED_EDGE('',*,*,#785,.F.);
#570=ORIENTED_EDGE('',*,*,#853,.F.);
#571=ORIENTED_EDGE('',*,*,#787,.F.);
#572=ORIENTED_EDGE('',*,*,#929,.T.);
#573=ORIENTED_EDGE('',*,*,#914,.F.);
#574=ORIENTED_EDGE('',*,*,#854,.F.);
#575=ORIENTED_EDGE('',*,*,#913,.F.);
#576=ORIENTED_EDGE('',*,*,#930,.T.);
#577=ORIENTED_EDGE('',*,*,#781,.F.);
#578=ORIENTED_EDGE('',*,*,#858,.F.);
#579=ORIENTED_EDGE('',*,*,#783,.F.);
#580=ORIENTED_EDGE('',*,*,#931,.T.);
#581=ORIENTED_EDGE('',*,*,#921,.F.);
#582=ORIENTED_EDGE('',*,*,#859,.F.);
#583=ORIENTED_EDGE('',*,*,#920,.F.);
#584=ORIENTED_EDGE('',*,*,#932,.T.);
#585=ORIENTED_EDGE('',*,*,#777,.F.);
#586=ORIENTED_EDGE('',*,*,#863,.F.);
#587=ORIENTED_EDGE('',*,*,#933,.F.);
#588=ORIENTED_EDGE('',*,*,#840,.T.);
#589=ORIENTED_EDGE('',*,*,#933,.T.);
#590=ORIENTED_EDGE('',*,*,#934,.F.);
#591=ORIENTED_EDGE('',*,*,#934,.T.);
#592=ORIENTED_EDGE('',*,*,#829,.F.);
#593=ORIENTED_EDGE('',*,*,#935,.F.);
#594=ORIENTED_EDGE('',*,*,#839,.T.);
#595=ORIENTED_EDGE('',*,*,#935,.T.);
#596=ORIENTED_EDGE('',*,*,#936,.F.);
#597=ORIENTED_EDGE('',*,*,#936,.T.);
#598=ORIENTED_EDGE('',*,*,#828,.F.);
#599=ORIENTED_EDGE('',*,*,#937,.F.);
#600=ORIENTED_EDGE('',*,*,#838,.T.);
#601=ORIENTED_EDGE('',*,*,#937,.T.);
#602=ORIENTED_EDGE('',*,*,#938,.F.);
#603=ORIENTED_EDGE('',*,*,#938,.T.);
#604=ORIENTED_EDGE('',*,*,#827,.F.);
#605=ORIENTED_EDGE('',*,*,#939,.F.);
#606=ORIENTED_EDGE('',*,*,#837,.T.);
#607=ORIENTED_EDGE('',*,*,#939,.T.);
#608=ORIENTED_EDGE('',*,*,#940,.F.);
#609=ORIENTED_EDGE('',*,*,#940,.T.);
#610=ORIENTED_EDGE('',*,*,#826,.F.);
#611=ORIENTED_EDGE('',*,*,#941,.F.);
#612=ORIENTED_EDGE('',*,*,#836,.T.);
#613=ORIENTED_EDGE('',*,*,#941,.T.);
#614=ORIENTED_EDGE('',*,*,#942,.F.);
#615=ORIENTED_EDGE('',*,*,#942,.T.);
#616=ORIENTED_EDGE('',*,*,#825,.F.);
#617=ORIENTED_EDGE('',*,*,#768,.T.);
#618=ORIENTED_EDGE('',*,*,#943,.T.);
#619=ORIENTED_EDGE('',*,*,#847,.T.);
#620=ORIENTED_EDGE('',*,*,#763,.T.);
#621=ORIENTED_EDGE('',*,*,#760,.T.);
#622=ORIENTED_EDGE('',*,*,#875,.F.);
#623=ORIENTED_EDGE('',*,*,#944,.T.);
#624=ORIENTED_EDGE('',*,*,#766,.T.);
#625=ORIENTED_EDGE('',*,*,#762,.T.);
#626=ORIENTED_EDGE('',*,*,#765,.T.);
#627=ORIENTED_EDGE('',*,*,#874,.F.);
#628=ORIENTED_EDGE('',*,*,#772,.F.);
#629=ORIENTED_EDGE('',*,*,#945,.F.);
#630=ORIENTED_EDGE('',*,*,#944,.F.);
#631=ORIENTED_EDGE('',*,*,#945,.T.);
#632=ORIENTED_EDGE('',*,*,#771,.F.);
#633=ORIENTED_EDGE('',*,*,#946,.F.);
#634=ORIENTED_EDGE('',*,*,#767,.F.);
#635=ORIENTED_EDGE('',*,*,#946,.T.);
#636=ORIENTED_EDGE('',*,*,#770,.F.);
#637=ORIENTED_EDGE('',*,*,#848,.F.);
#638=ORIENTED_EDGE('',*,*,#943,.F.);
#639=ORIENTED_EDGE('',*,*,#947,.F.);
#640=ORIENTED_EDGE('',*,*,#903,.F.);
#641=ORIENTED_EDGE('',*,*,#948,.F.);
#642=ORIENTED_EDGE('',*,*,#811,.F.);
#643=ORIENTED_EDGE('',*,*,#948,.T.);
#644=ORIENTED_EDGE('',*,*,#908,.F.);
#645=ORIENTED_EDGE('',*,*,#949,.F.);
#646=ORIENTED_EDGE('',*,*,#812,.F.);
#647=ORIENTED_EDGE('',*,*,#947,.T.);
#648=ORIENTED_EDGE('',*,*,#810,.F.);
#649=ORIENTED_EDGE('',*,*,#950,.F.);
#650=ORIENTED_EDGE('',*,*,#905,.F.);
#651=ORIENTED_EDGE('',*,*,#949,.T.);
#652=ORIENTED_EDGE('',*,*,#927,.F.);
#653=ORIENTED_EDGE('',*,*,#951,.F.);
#654=ORIENTED_EDGE('',*,*,#813,.F.);
#655=ORIENTED_EDGE('',*,*,#950,.T.);
#656=ORIENTED_EDGE('',*,*,#809,.F.);
#657=ORIENTED_EDGE('',*,*,#952,.F.);
#658=ORIENTED_EDGE('',*,*,#928,.F.);
#659=ORIENTED_EDGE('',*,*,#951,.T.);
#660=ORIENTED_EDGE('',*,*,#775,.F.);
#661=ORIENTED_EDGE('',*,*,#953,.F.);
#662=ORIENTED_EDGE('',*,*,#814,.F.);
#663=ORIENTED_EDGE('',*,*,#952,.T.);
#664=ORIENTED_EDGE('',*,*,#808,.F.);
#665=ORIENTED_EDGE('',*,*,#954,.F.);
#666=ORIENTED_EDGE('',*,*,#786,.F.);
#667=ORIENTED_EDGE('',*,*,#953,.T.);
#668=ORIENTED_EDGE('',*,*,#926,.F.);
#669=ORIENTED_EDGE('',*,*,#955,.F.);
#670=ORIENTED_EDGE('',*,*,#815,.F.);
#671=ORIENTED_EDGE('',*,*,#954,.T.);
#672=ORIENTED_EDGE('',*,*,#807,.F.);
#673=ORIENTED_EDGE('',*,*,#956,.F.);
#674=ORIENTED_EDGE('',*,*,#929,.F.);
#675=ORIENTED_EDGE('',*,*,#955,.T.);
#676=ORIENTED_EDGE('',*,*,#898,.F.);
#677=ORIENTED_EDGE('',*,*,#957,.F.);
#678=ORIENTED_EDGE('',*,*,#816,.F.);
#679=ORIENTED_EDGE('',*,*,#956,.T.);
#680=ORIENTED_EDGE('',*,*,#806,.F.);
#681=ORIENTED_EDGE('',*,*,#958,.F.);
#682=ORIENTED_EDGE('',*,*,#915,.F.);
#683=ORIENTED_EDGE('',*,*,#957,.T.);
#684=ORIENTED_EDGE('',*,*,#896,.F.);
#685=ORIENTED_EDGE('',*,*,#959,.F.);
#686=ORIENTED_EDGE('',*,*,#817,.F.);
#687=ORIENTED_EDGE('',*,*,#958,.T.);
#688=ORIENTED_EDGE('',*,*,#805,.F.);
#689=ORIENTED_EDGE('',*,*,#960,.F.);
#690=ORIENTED_EDGE('',*,*,#910,.F.);
#691=ORIENTED_EDGE('',*,*,#959,.T.);
#692=ORIENTED_EDGE('',*,*,#901,.F.);
#693=ORIENTED_EDGE('',*,*,#961,.F.);
#694=ORIENTED_EDGE('',*,*,#818,.F.);
#695=ORIENTED_EDGE('',*,*,#960,.T.);
#696=ORIENTED_EDGE('',*,*,#804,.F.);
#697=ORIENTED_EDGE('',*,*,#962,.F.);
#698=ORIENTED_EDGE('',*,*,#912,.F.);
#699=ORIENTED_EDGE('',*,*,#961,.T.);
#700=ORIENTED_EDGE('',*,*,#925,.F.);
#701=ORIENTED_EDGE('',*,*,#963,.F.);
#702=ORIENTED_EDGE('',*,*,#819,.F.);
#703=ORIENTED_EDGE('',*,*,#962,.T.);
#704=ORIENTED_EDGE('',*,*,#803,.F.);
#705=ORIENTED_EDGE('',*,*,#964,.F.);
#706=ORIENTED_EDGE('',*,*,#930,.F.);
#707=ORIENTED_EDGE('',*,*,#963,.T.);
#708=ORIENTED_EDGE('',*,*,#790,.F.);
#709=ORIENTED_EDGE('',*,*,#965,.F.);
#710=ORIENTED_EDGE('',*,*,#820,.F.);
#711=ORIENTED_EDGE('',*,*,#964,.T.);
#712=ORIENTED_EDGE('',*,*,#802,.F.);
#713=ORIENTED_EDGE('',*,*,#966,.F.);
#714=ORIENTED_EDGE('',*,*,#782,.F.);
#715=ORIENTED_EDGE('',*,*,#965,.T.);
#716=ORIENTED_EDGE('',*,*,#924,.F.);
#717=ORIENTED_EDGE('',*,*,#967,.F.);
#718=ORIENTED_EDGE('',*,*,#821,.F.);
#719=ORIENTED_EDGE('',*,*,#966,.T.);
#720=ORIENTED_EDGE('',*,*,#801,.F.);
#721=ORIENTED_EDGE('',*,*,#968,.F.);
#722=ORIENTED_EDGE('',*,*,#931,.F.);
#723=ORIENTED_EDGE('',*,*,#967,.T.);
#724=ORIENTED_EDGE('',*,*,#891,.F.);
#725=ORIENTED_EDGE('',*,*,#969,.F.);
#726=ORIENTED_EDGE('',*,*,#822,.F.);
#727=ORIENTED_EDGE('',*,*,#968,.T.);
#728=ORIENTED_EDGE('',*,*,#800,.F.);
#729=ORIENTED_EDGE('',*,*,#970,.F.);
#730=ORIENTED_EDGE('',*,*,#922,.F.);
#731=ORIENTED_EDGE('',*,*,#969,.T.);
#732=ORIENTED_EDGE('',*,*,#889,.F.);
#733=ORIENTED_EDGE('',*,*,#971,.F.);
#734=ORIENTED_EDGE('',*,*,#823,.F.);
#735=ORIENTED_EDGE('',*,*,#970,.T.);
#736=ORIENTED_EDGE('',*,*,#799,.F.);
#737=ORIENTED_EDGE('',*,*,#972,.F.);
#738=ORIENTED_EDGE('',*,*,#917,.F.);
#739=ORIENTED_EDGE('',*,*,#971,.T.);
#740=ORIENTED_EDGE('',*,*,#894,.F.);
#741=ORIENTED_EDGE('',*,*,#973,.F.);
#742=ORIENTED_EDGE('',*,*,#824,.F.);
#743=ORIENTED_EDGE('',*,*,#972,.T.);
#744=ORIENTED_EDGE('',*,*,#798,.F.);
#745=ORIENTED_EDGE('',*,*,#974,.F.);
#746=ORIENTED_EDGE('',*,*,#919,.F.);
#747=ORIENTED_EDGE('',*,*,#973,.T.);
#748=ORIENTED_EDGE('',*,*,#923,.F.);
#749=ORIENTED_EDGE('',*,*,#975,.F.);
#750=ORIENTED_EDGE('',*,*,#795,.F.);
#751=ORIENTED_EDGE('',*,*,#974,.T.);
#752=ORIENTED_EDGE('',*,*,#797,.F.);
#753=ORIENTED_EDGE('',*,*,#976,.F.);
#754=ORIENTED_EDGE('',*,*,#932,.F.);
#755=ORIENTED_EDGE('',*,*,#975,.T.);
#756=ORIENTED_EDGE('',*,*,#778,.F.);
#757=ORIENTED_EDGE('',*,*,#976,.T.);
#758=ORIENTED_EDGE('',*,*,#796,.F.);
#759=EDGE_CURVE('',#977,#978,#1127,.T.);
#760=EDGE_CURVE('',#979,#977,#1128,.T.);
#761=EDGE_CURVE('',#979,#980,#1129,.T.);
#762=EDGE_CURVE('',#978,#980,#1130,.F.);
#763=EDGE_CURVE('',#981,#979,#74,.T.);
#764=EDGE_CURVE('',#981,#982,#1131,.F.);
#765=EDGE_CURVE('',#980,#982,#75,.T.);
#766=EDGE_CURVE('',#983,#978,#76,.F.);
#767=EDGE_CURVE('',#983,#984,#70,.T.);
#768=EDGE_CURVE('',#977,#984,#77,.F.);
#769=EDGE_CURVE('',#985,#986,#1132,.T.);
#770=EDGE_CURVE('',#986,#987,#78,.F.);
#771=EDGE_CURVE('',#987,#988,#71,.T.);
#772=EDGE_CURVE('',#988,#989,#79,.T.);
#773=EDGE_CURVE('',#989,#990,#1133,.T.);
#774=EDGE_CURVE('',#990,#991,#80,.F.);
#775=EDGE_CURVE('',#991,#992,#1134,.F.);
#776=EDGE_CURVE('',#992,#985,#81,.T.);
#777=EDGE_CURVE('',#993,#994,#82,.F.);
#778=EDGE_CURVE('',#994,#995,#1135,.F.);
#779=EDGE_CURVE('',#995,#996,#83,.T.);
#780=EDGE_CURVE('',#996,#993,#1136,.T.);
#781=EDGE_CURVE('',#997,#998,#84,.F.);
#782=EDGE_CURVE('',#998,#999,#1137,.F.);
#783=EDGE_CURVE('',#999,#1000,#85,.T.);
#784=EDGE_CURVE('',#1000,#997,#1138,.T.);
#785=EDGE_CURVE('',#1001,#1002,#86,.F.);
#786=EDGE_CURVE('',#1002,#1003,#1139,.F.);
#787=EDGE_CURVE('',#1003,#1004,#87,.T.);
#788=EDGE_CURVE('',#1004,#1001,#1140,.T.);
#789=EDGE_CURVE('',#1005,#1006,#88,.F.);
#790=EDGE_CURVE('',#1006,#1007,#1141,.F.);
#791=EDGE_CURVE('',#1007,#1008,#89,.T.);
#792=EDGE_CURVE('',#1008,#1005,#1142,.T.);
#793=EDGE_CURVE('',#1009,#1009,#1143,.T.);
#794=EDGE_CURVE('',#1010,#1010,#1144,.T.);
#795=EDGE_CURVE('',#1011,#1012,#1145,.F.);
#796=EDGE_CURVE('',#1012,#1013,#1146,.T.);
#797=EDGE_CURVE('',#1013,#1014,#1147,.F.);
#798=EDGE_CURVE('',#1014,#1015,#90,.T.);
#799=EDGE_CURVE('',#1015,#1016,#1148,.T.);
#800=EDGE_CURVE('',#1016,#1017,#91,.T.);
#801=EDGE_CURVE('',#1017,#1018,#1149,.F.);
#802=EDGE_CURVE('',#1018,#1019,#1150,.T.);
#803=EDGE_CURVE('',#1019,#1020,#1151,.F.);
#804=EDGE_CURVE('',#1020,#1021,#92,.T.);
#805=EDGE_CURVE('',#1021,#1022,#1152,.T.);
#806=EDGE_CURVE('',#1022,#1023,#93,.T.);
#807=EDGE_CURVE('',#1023,#1024,#1153,.F.);
#808=EDGE_CURVE('',#1024,#1025,#1154,.T.);
#809=EDGE_CURVE('',#1025,#1026,#1155,.F.);
#810=EDGE_CURVE('',#1026,#1027,#94,.T.);
#811=EDGE_CURVE('',#1027,#1028,#1156,.T.);
#812=EDGE_CURVE('',#1028,#1029,#95,.T.);
#813=EDGE_CURVE('',#1029,#1030,#1157,.F.);
#814=EDGE_CURVE('',#1030,#1031,#1158,.T.);
#815=EDGE_CURVE('',#1031,#1032,#1159,.F.);
#816=EDGE_CURVE('',#1032,#1033,#96,.T.);
#817=EDGE_CURVE('',#1033,#1034,#1160,.T.);
#818=EDGE_CURVE('',#1034,#1035,#97,.T.);
#819=EDGE_CURVE('',#1035,#1036,#1161,.F.);
#820=EDGE_CURVE('',#1036,#1037,#1162,.T.);
#821=EDGE_CURVE('',#1037,#1038,#1163,.F.);
#822=EDGE_CURVE('',#1038,#1039,#98,.T.);
#823=EDGE_CURVE('',#1039,#1040,#1164,.T.);
#824=EDGE_CURVE('',#1040,#1011,#99,.T.);
#825=EDGE_CURVE('',#1041,#1041,#1165,.T.);
#826=EDGE_CURVE('',#1042,#1042,#1166,.T.);
#827=EDGE_CURVE('',#1043,#1043,#1167,.T.);
#828=EDGE_CURVE('',#1044,#1044,#1168,.T.);
#829=EDGE_CURVE('',#1045,#1045,#1169,.T.);
#830=EDGE_CURVE('',#1046,#1046,#1170,.F.);
#831=EDGE_CURVE('',#1047,#1047,#1171,.F.);
#832=EDGE_CURVE('',#1048,#1048,#1172,.F.);
#833=EDGE_CURVE('',#1049,#1049,#1173,.F.);
#834=EDGE_CURVE('',#1050,#1050,#1174,.F.);
#835=EDGE_CURVE('',#1051,#1051,#1175,.F.);
#836=EDGE_CURVE('',#1052,#1052,#1176,.F.);
#837=EDGE_CURVE('',#1053,#1053,#1177,.F.);
#838=EDGE_CURVE('',#1054,#1054,#1178,.F.);
#839=EDGE_CURVE('',#1055,#1055,#1179,.F.);
#840=EDGE_CURVE('',#1056,#1056,#1180,.F.);
#841=EDGE_CURVE('',#1057,#1057,#1181,.T.);
#842=EDGE_CURVE('',#1058,#1058,#1182,.T.);
#843=EDGE_CURVE('',#1059,#1059,#1183,.T.);
#844=EDGE_CURVE('',#1060,#1060,#1184,.T.);
#845=EDGE_CURVE('',#1061,#1061,#1185,.T.);
#846=EDGE_CURVE('',#1062,#1062,#1186,.T.);
#847=EDGE_CURVE('',#1063,#981,#100,.T.);
#848=EDGE_CURVE('',#1063,#986,#101,.F.);
#849=EDGE_CURVE('',#985,#1064,#1187,.T.);
#850=EDGE_CURVE('',#1065,#1064,#102,.T.);
#851=EDGE_CURVE('',#1065,#1066,#1188,.T.);
#852=EDGE_CURVE('',#1066,#1067,#103,.T.);
#853=EDGE_CURVE('',#1067,#1001,#1189,.T.);
#854=EDGE_CURVE('',#1004,#1068,#1190,.T.);
#855=EDGE_CURVE('',#1069,#1068,#104,.T.);
#856=EDGE_CURVE('',#1069,#1070,#1191,.T.);
#857=EDGE_CURVE('',#1070,#1071,#105,.T.);
#858=EDGE_CURVE('',#1071,#997,#1192,.T.);
#859=EDGE_CURVE('',#1000,#1072,#1193,.T.);
#860=EDGE_CURVE('',#1073,#1072,#106,.T.);
#861=EDGE_CURVE('',#1073,#1074,#1194,.T.);
#862=EDGE_CURVE('',#1074,#1075,#107,.T.);
#863=EDGE_CURVE('',#1075,#993,#1195,.T.);
#864=EDGE_CURVE('',#996,#1076,#1196,.T.);
#865=EDGE_CURVE('',#1077,#1076,#108,.T.);
#866=EDGE_CURVE('',#1077,#1078,#1197,.T.);
#867=EDGE_CURVE('',#1078,#1079,#109,.T.);
#868=EDGE_CURVE('',#1079,#1005,#1198,.T.);
#869=EDGE_CURVE('',#1008,#1080,#1199,.T.);
#870=EDGE_CURVE('',#1081,#1080,#110,.T.);
#871=EDGE_CURVE('',#1081,#1082,#1200,.T.);
#872=EDGE_CURVE('',#1082,#1083,#111,.T.);
#873=EDGE_CURVE('',#1083,#990,#1201,.T.);
#874=EDGE_CURVE('',#989,#1084,#112,.F.);
#875=EDGE_CURVE('',#1084,#982,#113,.T.);
#876=EDGE_CURVE('',#1085,#1085,#1202,.T.);
#877=EDGE_CURVE('',#1086,#1086,#1203,.T.);
#878=EDGE_CURVE('',#1087,#1087,#1204,.T.);
#879=EDGE_CURVE('',#1088,#1088,#1205,.T.);
#880=EDGE_CURVE('',#1089,#1089,#1206,.T.);
#881=EDGE_CURVE('',#1090,#1090,#1207,.T.);
#882=EDGE_CURVE('',#1091,#1091,#1208,.T.);
#883=EDGE_CURVE('',#1092,#1092,#1209,.T.);
#884=EDGE_CURVE('',#1093,#1093,#1210,.T.);
#885=EDGE_CURVE('',#1094,#1094,#1211,.T.);
#886=EDGE_CURVE('',#1095,#1095,#1212,.T.);
#887=EDGE_CURVE('',#1096,#1096,#1213,.T.);
#888=EDGE_CURVE('',#1097,#1077,#114,.T.);
#889=EDGE_CURVE('',#1097,#1098,#1214,.F.);
#890=EDGE_CURVE('',#1098,#1078,#115,.T.);
#891=EDGE_CURVE('',#1098,#1099,#116,.T.);
#892=EDGE_CURVE('',#1099,#1079,#117,.T.);
#893=EDGE_CURVE('',#1076,#1100,#118,.T.);
#894=EDGE_CURVE('',#1100,#1097,#119,.T.);
#895=EDGE_CURVE('',#1101,#1081,#120,.T.);
#896=EDGE_CURVE('',#1101,#1102,#1215,.F.);
#897=EDGE_CURVE('',#1102,#1082,#121,.T.);
#898=EDGE_CURVE('',#1102,#1103,#122,.T.);
#899=EDGE_CURVE('',#1103,#1083,#123,.T.);
#900=EDGE_CURVE('',#1080,#1104,#124,.T.);
#901=EDGE_CURVE('',#1104,#1101,#125,.T.);
#902=EDGE_CURVE('',#1105,#1065,#126,.T.);
#903=EDGE_CURVE('',#1105,#1106,#1216,.F.);
#904=EDGE_CURVE('',#1106,#1066,#127,.T.);
#905=EDGE_CURVE('',#1106,#1107,#128,.T.);
#906=EDGE_CURVE('',#1107,#1067,#129,.T.);
#907=EDGE_CURVE('',#1064,#1108,#130,.T.);
#908=EDGE_CURVE('',#1108,#1105,#131,.T.);
#909=EDGE_CURVE('',#1109,#1069,#132,.T.);
#910=EDGE_CURVE('',#1109,#1110,#1217,.F.);
#911=EDGE_CURVE('',#1110,#1070,#133,.T.);
#912=EDGE_CURVE('',#1110,#1111,#134,.T.);
#913=EDGE_CURVE('',#1111,#1071,#135,.T.);
#914=EDGE_CURVE('',#1068,#1112,#136,.T.);
#915=EDGE_CURVE('',#1112,#1109,#137,.T.);
#916=EDGE_CURVE('',#1113,#1073,#138,.T.);
#917=EDGE_CURVE('',#1113,#1114,#1218,.F.);
#918=EDGE_CURVE('',#1114,#1074,#139,.T.);
#919=EDGE_CURVE('',#1114,#1115,#140,.T.);
#920=EDGE_CURVE('',#1115,#1075,#141,.T.);
#921=EDGE_CURVE('',#1072,#1116,#142,.T.);
#922=EDGE_CURVE('',#1116,#1113,#143,.T.);
#923=EDGE_CURVE('',#995,#1100,#1219,.T.);
#924=EDGE_CURVE('',#1099,#1006,#1220,.T.);
#925=EDGE_CURVE('',#1007,#1104,#1221,.T.);
#926=EDGE_CURVE('',#1103,#991,#1222,.T.);
#927=EDGE_CURVE('',#992,#1108,#1223,.T.);
#928=EDGE_CURVE('',#1107,#1002,#1224,.T.);
#929=EDGE_CURVE('',#1003,#1112,#1225,.T.);
#930=EDGE_CURVE('',#1111,#998,#1226,.T.);
#931=EDGE_CURVE('',#999,#1116,#1227,.T.);
#932=EDGE_CURVE('',#1115,#994,#1228,.T.);
#933=EDGE_CURVE('',#1117,#1117,#1229,.T.);
#934=EDGE_CURVE('',#1118,#1118,#1230,.T.);
#935=EDGE_CURVE('',#1119,#1119,#1231,.T.);
#936=EDGE_CURVE('',#1120,#1120,#1232,.T.);
#937=EDGE_CURVE('',#1121,#1121,#1233,.T.);
#938=EDGE_CURVE('',#1122,#1122,#1234,.T.);
#939=EDGE_CURVE('',#1123,#1123,#1235,.T.);
#940=EDGE_CURVE('',#1124,#1124,#1236,.T.);
#941=EDGE_CURVE('',#1125,#1125,#1237,.T.);
#942=EDGE_CURVE('',#1126,#1126,#1238,.T.);
#943=EDGE_CURVE('',#984,#1063,#144,.T.);
#944=EDGE_CURVE('',#1084,#983,#145,.T.);
#945=EDGE_CURVE('',#983,#988,#72,.F.);
#946=EDGE_CURVE('',#984,#987,#73,.T.);
#947=EDGE_CURVE('',#1106,#1027,#146,.T.);
#948=EDGE_CURVE('',#1028,#1105,#147,.T.);
#949=EDGE_CURVE('',#1029,#1108,#148,.T.);
#950=EDGE_CURVE('',#1107,#1026,#149,.T.);
#951=EDGE_CURVE('',#1030,#992,#150,.T.);
#952=EDGE_CURVE('',#1002,#1025,#151,.T.);
#953=EDGE_CURVE('',#1031,#991,#152,.T.);
#954=EDGE_CURVE('',#1003,#1024,#153,.T.);
#955=EDGE_CURVE('',#1032,#1103,#154,.T.);
#956=EDGE_CURVE('',#1112,#1023,#155,.T.);
#957=EDGE_CURVE('',#1033,#1102,#156,.T.);
#958=EDGE_CURVE('',#1109,#1022,#157,.T.);
#959=EDGE_CURVE('',#1034,#1101,#158,.T.);
#960=EDGE_CURVE('',#1110,#1021,#159,.T.);
#961=EDGE_CURVE('',#1035,#1104,#160,.T.);
#962=EDGE_CURVE('',#1111,#1020,#161,.T.);
#963=EDGE_CURVE('',#1036,#1007,#162,.T.);
#964=EDGE_CURVE('',#998,#1019,#163,.T.);
#965=EDGE_CURVE('',#1037,#1006,#164,.T.);
#966=EDGE_CURVE('',#999,#1018,#165,.T.);
#967=EDGE_CURVE('',#1038,#1099,#166,.T.);
#968=EDGE_CURVE('',#1116,#1017,#167,.T.);
#969=EDGE_CURVE('',#1039,#1098,#168,.T.);
#970=EDGE_CURVE('',#1113,#1016,#169,.T.);
#971=EDGE_CURVE('',#1040,#1097,#170,.T.);
#972=EDGE_CURVE('',#1114,#1015,#171,.T.);
#973=EDGE_CURVE('',#1011,#1100,#172,.T.);
#974=EDGE_CURVE('',#1115,#1014,#173,.T.);
#975=EDGE_CURVE('',#1012,#995,#174,.T.);
#976=EDGE_CURVE('',#994,#1013,#175,.T.);
#977=VERTEX_POINT('',#2433);
#978=VERTEX_POINT('',#2434);
#979=VERTEX_POINT('',#2436);
#980=VERTEX_POINT('',#2438);
#981=VERTEX_POINT('',#2442);
#982=VERTEX_POINT('',#2444);
#983=VERTEX_POINT('',#2448);
#984=VERTEX_POINT('',#2487);
#985=VERTEX_POINT('',#2491);
#986=VERTEX_POINT('',#2492);
#987=VERTEX_POINT('',#2494);
#988=VERTEX_POINT('',#2504);
#989=VERTEX_POINT('',#2506);
#990=VERTEX_POINT('',#2508);
#991=VERTEX_POINT('',#2510);
#992=VERTEX_POINT('',#2512);
#993=VERTEX_POINT('',#2516);
#994=VERTEX_POINT('',#2517);
#995=VERTEX_POINT('',#2519);
#996=VERTEX_POINT('',#2521);
#997=VERTEX_POINT('',#2525);
#998=VERTEX_POINT('',#2526);
#999=VERTEX_POINT('',#2528);
#1000=VERTEX_POINT('',#2530);
#1001=VERTEX_POINT('',#2534);
#1002=VERTEX_POINT('',#2535);
#1003=VERTEX_POINT('',#2537);
#1004=VERTEX_POINT('',#2539);
#1005=VERTEX_POINT('',#2543);
#1006=VERTEX_POINT('',#2544);
#1007=VERTEX_POINT('',#2546);
#1008=VERTEX_POINT('',#2548);
#1009=VERTEX_POINT('',#2552);
#1010=VERTEX_POINT('',#2554);
#1011=VERTEX_POINT('',#2557);
#1012=VERTEX_POINT('',#2558);
#1013=VERTEX_POINT('',#2560);
#1014=VERTEX_POINT('',#2562);
#1015=VERTEX_POINT('',#2564);
#1016=VERTEX_POINT('',#2566);
#1017=VERTEX_POINT('',#2568);
#1018=VERTEX_POINT('',#2570);
#1019=VERTEX_POINT('',#2572);
#1020=VERTEX_POINT('',#2574);
#1021=VERTEX_POINT('',#2576);
#1022=VERTEX_POINT('',#2578);
#1023=VERTEX_POINT('',#2580);
#1024=VERTEX_POINT('',#2582);
#1025=VERTEX_POINT('',#2584);
#1026=VERTEX_POINT('',#2586);
#1027=VERTEX_POINT('',#2588);
#1028=VERTEX_POINT('',#2590);
#1029=VERTEX_POINT('',#2592);
#1030=VERTEX_POINT('',#2594);
#1031=VERTEX_POINT('',#2596);
#1032=VERTEX_POINT('',#2598);
#1033=VERTEX_POINT('',#2600);
#1034=VERTEX_POINT('',#2602);
#1035=VERTEX_POINT('',#2604);
#1036=VERTEX_POINT('',#2606);
#1037=VERTEX_POINT('',#2608);
#1038=VERTEX_POINT('',#2610);
#1039=VERTEX_POINT('',#2612);
#1040=VERTEX_POINT('',#2614);
#1041=VERTEX_POINT('',#2617);
#1042=VERTEX_POINT('',#2619);
#1043=VERTEX_POINT('',#2621);
#1044=VERTEX_POINT('',#2623);
#1045=VERTEX_POINT('',#2625);
#1046=VERTEX_POINT('',#2627);
#1047=VERTEX_POINT('',#2629);
#1048=VERTEX_POINT('',#2631);
#1049=VERTEX_POINT('',#2633);
#1050=VERTEX_POINT('',#2635);
#1051=VERTEX_POINT('',#2637);
#1052=VERTEX_POINT('',#2640);
#1053=VERTEX_POINT('',#2642);
#1054=VERTEX_POINT('',#2644);
#1055=VERTEX_POINT('',#2646);
#1056=VERTEX_POINT('',#2648);
#1057=VERTEX_POINT('',#2650);
#1058=VERTEX_POINT('',#2652);
#1059=VERTEX_POINT('',#2654);
#1060=VERTEX_POINT('',#2656);
#1061=VERTEX_POINT('',#2658);
#1062=VERTEX_POINT('',#2660);
#1063=VERTEX_POINT('',#2662);
#1064=VERTEX_POINT('',#2665);
#1065=VERTEX_POINT('',#2667);
#1066=VERTEX_POINT('',#2669);
#1067=VERTEX_POINT('',#2671);
#1068=VERTEX_POINT('',#2674);
#1069=VERTEX_POINT('',#2676);
#1070=VERTEX_POINT('',#2678);
#1071=VERTEX_POINT('',#2680);
#1072=VERTEX_POINT('',#2683);
#1073=VERTEX_POINT('',#2685);
#1074=VERTEX_POINT('',#2687);
#1075=VERTEX_POINT('',#2689);
#1076=VERTEX_POINT('',#2692);
#1077=VERTEX_POINT('',#2694);
#1078=VERTEX_POINT('',#2696);
#1079=VERTEX_POINT('',#2698);
#1080=VERTEX_POINT('',#2701);
#1081=VERTEX_POINT('',#2703);
#1082=VERTEX_POINT('',#2705);
#1083=VERTEX_POINT('',#2707);
#1084=VERTEX_POINT('',#2710);
#1085=VERTEX_POINT('',#2714);
#1086=VERTEX_POINT('',#2717);
#1087=VERTEX_POINT('',#2721);
#1088=VERTEX_POINT('',#2724);
#1089=VERTEX_POINT('',#2728);
#1090=VERTEX_POINT('',#2731);
#1091=VERTEX_POINT('',#2735);
#1092=VERTEX_POINT('',#2738);
#1093=VERTEX_POINT('',#2742);
#1094=VERTEX_POINT('',#2745);
#1095=VERTEX_POINT('',#2749);
#1096=VERTEX_POINT('',#2752);
#1097=VERTEX_POINT('',#2756);
#1098=VERTEX_POINT('',#2758);
#1099=VERTEX_POINT('',#2762);
#1100=VERTEX_POINT('',#2766);
#1101=VERTEX_POINT('',#2770);
#1102=VERTEX_POINT('',#2772);
#1103=VERTEX_POINT('',#2776);
#1104=VERTEX_POINT('',#2780);
#1105=VERTEX_POINT('',#2784);
#1106=VERTEX_POINT('',#2786);
#1107=VERTEX_POINT('',#2790);
#1108=VERTEX_POINT('',#2794);
#1109=VERTEX_POINT('',#2798);
#1110=VERTEX_POINT('',#2800);
#1111=VERTEX_POINT('',#2804);
#1112=VERTEX_POINT('',#2808);
#1113=VERTEX_POINT('',#2812);
#1114=VERTEX_POINT('',#2814);
#1115=VERTEX_POINT('',#2818);
#1116=VERTEX_POINT('',#2822);
#1117=VERTEX_POINT('',#2846);
#1118=VERTEX_POINT('',#2849);
#1119=VERTEX_POINT('',#2853);
#1120=VERTEX_POINT('',#2856);
#1121=VERTEX_POINT('',#2860);
#1122=VERTEX_POINT('',#2863);
#1123=VERTEX_POINT('',#2867);
#1124=VERTEX_POINT('',#2870);
#1125=VERTEX_POINT('',#2874);
#1126=VERTEX_POINT('',#2877);
#1127=CIRCLE('',#1682,0.005);
#1128=CIRCLE('',#1683,0.003);
#1129=CIRCLE('',#1684,0.005);
#1130=CIRCLE('',#1685,0.003);
#1131=CIRCLE('',#1687,0.005);
#1132=CIRCLE('',#1690,0.0408010906657715);
#1133=CIRCLE('',#1691,0.0408010906657715);
#1134=CIRCLE('',#1692,0.0408010906657715);
#1135=CIRCLE('',#1694,0.0408010906657715);
#1136=CIRCLE('',#1695,0.0408010906657715);
#1137=CIRCLE('',#1697,0.0408010906657715);
#1138=CIRCLE('',#1698,0.0408010906657715);
#1139=CIRCLE('',#1700,0.0408010906657715);
#1140=CIRCLE('',#1701,0.0408010906657715);
#1141=CIRCLE('',#1703,0.0408010906657715);
#1142=CIRCLE('',#1704,0.0408010906657715);
#1143=CIRCLE('',#1706,0.00315);
#1144=CIRCLE('',#1707,0.00315);
#1145=CIRCLE('',#1709,0.021);
#1146=CIRCLE('',#1710,0.0398010906657715);
#1147=CIRCLE('',#1711,0.021);
#1148=CIRCLE('',#1712,0.0065);
#1149=CIRCLE('',#1713,0.021);
#1150=CIRCLE('',#1714,0.0398010906657714);
#1151=CIRCLE('',#1715,0.021);
#1152=CIRCLE('',#1716,0.0065);
#1153=CIRCLE('',#1717,0.021);
#1154=CIRCLE('',#1718,0.0398010906657715);
#1155=CIRCLE('',#1719,0.021);
#1156=CIRCLE('',#1720,0.0065);
#1157=CIRCLE('',#1721,0.021);
#1158=CIRCLE('',#1722,0.0398010906657714);
#1159=CIRCLE('',#1723,0.021);
#1160=CIRCLE('',#1724,0.0065);
#1161=CIRCLE('',#1725,0.021);
#1162=CIRCLE('',#1726,0.0398010906657714);
#1163=CIRCLE('',#1727,0.021);
#1164=CIRCLE('',#1728,0.0065);
#1165=CIRCLE('',#1729,0.004125);
#1166=CIRCLE('',#1730,0.004125);
#1167=CIRCLE('',#1731,0.004125);
#1168=CIRCLE('',#1732,0.004125);
#1169=CIRCLE('',#1733,0.004125);
#1170=CIRCLE('',#1734,0.0033);
#1171=CIRCLE('',#1735,0.0033);
#1172=CIRCLE('',#1736,0.0033);
#1173=CIRCLE('',#1737,0.0033);
#1174=CIRCLE('',#1738,0.0033);
#1175=CIRCLE('',#1739,0.0033);
#1176=CIRCLE('',#1741,0.00225);
#1177=CIRCLE('',#1742,0.00225);
#1178=CIRCLE('',#1743,0.00225);
#1179=CIRCLE('',#1744,0.00225);
#1180=CIRCLE('',#1745,0.00225);
#1181=CIRCLE('',#1746,0.005625);
#1182=CIRCLE('',#1747,0.005625);
#1183=CIRCLE('',#1748,0.005625);
#1184=CIRCLE('',#1749,0.005625);
#1185=CIRCLE('',#1750,0.005625);
#1186=CIRCLE('',#1751,0.005625);
#1187=CIRCLE('',#1752,0.02);
#1188=CIRCLE('',#1753,0.0075);
#1189=CIRCLE('',#1754,0.02);
#1190=CIRCLE('',#1755,0.02);
#1191=CIRCLE('',#1756,0.0075);
#1192=CIRCLE('',#1757,0.02);
#1193=CIRCLE('',#1758,0.02);
#1194=CIRCLE('',#1759,0.0075);
#1195=CIRCLE('',#1760,0.02);
#1196=CIRCLE('',#1761,0.02);
#1197=CIRCLE('',#1762,0.0075);
#1198=CIRCLE('',#1763,0.02);
#1199=CIRCLE('',#1764,0.02);
#1200=CIRCLE('',#1765,0.0075);
#1201=CIRCLE('',#1766,0.02);
#1202=CIRCLE('',#1768,0.0033);
#1203=CIRCLE('',#1770,0.005625);
#1204=CIRCLE('',#1773,0.0033);
#1205=CIRCLE('',#1775,0.005625);
#1206=CIRCLE('',#1778,0.0033);
#1207=CIRCLE('',#1780,0.005625);
#1208=CIRCLE('',#1783,0.0033);
#1209=CIRCLE('',#1785,0.005625);
#1210=CIRCLE('',#1788,0.0033);
#1211=CIRCLE('',#1790,0.005625);
#1212=CIRCLE('',#1793,0.0033);
#1213=CIRCLE('',#1795,0.005625);
#1214=CIRCLE('',#1798,0.0075);
#1215=CIRCLE('',#1802,0.0075);
#1216=CIRCLE('',#1806,0.0075);
#1217=CIRCLE('',#1810,0.0075);
#1218=CIRCLE('',#1814,0.0075);
#1219=CIRCLE('',#1818,0.02);
#1220=CIRCLE('',#1820,0.02);
#1221=CIRCLE('',#1822,0.02);
#1222=CIRCLE('',#1824,0.02);
#1223=CIRCLE('',#1826,0.02);
#1224=CIRCLE('',#1828,0.02);
#1225=CIRCLE('',#1830,0.02);
#1226=CIRCLE('',#1832,0.02);
#1227=CIRCLE('',#1834,0.02);
#1228=CIRCLE('',#1836,0.02);
#1229=CIRCLE('',#1838,0.00225);
#1230=CIRCLE('',#1840,0.004125);
#1231=CIRCLE('',#1843,0.00225);
#1232=CIRCLE('',#1845,0.004125);
#1233=CIRCLE('',#1848,0.00225);
#1234=CIRCLE('',#1850,0.004125);
#1235=CIRCLE('',#1853,0.00225);
#1236=CIRCLE('',#1855,0.004125);
#1237=CIRCLE('',#1858,0.00225);
#1238=CIRCLE('',#1860,0.004125);
#1239=EDGE_LOOP('',(#323,#324,#325,#326));
#1240=EDGE_LOOP('',(#327,#328,#329,#330));
#1241=EDGE_LOOP('',(#331,#332,#333,#334));
#1242=EDGE_LOOP('',(#335,#336,#337,#338,#339,#340,#341,#342));
#1243=EDGE_LOOP('',(#343,#344,#345,#346));
#1244=EDGE_LOOP('',(#347,#348,#349,#350));
#1245=EDGE_LOOP('',(#351,#352,#353,#354));
#1246=EDGE_LOOP('',(#355,#356,#357,#358));
#1247=EDGE_LOOP('',(#359));
#1248=EDGE_LOOP('',(#360));
#1249=EDGE_LOOP('',(#361,#362,#363,#364,#365,#366,#367,#368,#369,#370,#371,
#372,#373,#374,#375,#376,#377,#378,#379,#380,#381,#382,#383,#384,#385,#386,
#387,#388,#389,#390));
#1250=EDGE_LOOP('',(#391));
#1251=EDGE_LOOP('',(#392));
#1252=EDGE_LOOP('',(#393));
#1253=EDGE_LOOP('',(#394));
#1254=EDGE_LOOP('',(#395));
#1255=EDGE_LOOP('',(#396));
#1256=EDGE_LOOP('',(#397));
#1257=EDGE_LOOP('',(#398));
#1258=EDGE_LOOP('',(#399));
#1259=EDGE_LOOP('',(#400));
#1260=EDGE_LOOP('',(#401));
#1261=EDGE_LOOP('',(#402));
#1262=EDGE_LOOP('',(#403));
#1263=EDGE_LOOP('',(#404));
#1264=EDGE_LOOP('',(#405));
#1265=EDGE_LOOP('',(#406));
#1266=EDGE_LOOP('',(#407));
#1267=EDGE_LOOP('',(#408));
#1268=EDGE_LOOP('',(#409));
#1269=EDGE_LOOP('',(#410));
#1270=EDGE_LOOP('',(#411));
#1271=EDGE_LOOP('',(#412));
#1272=EDGE_LOOP('',(#413));
#1273=EDGE_LOOP('',(#414,#415,#416,#417,#418,#419,#420,#421,#422,#423,#424,
#425,#426,#427,#428,#429,#430,#431,#432,#433,#434,#435,#436,#437,#438,#439,
#440,#441,#442,#443,#444,#445,#446,#447,#448,#449));
#1274=EDGE_LOOP('',(#450));
#1275=EDGE_LOOP('',(#451));
#1276=EDGE_LOOP('',(#452));
#1277=EDGE_LOOP('',(#453));
#1278=EDGE_LOOP('',(#454));
#1279=EDGE_LOOP('',(#455));
#1280=EDGE_LOOP('',(#456));
#1281=EDGE_LOOP('',(#457));
#1282=EDGE_LOOP('',(#458));
#1283=EDGE_LOOP('',(#459));
#1284=EDGE_LOOP('',(#460));
#1285=EDGE_LOOP('',(#461));
#1286=EDGE_LOOP('',(#462));
#1287=EDGE_LOOP('',(#463));
#1288=EDGE_LOOP('',(#464));
#1289=EDGE_LOOP('',(#465));
#1290=EDGE_LOOP('',(#466));
#1291=EDGE_LOOP('',(#467));
#1292=EDGE_LOOP('',(#468));
#1293=EDGE_LOOP('',(#469));
#1294=EDGE_LOOP('',(#470));
#1295=EDGE_LOOP('',(#471));
#1296=EDGE_LOOP('',(#472));
#1297=EDGE_LOOP('',(#473));
#1298=EDGE_LOOP('',(#474));
#1299=EDGE_LOOP('',(#475));
#1300=EDGE_LOOP('',(#476));
#1301=EDGE_LOOP('',(#477));
#1302=EDGE_LOOP('',(#478));
#1303=EDGE_LOOP('',(#479));
#1304=EDGE_LOOP('',(#480));
#1305=EDGE_LOOP('',(#481));
#1306=EDGE_LOOP('',(#482));
#1307=EDGE_LOOP('',(#483));
#1308=EDGE_LOOP('',(#484));
#1309=EDGE_LOOP('',(#485));
#1310=EDGE_LOOP('',(#486));
#1311=EDGE_LOOP('',(#487,#488,#489,#490));
#1312=EDGE_LOOP('',(#491,#492,#493,#494));
#1313=EDGE_LOOP('',(#495,#496,#497,#498));
#1314=EDGE_LOOP('',(#499,#500,#501,#502));
#1315=EDGE_LOOP('',(#503,#504,#505,#506));
#1316=EDGE_LOOP('',(#507,#508,#509,#510));
#1317=EDGE_LOOP('',(#511,#512,#513,#514));
#1318=EDGE_LOOP('',(#515,#516,#517,#518));
#1319=EDGE_LOOP('',(#519,#520,#521,#522));
#1320=EDGE_LOOP('',(#523,#524,#525,#526));
#1321=EDGE_LOOP('',(#527,#528,#529,#530));
#1322=EDGE_LOOP('',(#531,#532,#533,#534));
#1323=EDGE_LOOP('',(#535,#536,#537,#538));
#1324=EDGE_LOOP('',(#539,#540,#541,#542));
#1325=EDGE_LOOP('',(#543,#544,#545,#546));
#1326=EDGE_LOOP('',(#547,#548,#549,#550));
#1327=EDGE_LOOP('',(#551,#552,#553,#554));
#1328=EDGE_LOOP('',(#555,#556,#557,#558));
#1329=EDGE_LOOP('',(#559,#560,#561,#562));
#1330=EDGE_LOOP('',(#563,#564,#565,#566));
#1331=EDGE_LOOP('',(#567,#568,#569,#570));
#1332=EDGE_LOOP('',(#571,#572,#573,#574));
#1333=EDGE_LOOP('',(#575,#576,#577,#578));
#1334=EDGE_LOOP('',(#579,#580,#581,#582));
#1335=EDGE_LOOP('',(#583,#584,#585,#586));
#1336=EDGE_LOOP('',(#587));
#1337=EDGE_LOOP('',(#588));
#1338=EDGE_LOOP('',(#589));
#1339=EDGE_LOOP('',(#590));
#1340=EDGE_LOOP('',(#591));
#1341=EDGE_LOOP('',(#592));
#1342=EDGE_LOOP('',(#593));
#1343=EDGE_LOOP('',(#594));
#1344=EDGE_LOOP('',(#595));
#1345=EDGE_LOOP('',(#596));
#1346=EDGE_LOOP('',(#597));
#1347=EDGE_LOOP('',(#598));
#1348=EDGE_LOOP('',(#599));
#1349=EDGE_LOOP('',(#600));
#1350=EDGE_LOOP('',(#601));
#1351=EDGE_LOOP('',(#602));
#1352=EDGE_LOOP('',(#603));
#1353=EDGE_LOOP('',(#604));
#1354=EDGE_LOOP('',(#605));
#1355=EDGE_LOOP('',(#606));
#1356=EDGE_LOOP('',(#607));
#1357=EDGE_LOOP('',(#608));
#1358=EDGE_LOOP('',(#609));
#1359=EDGE_LOOP('',(#610));
#1360=EDGE_LOOP('',(#611));
#1361=EDGE_LOOP('',(#612));
#1362=EDGE_LOOP('',(#613));
#1363=EDGE_LOOP('',(#614));
#1364=EDGE_LOOP('',(#615));
#1365=EDGE_LOOP('',(#616));
#1366=EDGE_LOOP('',(#617,#618,#619,#620,#621));
#1367=EDGE_LOOP('',(#622,#623,#624,#625,#626));
#1368=EDGE_LOOP('',(#627,#628,#629,#630));
#1369=EDGE_LOOP('',(#631,#632,#633,#634));
#1370=EDGE_LOOP('',(#635,#636,#637,#638));
#1371=EDGE_LOOP('',(#639,#640,#641,#642));
#1372=EDGE_LOOP('',(#643,#644,#645,#646));
#1373=EDGE_LOOP('',(#647,#648,#649,#650));
#1374=EDGE_LOOP('',(#651,#652,#653,#654));
#1375=EDGE_LOOP('',(#655,#656,#657,#658));
#1376=EDGE_LOOP('',(#659,#660,#661,#662));
#1377=EDGE_LOOP('',(#663,#664,#665,#666));
#1378=EDGE_LOOP('',(#667,#668,#669,#670));
#1379=EDGE_LOOP('',(#671,#672,#673,#674));
#1380=EDGE_LOOP('',(#675,#676,#677,#678));
#1381=EDGE_LOOP('',(#679,#680,#681,#682));
#1382=EDGE_LOOP('',(#683,#684,#685,#686));
#1383=EDGE_LOOP('',(#687,#688,#689,#690));
#1384=EDGE_LOOP('',(#691,#692,#693,#694));
#1385=EDGE_LOOP('',(#695,#696,#697,#698));
#1386=EDGE_LOOP('',(#699,#700,#701,#702));
#1387=EDGE_LOOP('',(#703,#704,#705,#706));
#1388=EDGE_LOOP('',(#707,#708,#709,#710));
#1389=EDGE_LOOP('',(#711,#712,#713,#714));
#1390=EDGE_LOOP('',(#715,#716,#717,#718));
#1391=EDGE_LOOP('',(#719,#720,#721,#722));
#1392=EDGE_LOOP('',(#723,#724,#725,#726));
#1393=EDGE_LOOP('',(#727,#728,#729,#730));
#1394=EDGE_LOOP('',(#731,#732,#733,#734));
#1395=EDGE_LOOP('',(#735,#736,#737,#738));
#1396=EDGE_LOOP('',(#739,#740,#741,#742));
#1397=EDGE_LOOP('',(#743,#744,#745,#746));
#1398=EDGE_LOOP('',(#747,#748,#749,#750));
#1399=EDGE_LOOP('',(#751,#752,#753,#754));
#1400=EDGE_LOOP('',(#755,#756,#757,#758));
#1401=FACE_BOUND('',#1239,.T.);
#1402=FACE_BOUND('',#1240,.T.);
#1403=FACE_BOUND('',#1241,.T.);
#1404=FACE_BOUND('',#1242,.T.);
#1405=FACE_BOUND('',#1243,.T.);
#1406=FACE_BOUND('',#1244,.T.);
#1407=FACE_BOUND('',#1245,.T.);
#1408=FACE_BOUND('',#1246,.T.);
#1409=FACE_BOUND('',#1247,.T.);
#1410=FACE_BOUND('',#1248,.T.);
#1411=FACE_BOUND('',#1249,.T.);
#1412=FACE_BOUND('',#1250,.T.);
#1413=FACE_BOUND('',#1251,.T.);
#1414=FACE_BOUND('',#1252,.T.);
#1415=FACE_BOUND('',#1253,.T.);
#1416=FACE_BOUND('',#1254,.T.);
#1417=FACE_BOUND('',#1255,.T.);
#1418=FACE_BOUND('',#1256,.T.);
#1419=FACE_BOUND('',#1257,.T.);
#1420=FACE_BOUND('',#1258,.T.);
#1421=FACE_BOUND('',#1259,.T.);
#1422=FACE_BOUND('',#1260,.T.);
#1423=FACE_BOUND('',#1261,.T.);
#1424=FACE_BOUND('',#1262,.T.);
#1425=FACE_BOUND('',#1263,.T.);
#1426=FACE_BOUND('',#1264,.T.);
#1427=FACE_BOUND('',#1265,.T.);
#1428=FACE_BOUND('',#1266,.T.);
#1429=FACE_BOUND('',#1267,.T.);
#1430=FACE_BOUND('',#1268,.T.);
#1431=FACE_BOUND('',#1269,.T.);
#1432=FACE_BOUND('',#1270,.T.);
#1433=FACE_BOUND('',#1271,.T.);
#1434=FACE_BOUND('',#1272,.T.);
#1435=FACE_BOUND('',#1273,.T.);
#1436=FACE_BOUND('',#1274,.T.);
#1437=FACE_BOUND('',#1275,.T.);
#1438=FACE_BOUND('',#1276,.T.);
#1439=FACE_BOUND('',#1277,.T.);
#1440=FACE_BOUND('',#1278,.T.);
#1441=FACE_BOUND('',#1279,.T.);
#1442=FACE_BOUND('',#1280,.T.);
#1443=FACE_BOUND('',#1281,.T.);
#1444=FACE_BOUND('',#1282,.T.);
#1445=FACE_BOUND('',#1283,.T.);
#1446=FACE_BOUND('',#1284,.T.);
#1447=FACE_BOUND('',#1285,.T.);
#1448=FACE_BOUND('',#1286,.T.);
#1449=FACE_BOUND('',#1287,.T.);
#1450=FACE_BOUND('',#1288,.T.);
#1451=FACE_BOUND('',#1289,.T.);
#1452=FACE_BOUND('',#1290,.T.);
#1453=FACE_BOUND('',#1291,.T.);
#1454=FACE_BOUND('',#1292,.T.);
#1455=FACE_BOUND('',#1293,.T.);
#1456=FACE_BOUND('',#1294,.T.);
#1457=FACE_BOUND('',#1295,.T.);
#1458=FACE_BOUND('',#1296,.T.);
#1459=FACE_BOUND('',#1297,.T.);
#1460=FACE_BOUND('',#1298,.T.);
#1461=FACE_BOUND('',#1299,.T.);
#1462=FACE_BOUND('',#1300,.T.);
#1463=FACE_BOUND('',#1301,.T.);
#1464=FACE_BOUND('',#1302,.T.);
#1465=FACE_BOUND('',#1303,.T.);
#1466=FACE_BOUND('',#1304,.T.);
#1467=FACE_BOUND('',#1305,.T.);
#1468=FACE_BOUND('',#1306,.T.);
#1469=FACE_BOUND('',#1307,.T.);
#1470=FACE_BOUND('',#1308,.T.);
#1471=FACE_BOUND('',#1309,.T.);
#1472=FACE_BOUND('',#1310,.T.);
#1473=FACE_BOUND('',#1311,.T.);
#1474=FACE_BOUND('',#1312,.T.);
#1475=FACE_BOUND('',#1313,.T.);
#1476=FACE_BOUND('',#1314,.T.);
#1477=FACE_BOUND('',#1315,.T.);
#1478=FACE_BOUND('',#1316,.T.);
#1479=FACE_BOUND('',#1317,.T.);
#1480=FACE_BOUND('',#1318,.T.);
#1481=FACE_BOUND('',#1319,.T.);
#1482=FACE_BOUND('',#1320,.T.);
#1483=FACE_BOUND('',#1321,.T.);
#1484=FACE_BOUND('',#1322,.T.);
#1485=FACE_BOUND('',#1323,.T.);
#1486=FACE_BOUND('',#1324,.T.);
#1487=FACE_BOUND('',#1325,.T.);
#1488=FACE_BOUND('',#1326,.T.);
#1489=FACE_BOUND('',#1327,.T.);
#1490=FACE_BOUND('',#1328,.T.);
#1491=FACE_BOUND('',#1329,.T.);
#1492=FACE_BOUND('',#1330,.T.);
#1493=FACE_BOUND('',#1331,.T.);
#1494=FACE_BOUND('',#1332,.T.);
#1495=FACE_BOUND('',#1333,.T.);
#1496=FACE_BOUND('',#1334,.T.);
#1497=FACE_BOUND('',#1335,.T.);
#1498=FACE_BOUND('',#1336,.T.);
#1499=FACE_BOUND('',#1337,.T.);
#1500=FACE_BOUND('',#1338,.T.);
#1501=FACE_BOUND('',#1339,.T.);
#1502=FACE_BOUND('',#1340,.T.);
#1503=FACE_BOUND('',#1341,.T.);
#1504=FACE_BOUND('',#1342,.T.);
#1505=FACE_BOUND('',#1343,.T.);
#1506=FACE_BOUND('',#1344,.T.);
#1507=FACE_BOUND('',#1345,.T.);
#1508=FACE_BOUND('',#1346,.T.);
#1509=FACE_BOUND('',#1347,.T.);
#1510=FACE_BOUND('',#1348,.T.);
#1511=FACE_BOUND('',#1349,.T.);
#1512=FACE_BOUND('',#1350,.T.);
#1513=FACE_BOUND('',#1351,.T.);
#1514=FACE_BOUND('',#1352,.T.);
#1515=FACE_BOUND('',#1353,.T.);
#1516=FACE_BOUND('',#1354,.T.);
#1517=FACE_BOUND('',#1355,.T.);
#1518=FACE_BOUND('',#1356,.T.);
#1519=FACE_BOUND('',#1357,.T.);
#1520=FACE_BOUND('',#1358,.T.);
#1521=FACE_BOUND('',#1359,.T.);
#1522=FACE_BOUND('',#1360,.T.);
#1523=FACE_BOUND('',#1361,.T.);
#1524=FACE_BOUND('',#1362,.T.);
#1525=FACE_BOUND('',#1363,.T.);
#1526=FACE_BOUND('',#1364,.T.);
#1527=FACE_BOUND('',#1365,.T.);
#1528=FACE_BOUND('',#1366,.T.);
#1529=FACE_BOUND('',#1367,.T.);
#1530=FACE_BOUND('',#1368,.T.);
#1531=FACE_BOUND('',#1369,.T.);
#1532=FACE_BOUND('',#1370,.T.);
#1533=FACE_BOUND('',#1371,.T.);
#1534=FACE_BOUND('',#1372,.T.);
#1535=FACE_BOUND('',#1373,.T.);
#1536=FACE_BOUND('',#1374,.T.);
#1537=FACE_BOUND('',#1375,.T.);
#1538=FACE_BOUND('',#1376,.T.);
#1539=FACE_BOUND('',#1377,.T.);
#1540=FACE_BOUND('',#1378,.T.);
#1541=FACE_BOUND('',#1379,.T.);
#1542=FACE_BOUND('',#1380,.T.);
#1543=FACE_BOUND('',#1381,.T.);
#1544=FACE_BOUND('',#1382,.T.);
#1545=FACE_BOUND('',#1383,.T.);
#1546=FACE_BOUND('',#1384,.T.);
#1547=FACE_BOUND('',#1385,.T.);
#1548=FACE_BOUND('',#1386,.T.);
#1549=FACE_BOUND('',#1387,.T.);
#1550=FACE_BOUND('',#1388,.T.);
#1551=FACE_BOUND('',#1389,.T.);
#1552=FACE_BOUND('',#1390,.T.);
#1553=FACE_BOUND('',#1391,.T.);
#1554=FACE_BOUND('',#1392,.T.);
#1555=FACE_BOUND('',#1393,.T.);
#1556=FACE_BOUND('',#1394,.T.);
#1557=FACE_BOUND('',#1395,.T.);
#1558=FACE_BOUND('',#1396,.T.);
#1559=FACE_BOUND('',#1397,.T.);
#1560=FACE_BOUND('',#1398,.T.);
#1561=FACE_BOUND('',#1399,.T.);
#1562=FACE_BOUND('',#1400,.T.);
#1563=DEGENERATE_TOROIDAL_SURFACE('',#1681,0.003,0.005,.T.);
#1564=ADVANCED_FACE('',(#1401),#1563,.F.);
#1565=ADVANCED_FACE('',(#1402),#278,.F.);
#1566=ADVANCED_FACE('',(#1403),#279,.F.);
#1567=ADVANCED_FACE('',(#1404),#280,.T.);
#1568=ADVANCED_FACE('',(#1405),#281,.T.);
#1569=ADVANCED_FACE('',(#1406),#282,.T.);
#1570=ADVANCED_FACE('',(#1407),#283,.T.);
#1571=ADVANCED_FACE('',(#1408),#284,.T.);
#1572=ADVANCED_FACE('',(#1409,#1410),#285,.F.);
#1573=ADVANCED_FACE('',(#1411,#1412,#1413,#1414,#1415,#1416,#1417,#1418,
#1419,#1420,#1421,#1422,#1423),#33,.T.);
#1574=ADVANCED_FACE('',(#1424,#1425,#1426,#1427,#1428,#1429,#1430,#1431,
#1432,#1433,#1434,#1435,#1436),#34,.F.);
#1575=ADVANCED_FACE('',(#1437,#1438),#286,.F.);
#1576=ADVANCED_FACE('',(#1439,#1440),#35,.T.);
#1577=ADVANCED_FACE('',(#1441,#1442),#287,.F.);
#1578=ADVANCED_FACE('',(#1443,#1444),#288,.F.);
#1579=ADVANCED_FACE('',(#1445,#1446),#36,.T.);
#1580=ADVANCED_FACE('',(#1447,#1448),#289,.F.);
#1581=ADVANCED_FACE('',(#1449,#1450),#290,.F.);
#1582=ADVANCED_FACE('',(#1451,#1452),#37,.T.);
#1583=ADVANCED_FACE('',(#1453,#1454),#291,.F.);
#1584=ADVANCED_FACE('',(#1455,#1456),#292,.F.);
#1585=ADVANCED_FACE('',(#1457,#1458),#38,.T.);
#1586=ADVANCED_FACE('',(#1459,#1460),#293,.F.);
#1587=ADVANCED_FACE('',(#1461,#1462),#294,.F.);
#1588=ADVANCED_FACE('',(#1463,#1464),#39,.T.);
#1589=ADVANCED_FACE('',(#1465,#1466),#295,.F.);
#1590=ADVANCED_FACE('',(#1467,#1468),#296,.F.);
#1591=ADVANCED_FACE('',(#1469,#1470),#40,.T.);
#1592=ADVANCED_FACE('',(#1471,#1472),#297,.F.);
#1593=ADVANCED_FACE('',(#1473),#298,.T.);
#1594=ADVANCED_FACE('',(#1474),#41,.T.);
#1595=ADVANCED_FACE('',(#1475),#42,.F.);
#1596=ADVANCED_FACE('',(#1476),#299,.T.);
#1597=ADVANCED_FACE('',(#1477),#43,.T.);
#1598=ADVANCED_FACE('',(#1478),#44,.F.);
#1599=ADVANCED_FACE('',(#1479),#300,.T.);
#1600=ADVANCED_FACE('',(#1480),#45,.T.);
#1601=ADVANCED_FACE('',(#1481),#46,.F.);
#1602=ADVANCED_FACE('',(#1482),#301,.T.);
#1603=ADVANCED_FACE('',(#1483),#47,.T.);
#1604=ADVANCED_FACE('',(#1484),#48,.F.);
#1605=ADVANCED_FACE('',(#1485),#302,.T.);
#1606=ADVANCED_FACE('',(#1486),#49,.T.);
#1607=ADVANCED_FACE('',(#1487),#50,.F.);
#1608=ADVANCED_FACE('',(#1488),#303,.F.);
#1609=ADVANCED_FACE('',(#1489),#304,.F.);
#1610=ADVANCED_FACE('',(#1490),#305,.F.);
#1611=ADVANCED_FACE('',(#1491),#306,.F.);
#1612=ADVANCED_FACE('',(#1492),#307,.F.);
#1613=ADVANCED_FACE('',(#1493),#308,.F.);
#1614=ADVANCED_FACE('',(#1494),#309,.F.);
#1615=ADVANCED_FACE('',(#1495),#310,.F.);
#1616=ADVANCED_FACE('',(#1496),#311,.F.);
#1617=ADVANCED_FACE('',(#1497),#312,.F.);
#1618=ADVANCED_FACE('',(#1498,#1499),#313,.F.);
#1619=ADVANCED_FACE('',(#1500,#1501),#51,.T.);
#1620=ADVANCED_FACE('',(#1502,#1503),#314,.F.);
#1621=ADVANCED_FACE('',(#1504,#1505),#315,.F.);
#1622=ADVANCED_FACE('',(#1506,#1507),#52,.T.);
#1623=ADVANCED_FACE('',(#1508,#1509),#316,.F.);
#1624=ADVANCED_FACE('',(#1510,#1511),#317,.F.);
#1625=ADVANCED_FACE('',(#1512,#1513),#53,.T.);
#1626=ADVANCED_FACE('',(#1514,#1515),#318,.F.);
#1627=ADVANCED_FACE('',(#1516,#1517),#319,.F.);
#1628=ADVANCED_FACE('',(#1518,#1519),#54,.T.);
#1629=ADVANCED_FACE('',(#1520,#1521),#320,.F.);
#1630=ADVANCED_FACE('',(#1522,#1523),#321,.F.);
#1631=ADVANCED_FACE('',(#1524,#1525),#55,.T.);
#1632=ADVANCED_FACE('',(#1526,#1527),#322,.F.);
#1633=ADVANCED_FACE('',(#1528),#56,.T.);
#1634=ADVANCED_FACE('',(#1529),#57,.F.);
#1635=ADVANCED_FACE('',(#1530),#58,.F.);
#1636=ADVANCED_FACE('',(#1531),#32,.T.);
#1637=ADVANCED_FACE('',(#1532),#59,.F.);
#1638=ADVANCED_FACE('',(#1533),#12,.T.);
#1639=ADVANCED_FACE('',(#1534),#60,.T.);
#1640=ADVANCED_FACE('',(#1535),#61,.F.);
#1641=ADVANCED_FACE('',(#1536),#13,.F.);
#1642=ADVANCED_FACE('',(#1537),#14,.F.);
#1643=ADVANCED_FACE('',(#1538),#15,.T.);
#1644=ADVANCED_FACE('',(#1539),#16,.T.);
#1645=ADVANCED_FACE('',(#1540),#17,.F.);
#1646=ADVANCED_FACE('',(#1541),#18,.F.);
#1647=ADVANCED_FACE('',(#1542),#62,.F.);
#1648=ADVANCED_FACE('',(#1543),#63,.T.);
#1649=ADVANCED_FACE('',(#1544),#19,.T.);
#1650=ADVANCED_FACE('',(#1545),#20,.T.);
#1651=ADVANCED_FACE('',(#1546),#64,.T.);
#1652=ADVANCED_FACE('',(#1547),#65,.F.);
#1653=ADVANCED_FACE('',(#1548),#21,.F.);
#1654=ADVANCED_FACE('',(#1549),#22,.F.);
#1655=ADVANCED_FACE('',(#1550),#23,.T.);
#1656=ADVANCED_FACE('',(#1551),#24,.T.);
#1657=ADVANCED_FACE('',(#1552),#25,.F.);
#1658=ADVANCED_FACE('',(#1553),#26,.F.);
#1659=ADVANCED_FACE('',(#1554),#66,.F.);
#1660=ADVANCED_FACE('',(#1555),#67,.T.);
#1661=ADVANCED_FACE('',(#1556),#27,.T.);
#1662=ADVANCED_FACE('',(#1557),#28,.T.);
#1663=ADVANCED_FACE('',(#1558),#68,.T.);
#1664=ADVANCED_FACE('',(#1559),#69,.F.);
#1665=ADVANCED_FACE('',(#1560),#29,.F.);
#1666=ADVANCED_FACE('',(#1561),#30,.F.);
#1667=ADVANCED_FACE('',(#1562),#31,.T.);
#1668=CLOSED_SHELL('',(#1564,#1565,#1566,#1567,#1568,#1569,#1570,#1571,
#1572,#1573,#1574,#1575,#1576,#1577,#1578,#1579,#1580,#1581,#1582,#1583,
#1584,#1585,#1586,#1587,#1588,#1589,#1590,#1591,#1592,#1593,#1594,#1595,
#1596,#1597,#1598,#1599,#1600,#1601,#1602,#1603,#1604,#1605,#1606,#1607,
#1608,#1609,#1610,#1611,#1612,#1613,#1614,#1615,#1616,#1617,#1618,#1619,
#1620,#1621,#1622,#1623,#1624,#1625,#1626,#1627,#1628,#1629,#1630,#1631,
#1632,#1633,#1634,#1635,#1636,#1637,#1638,#1639,#1640,#1641,#1642,#1643,
#1644,#1645,#1646,#1647,#1648,#1649,#1650,#1651,#1652,#1653,#1654,#1655,
#1656,#1657,#1658,#1659,#1660,#1661,#1662,#1663,#1664,#1665,#1666,#1667));
#1669=STYLED_ITEM('',(#1670),#1677);
#1670=PRESENTATION_STYLE_ASSIGNMENT((#1671));
#1671=SURFACE_STYLE_USAGE(.BOTH.,#1672);
#1672=SURFACE_SIDE_STYLE('',(#1673));
#1673=SURFACE_STYLE_FILL_AREA(#1674);
#1674=FILL_AREA_STYLE('',(#1675));
#1675=FILL_AREA_STYLE_COLOUR('',#1676);
#1676=COLOUR_RGB('',0.529411764705882,0.568627450980392,0.6);
#1677=MANIFOLD_SOLID_BREP('Part 2',#1668);
#1678=SHAPE_DEFINITION_REPRESENTATION(#2983,#1679);
#1679=SHAPE_REPRESENTATION('Part 2',(#1680),#2978);
#1680=AXIS2_PLACEMENT_3D('',#2430,#1896,#1897);
#1681=AXIS2_PLACEMENT_3D('',#2431,#1898,#1899);
#1682=AXIS2_PLACEMENT_3D('',#2432,#1900,#1901);
#1683=AXIS2_PLACEMENT_3D('',#2435,#1902,#1903);
#1684=AXIS2_PLACEMENT_3D('',#2437,#1904,#1905);
#1685=AXIS2_PLACEMENT_3D('',#2439,#1906,#1907);
#1686=AXIS2_PLACEMENT_3D('',#2440,#1908,#1909);
#1687=AXIS2_PLACEMENT_3D('',#2443,#1911,#1912);
#1688=AXIS2_PLACEMENT_3D('',#2446,#1914,#1915);
#1689=AXIS2_PLACEMENT_3D('',#2489,#1918,#1919);
#1690=AXIS2_PLACEMENT_3D('',#2490,#1920,#1921);
#1691=AXIS2_PLACEMENT_3D('',#2507,#1924,#1925);
#1692=AXIS2_PLACEMENT_3D('',#2511,#1927,#1928);
#1693=AXIS2_PLACEMENT_3D('',#2514,#1930,#1931);
#1694=AXIS2_PLACEMENT_3D('',#2518,#1933,#1934);
#1695=AXIS2_PLACEMENT_3D('',#2522,#1936,#1937);
#1696=AXIS2_PLACEMENT_3D('',#2523,#1938,#1939);
#1697=AXIS2_PLACEMENT_3D('',#2527,#1941,#1942);
#1698=AXIS2_PLACEMENT_3D('',#2531,#1944,#1945);
#1699=AXIS2_PLACEMENT_3D('',#2532,#1946,#1947);
#1700=AXIS2_PLACEMENT_3D('',#2536,#1949,#1950);
#1701=AXIS2_PLACEMENT_3D('',#2540,#1952,#1953);
#1702=AXIS2_PLACEMENT_3D('',#2541,#1954,#1955);
#1703=AXIS2_PLACEMENT_3D('',#2545,#1957,#1958);
#1704=AXIS2_PLACEMENT_3D('',#2549,#1960,#1961);
#1705=AXIS2_PLACEMENT_3D('',#2550,#1962,#1963);
#1706=AXIS2_PLACEMENT_3D('',#2551,#1964,#1965);
#1707=AXIS2_PLACEMENT_3D('',#2553,#1966,#1967);
#1708=AXIS2_PLACEMENT_3D('',#2555,#1968,#1969);
#1709=AXIS2_PLACEMENT_3D('',#2556,#1970,#1971);
#1710=AXIS2_PLACEMENT_3D('',#2559,#1972,#1973);
#1711=AXIS2_PLACEMENT_3D('',#2561,#1974,#1975);
#1712=AXIS2_PLACEMENT_3D('',#2565,#1977,#1978);
#1713=AXIS2_PLACEMENT_3D('',#2569,#1980,#1981);
#1714=AXIS2_PLACEMENT_3D('',#2571,#1982,#1983);
#1715=AXIS2_PLACEMENT_3D('',#2573,#1984,#1985);
#1716=AXIS2_PLACEMENT_3D('',#2577,#1987,#1988);
#1717=AXIS2_PLACEMENT_3D('',#2581,#1990,#1991);
#1718=AXIS2_PLACEMENT_3D('',#2583,#1992,#1993);
#1719=AXIS2_PLACEMENT_3D('',#2585,#1994,#1995);
#1720=AXIS2_PLACEMENT_3D('',#2589,#1997,#1998);
#1721=AXIS2_PLACEMENT_3D('',#2593,#2000,#2001);
#1722=AXIS2_PLACEMENT_3D('',#2595,#2002,#2003);
#1723=AXIS2_PLACEMENT_3D('',#2597,#2004,#2005);
#1724=AXIS2_PLACEMENT_3D('',#2601,#2007,#2008);
#1725=AXIS2_PLACEMENT_3D('',#2605,#2010,#2011);
#1726=AXIS2_PLACEMENT_3D('',#2607,#2012,#2013);
#1727=AXIS2_PLACEMENT_3D('',#2609,#2014,#2015);
#1728=AXIS2_PLACEMENT_3D('',#2613,#2017,#2018);
#1729=AXIS2_PLACEMENT_3D('',#2616,#2020,#2021);
#1730=AXIS2_PLACEMENT_3D('',#2618,#2022,#2023);
#1731=AXIS2_PLACEMENT_3D('',#2620,#2024,#2025);
#1732=AXIS2_PLACEMENT_3D('',#2622,#2026,#2027);
#1733=AXIS2_PLACEMENT_3D('',#2624,#2028,#2029);
#1734=AXIS2_PLACEMENT_3D('',#2626,#2030,#2031);
#1735=AXIS2_PLACEMENT_3D('',#2628,#2032,#2033);
#1736=AXIS2_PLACEMENT_3D('',#2630,#2034,#2035);
#1737=AXIS2_PLACEMENT_3D('',#2632,#2036,#2037);
#1738=AXIS2_PLACEMENT_3D('',#2634,#2038,#2039);
#1739=AXIS2_PLACEMENT_3D('',#2636,#2040,#2041);
#1740=AXIS2_PLACEMENT_3D('',#2638,#2042,#2043);
#1741=AXIS2_PLACEMENT_3D('',#2639,#2044,#2045);
#1742=AXIS2_PLACEMENT_3D('',#2641,#2046,#2047);
#1743=AXIS2_PLACEMENT_3D('',#2643,#2048,#2049);
#1744=AXIS2_PLACEMENT_3D('',#2645,#2050,#2051);
#1745=AXIS2_PLACEMENT_3D('',#2647,#2052,#2053);
#1746=AXIS2_PLACEMENT_3D('',#2649,#2054,#2055);
#1747=AXIS2_PLACEMENT_3D('',#2651,#2056,#2057);
#1748=AXIS2_PLACEMENT_3D('',#2653,#2058,#2059);
#1749=AXIS2_PLACEMENT_3D('',#2655,#2060,#2061);
#1750=AXIS2_PLACEMENT_3D('',#2657,#2062,#2063);
#1751=AXIS2_PLACEMENT_3D('',#2659,#2064,#2065);
#1752=AXIS2_PLACEMENT_3D('',#2664,#2068,#2069);
#1753=AXIS2_PLACEMENT_3D('',#2668,#2071,#2072);
#1754=AXIS2_PLACEMENT_3D('',#2672,#2074,#2075);
#1755=AXIS2_PLACEMENT_3D('',#2673,#2076,#2077);
#1756=AXIS2_PLACEMENT_3D('',#2677,#2079,#2080);
#1757=AXIS2_PLACEMENT_3D('',#2681,#2082,#2083);
#1758=AXIS2_PLACEMENT_3D('',#2682,#2084,#2085);
#1759=AXIS2_PLACEMENT_3D('',#2686,#2087,#2088);
#1760=AXIS2_PLACEMENT_3D('',#2690,#2090,#2091);
#1761=AXIS2_PLACEMENT_3D('',#2691,#2092,#2093);
#1762=AXIS2_PLACEMENT_3D('',#2695,#2095,#2096);
#1763=AXIS2_PLACEMENT_3D('',#2699,#2098,#2099);
#1764=AXIS2_PLACEMENT_3D('',#2700,#2100,#2101);
#1765=AXIS2_PLACEMENT_3D('',#2704,#2103,#2104);
#1766=AXIS2_PLACEMENT_3D('',#2708,#2106,#2107);
#1767=AXIS2_PLACEMENT_3D('',#2712,#2110,#2111);
#1768=AXIS2_PLACEMENT_3D('',#2713,#2112,#2113);
#1769=AXIS2_PLACEMENT_3D('',#2715,#2114,#2115);
#1770=AXIS2_PLACEMENT_3D('',#2716,#2116,#2117);
#1771=AXIS2_PLACEMENT_3D('',#2718,#2118,#2119);
#1772=AXIS2_PLACEMENT_3D('',#2719,#2120,#2121);
#1773=AXIS2_PLACEMENT_3D('',#2720,#2122,#2123);
#1774=AXIS2_PLACEMENT_3D('',#2722,#2124,#2125);
#1775=AXIS2_PLACEMENT_3D('',#2723,#2126,#2127);
#1776=AXIS2_PLACEMENT_3D('',#2725,#2128,#2129);
#1777=AXIS2_PLACEMENT_3D('',#2726,#2130,#2131);
#1778=AXIS2_PLACEMENT_3D('',#2727,#2132,#2133);
#1779=AXIS2_PLACEMENT_3D('',#2729,#2134,#2135);
#1780=AXIS2_PLACEMENT_3D('',#2730,#2136,#2137);
#1781=AXIS2_PLACEMENT_3D('',#2732,#2138,#2139);
#1782=AXIS2_PLACEMENT_3D('',#2733,#2140,#2141);
#1783=AXIS2_PLACEMENT_3D('',#2734,#2142,#2143);
#1784=AXIS2_PLACEMENT_3D('',#2736,#2144,#2145);
#1785=AXIS2_PLACEMENT_3D('',#2737,#2146,#2147);
#1786=AXIS2_PLACEMENT_3D('',#2739,#2148,#2149);
#1787=AXIS2_PLACEMENT_3D('',#2740,#2150,#2151);
#1788=AXIS2_PLACEMENT_3D('',#2741,#2152,#2153);
#1789=AXIS2_PLACEMENT_3D('',#2743,#2154,#2155);
#1790=AXIS2_PLACEMENT_3D('',#2744,#2156,#2157);
#1791=AXIS2_PLACEMENT_3D('',#2746,#2158,#2159);
#1792=AXIS2_PLACEMENT_3D('',#2747,#2160,#2161);
#1793=AXIS2_PLACEMENT_3D('',#2748,#2162,#2163);
#1794=AXIS2_PLACEMENT_3D('',#2750,#2164,#2165);
#1795=AXIS2_PLACEMENT_3D('',#2751,#2166,#2167);
#1796=AXIS2_PLACEMENT_3D('',#2753,#2168,#2169);
#1797=AXIS2_PLACEMENT_3D('',#2754,#2170,#2171);
#1798=AXIS2_PLACEMENT_3D('',#2757,#2173,#2174);
#1799=AXIS2_PLACEMENT_3D('',#2760,#2176,#2177);
#1800=AXIS2_PLACEMENT_3D('',#2764,#2180,#2181);
#1801=AXIS2_PLACEMENT_3D('',#2768,#2184,#2185);
#1802=AXIS2_PLACEMENT_3D('',#2771,#2187,#2188);
#1803=AXIS2_PLACEMENT_3D('',#2774,#2190,#2191);
#1804=AXIS2_PLACEMENT_3D('',#2778,#2194,#2195);
#1805=AXIS2_PLACEMENT_3D('',#2782,#2198,#2199);
#1806=AXIS2_PLACEMENT_3D('',#2785,#2201,#2202);
#1807=AXIS2_PLACEMENT_3D('',#2788,#2204,#2205);
#1808=AXIS2_PLACEMENT_3D('',#2792,#2208,#2209);
#1809=AXIS2_PLACEMENT_3D('',#2796,#2212,#2213);
#1810=AXIS2_PLACEMENT_3D('',#2799,#2215,#2216);
#1811=AXIS2_PLACEMENT_3D('',#2802,#2218,#2219);
#1812=AXIS2_PLACEMENT_3D('',#2806,#2222,#2223);
#1813=AXIS2_PLACEMENT_3D('',#2810,#2226,#2227);
#1814=AXIS2_PLACEMENT_3D('',#2813,#2229,#2230);
#1815=AXIS2_PLACEMENT_3D('',#2816,#2232,#2233);
#1816=AXIS2_PLACEMENT_3D('',#2820,#2236,#2237);
#1817=AXIS2_PLACEMENT_3D('',#2824,#2240,#2241);
#1818=AXIS2_PLACEMENT_3D('',#2825,#2242,#2243);
#1819=AXIS2_PLACEMENT_3D('',#2826,#2244,#2245);
#1820=AXIS2_PLACEMENT_3D('',#2827,#2246,#2247);
#1821=AXIS2_PLACEMENT_3D('',#2828,#2248,#2249);
#1822=AXIS2_PLACEMENT_3D('',#2829,#2250,#2251);
#1823=AXIS2_PLACEMENT_3D('',#2830,#2252,#2253);
#1824=AXIS2_PLACEMENT_3D('',#2831,#2254,#2255);
#1825=AXIS2_PLACEMENT_3D('',#2832,#2256,#2257);
#1826=AXIS2_PLACEMENT_3D('',#2833,#2258,#2259);
#1827=AXIS2_PLACEMENT_3D('',#2834,#2260,#2261);
#1828=AXIS2_PLACEMENT_3D('',#2835,#2262,#2263);
#1829=AXIS2_PLACEMENT_3D('',#2836,#2264,#2265);
#1830=AXIS2_PLACEMENT_3D('',#2837,#2266,#2267);
#1831=AXIS2_PLACEMENT_3D('',#2838,#2268,#2269);
#1832=AXIS2_PLACEMENT_3D('',#2839,#2270,#2271);
#1833=AXIS2_PLACEMENT_3D('',#2840,#2272,#2273);
#1834=AXIS2_PLACEMENT_3D('',#2841,#2274,#2275);
#1835=AXIS2_PLACEMENT_3D('',#2842,#2276,#2277);
#1836=AXIS2_PLACEMENT_3D('',#2843,#2278,#2279);
#1837=AXIS2_PLACEMENT_3D('',#2844,#2280,#2281);
#1838=AXIS2_PLACEMENT_3D('',#2845,#2282,#2283);
#1839=AXIS2_PLACEMENT_3D('',#2847,#2284,#2285);
#1840=AXIS2_PLACEMENT_3D('',#2848,#2286,#2287);
#1841=AXIS2_PLACEMENT_3D('',#2850,#2288,#2289);
#1842=AXIS2_PLACEMENT_3D('',#2851,#2290,#2291);
#1843=AXIS2_PLACEMENT_3D('',#2852,#2292,#2293);
#1844=AXIS2_PLACEMENT_3D('',#2854,#2294,#2295);
#1845=AXIS2_PLACEMENT_3D('',#2855,#2296,#2297);
#1846=AXIS2_PLACEMENT_3D('',#2857,#2298,#2299);
#1847=AXIS2_PLACEMENT_3D('',#2858,#2300,#2301);
#1848=AXIS2_PLACEMENT_3D('',#2859,#2302,#2303);
#1849=AXIS2_PLACEMENT_3D('',#2861,#2304,#2305);
#1850=AXIS2_PLACEMENT_3D('',#2862,#2306,#2307);
#1851=AXIS2_PLACEMENT_3D('',#2864,#2308,#2309);
#1852=AXIS2_PLACEMENT_3D('',#2865,#2310,#2311);
#1853=AXIS2_PLACEMENT_3D('',#2866,#2312,#2313);
#1854=AXIS2_PLACEMENT_3D('',#2868,#2314,#2315);
#1855=AXIS2_PLACEMENT_3D('',#2869,#2316,#2317);
#1856=AXIS2_PLACEMENT_3D('',#2871,#2318,#2319);
#1857=AXIS2_PLACEMENT_3D('',#2872,#2320,#2321);
#1858=AXIS2_PLACEMENT_3D('',#2873,#2322,#2323);
#1859=AXIS2_PLACEMENT_3D('',#2875,#2324,#2325);
#1860=AXIS2_PLACEMENT_3D('',#2876,#2326,#2327);
#1861=AXIS2_PLACEMENT_3D('',#2878,#2328,#2329);
#1862=AXIS2_PLACEMENT_3D('',#2879,#2330,#2331);
#1863=AXIS2_PLACEMENT_3D('',#2881,#2333,#2334);
#1864=AXIS2_PLACEMENT_3D('',#2883,#2336,#2337);
#1865=AXIS2_PLACEMENT_3D('',#2916,#2338,#2339);
#1866=AXIS2_PLACEMENT_3D('',#2917,#2340,#2341);
#1867=AXIS2_PLACEMENT_3D('',#2920,#2344,#2345);
#1868=AXIS2_PLACEMENT_3D('',#2922,#2347,#2348);
#1869=AXIS2_PLACEMENT_3D('',#2924,#2350,#2351);
#1870=AXIS2_PLACEMENT_3D('',#2926,#2353,#2354);
#1871=AXIS2_PLACEMENT_3D('',#2928,#2356,#2357);
#1872=AXIS2_PLACEMENT_3D('',#2930,#2359,#2360);
#1873=AXIS2_PLACEMENT_3D('',#2932,#2362,#2363);
#1874=AXIS2_PLACEMENT_3D('',#2934,#2365,#2366);
#1875=AXIS2_PLACEMENT_3D('',#2936,#2368,#2369);
#1876=AXIS2_PLACEMENT_3D('',#2938,#2371,#2372);
#1877=AXIS2_PLACEMENT_3D('',#2940,#2374,#2375);
#1878=AXIS2_PLACEMENT_3D('',#2942,#2377,#2378);
#1879=AXIS2_PLACEMENT_3D('',#2944,#2380,#2381);
#1880=AXIS2_PLACEMENT_3D('',#2946,#2383,#2384);
#1881=AXIS2_PLACEMENT_3D('',#2948,#2386,#2387);
#1882=AXIS2_PLACEMENT_3D('',#2950,#2389,#2390);
#1883=AXIS2_PLACEMENT_3D('',#2952,#2392,#2393);
#1884=AXIS2_PLACEMENT_3D('',#2954,#2395,#2396);
#1885=AXIS2_PLACEMENT_3D('',#2956,#2398,#2399);
#1886=AXIS2_PLACEMENT_3D('',#2958,#2401,#2402);
#1887=AXIS2_PLACEMENT_3D('',#2960,#2404,#2405);
#1888=AXIS2_PLACEMENT_3D('',#2962,#2407,#2408);
#1889=AXIS2_PLACEMENT_3D('',#2964,#2410,#2411);
#1890=AXIS2_PLACEMENT_3D('',#2966,#2413,#2414);
#1891=AXIS2_PLACEMENT_3D('',#2968,#2416,#2417);
#1892=AXIS2_PLACEMENT_3D('',#2970,#2419,#2420);
#1893=AXIS2_PLACEMENT_3D('',#2972,#2422,#2423);
#1894=AXIS2_PLACEMENT_3D('',#2974,#2425,#2426);
#1895=AXIS2_PLACEMENT_3D('',#2976,#2428,#2429);
#1896=DIRECTION('',(0.,0.,1.));
#1897=DIRECTION('',(1.,0.,0.));
#1898=DIRECTION('',(0.,-1.,0.));
#1899=DIRECTION('',(0.,0.,-1.));
#1900=DIRECTION('',(-1.,0.,0.));
#1901=DIRECTION('',(0.,0.,1.));
#1902=DIRECTION('',(0.,-1.,0.));
#1903=DIRECTION('',(0.,0.,-1.));
#1904=DIRECTION('',(0.,0.,1.));
#1905=DIRECTION('',(1.,0.,0.));
#1906=DIRECTION('',(0.,-1.,0.));
#1907=DIRECTION('',(0.,0.,-1.));
#1908=DIRECTION('',(0.,0.,-1.));
#1909=DIRECTION('',(-1.,0.,0.));
#1910=DIRECTION('',(0.,0.,-1.));
#1911=DIRECTION('',(0.,0.,-1.));
#1912=DIRECTION('',(-1.,0.,0.));
#1913=DIRECTION('',(0.,0.,1.));
#1914=DIRECTION('',(1.,0.,0.));
#1915=DIRECTION('',(0.,0.,-1.));
#1916=DIRECTION('',(1.,0.,0.));
#1917=DIRECTION('',(-1.,0.,0.));
#1918=DIRECTION('',(0.,0.,1.));
#1919=DIRECTION('',(1.,0.,0.));
#1920=DIRECTION('',(0.,0.,-1.));
#1921=DIRECTION('',(-1.,0.,0.));
#1922=DIRECTION('',(0.,0.,1.));
#1923=DIRECTION('',(0.,0.,1.));
#1924=DIRECTION('',(0.,0.,-1.));
#1925=DIRECTION('',(-1.,0.,0.));
#1926=DIRECTION('',(0.,0.,1.));
#1927=DIRECTION('',(0.,0.,-1.));
#1928=DIRECTION('',(-1.,0.,0.));
#1929=DIRECTION('',(0.,0.,1.));
#1930=DIRECTION('',(0.,0.,1.));
#1931=DIRECTION('',(1.,0.,0.));
#1932=DIRECTION('',(0.,0.,1.));
#1933=DIRECTION('',(0.,0.,-1.));
#1934=DIRECTION('',(-1.,0.,0.));
#1935=DIRECTION('',(0.,0.,1.));
#1936=DIRECTION('',(0.,0.,-1.));
#1937=DIRECTION('',(-1.,0.,0.));
#1938=DIRECTION('',(0.,0.,1.));
#1939=DIRECTION('',(1.,0.,0.));
#1940=DIRECTION('',(0.,0.,1.));
#1941=DIRECTION('',(0.,0.,-1.));
#1942=DIRECTION('',(-1.,0.,0.));
#1943=DIRECTION('',(0.,0.,1.));
#1944=DIRECTION('',(0.,0.,-1.));
#1945=DIRECTION('',(-1.,0.,0.));
#1946=DIRECTION('',(0.,0.,1.));
#1947=DIRECTION('',(1.,0.,0.));
#1948=DIRECTION('',(0.,0.,1.));
#1949=DIRECTION('',(0.,0.,-1.));
#1950=DIRECTION('',(-1.,0.,0.));
#1951=DIRECTION('',(0.,0.,1.));
#1952=DIRECTION('',(0.,0.,-1.));
#1953=DIRECTION('',(-1.,0.,0.));
#1954=DIRECTION('',(0.,0.,1.));
#1955=DIRECTION('',(1.,0.,0.));
#1956=DIRECTION('',(0.,0.,1.));
#1957=DIRECTION('',(0.,0.,-1.));
#1958=DIRECTION('',(-1.,0.,0.));
#1959=DIRECTION('',(0.,0.,1.));
#1960=DIRECTION('',(0.,0.,-1.));
#1961=DIRECTION('',(-1.,0.,0.));
#1962=DIRECTION('',(0.,0.,1.));
#1963=DIRECTION('',(1.,0.,0.));
#1964=DIRECTION('',(0.,0.,-1.));
#1965=DIRECTION('',(-1.,0.,0.));
#1966=DIRECTION('',(0.,0.,-1.));
#1967=DIRECTION('',(-1.,0.,0.));
#1968=DIRECTION('',(0.,0.,-1.));
#1969=DIRECTION('',(1.,0.,0.));
#1970=DIRECTION('',(0.,0.,-1.));
#1971=DIRECTION('',(-1.,0.,0.));
#1972=DIRECTION('',(0.,0.,-1.));
#1973=DIRECTION('',(-1.,0.,0.));
#1974=DIRECTION('',(0.,0.,-1.));
#1975=DIRECTION('',(-1.,0.,0.));
#1976=DIRECTION('',(-1.,0.,0.));
#1977=DIRECTION('',(0.,0.,-1.));
#1978=DIRECTION('',(-1.,0.,0.));
#1979=DIRECTION('',(1.,0.,0.));
#1980=DIRECTION('',(0.,0.,-1.));
#1981=DIRECTION('',(-1.,0.,0.));
#1982=DIRECTION('',(0.,0.,-1.));
#1983=DIRECTION('',(-1.,0.,0.));
#1984=DIRECTION('',(0.,0.,-1.));
#1985=DIRECTION('',(-1.,0.,0.));
#1986=DIRECTION('',(-0.309016994374948,0.951056516295154,0.));
#1987=DIRECTION('',(0.,0.,-1.));
#1988=DIRECTION('',(-1.,0.,0.));
#1989=DIRECTION('',(0.309016994374948,-0.951056516295154,0.));
#1990=DIRECTION('',(0.,0.,-1.));
#1991=DIRECTION('',(-1.,0.,0.));
#1992=DIRECTION('',(0.,0.,-1.));
#1993=DIRECTION('',(-1.,0.,0.));
#1994=DIRECTION('',(0.,0.,-1.));
#1995=DIRECTION('',(-1.,0.,0.));
#1996=DIRECTION('',(0.809016994374947,0.587785252292473,0.));
#1997=DIRECTION('',(0.,0.,-1.));
#1998=DIRECTION('',(-1.,0.,0.));
#1999=DIRECTION('',(-0.809016994374947,-0.587785252292473,0.));
#2000=DIRECTION('',(0.,0.,-1.));
#2001=DIRECTION('',(-1.,0.,0.));
#2002=DIRECTION('',(0.,0.,-1.));
#2003=DIRECTION('',(-1.,0.,0.));
#2004=DIRECTION('',(0.,0.,-1.));
#2005=DIRECTION('',(-1.,0.,0.));
#2006=DIRECTION('',(0.809016994374948,-0.587785252292473,0.));
#2007=DIRECTION('',(0.,0.,-1.));
#2008=DIRECTION('',(-1.,0.,0.));
#2009=DIRECTION('',(-0.809016994374948,0.587785252292473,0.));
#2010=DIRECTION('',(0.,0.,-1.));
#2011=DIRECTION('',(-1.,0.,0.));
#2012=DIRECTION('',(0.,0.,-1.));
#2013=DIRECTION('',(-1.,0.,0.));
#2014=DIRECTION('',(0.,0.,-1.));
#2015=DIRECTION('',(-1.,0.,0.));
#2016=DIRECTION('',(-0.309016994374948,-0.951056516295154,0.));
#2017=DIRECTION('',(0.,0.,-1.));
#2018=DIRECTION('',(-1.,0.,0.));
#2019=DIRECTION('',(0.309016994374948,0.951056516295154,0.));
#2020=DIRECTION('',(0.,0.,1.));
#2021=DIRECTION('',(1.,0.,0.));
#2022=DIRECTION('',(0.,0.,1.));
#2023=DIRECTION('',(1.,0.,0.));
#2024=DIRECTION('',(0.,0.,1.));
#2025=DIRECTION('',(1.,0.,0.));
#2026=DIRECTION('',(0.,0.,1.));
#2027=DIRECTION('',(1.,0.,0.));
#2028=DIRECTION('',(0.,0.,1.));
#2029=DIRECTION('',(1.,0.,0.));
#2030=DIRECTION('',(0.,0.,-1.));
#2031=DIRECTION('',(-1.,0.,0.));
#2032=DIRECTION('',(0.,0.,-1.));
#2033=DIRECTION('',(-1.,0.,0.));
#2034=DIRECTION('',(0.,0.,-1.));
#2035=DIRECTION('',(-1.,0.,0.));
#2036=DIRECTION('',(0.,0.,-1.));
#2037=DIRECTION('',(-1.,0.,0.));
#2038=DIRECTION('',(0.,0.,-1.));
#2039=DIRECTION('',(-1.,0.,0.));
#2040=DIRECTION('',(0.,0.,-1.));
#2041=DIRECTION('',(-1.,0.,0.));
#2042=DIRECTION('',(0.,0.,-1.));
#2043=DIRECTION('',(1.,0.,0.));
#2044=DIRECTION('',(0.,0.,-1.));
#2045=DIRECTION('',(-1.,0.,0.));
#2046=DIRECTION('',(0.,0.,-1.));
#2047=DIRECTION('',(-1.,0.,0.));
#2048=DIRECTION('',(0.,0.,-1.));
#2049=DIRECTION('',(-1.,0.,0.));
#2050=DIRECTION('',(0.,0.,-1.));
#2051=DIRECTION('',(-1.,0.,0.));
#2052=DIRECTION('',(0.,0.,-1.));
#2053=DIRECTION('',(-1.,0.,0.));
#2054=DIRECTION('',(0.,0.,-1.));
#2055=DIRECTION('',(-1.,0.,0.));
#2056=DIRECTION('',(0.,0.,-1.));
#2057=DIRECTION('',(-1.,0.,0.));
#2058=DIRECTION('',(0.,0.,-1.));
#2059=DIRECTION('',(-1.,0.,0.));
#2060=DIRECTION('',(0.,0.,-1.));
#2061=DIRECTION('',(-1.,0.,0.));
#2062=DIRECTION('',(0.,0.,-1.));
#2063=DIRECTION('',(-1.,0.,0.));
#2064=DIRECTION('',(0.,0.,-1.));
#2065=DIRECTION('',(-1.,0.,0.));
#2066=DIRECTION('',(-1.,0.,0.));
#2067=DIRECTION('',(-0.65163270415212,-0.758534652391963,0.));
#2068=DIRECTION('',(0.,0.,-1.));
#2069=DIRECTION('',(-1.,0.,0.));
#2070=DIRECTION('',(-0.809016994374947,-0.587785252292473,0.));
#2071=DIRECTION('',(0.,0.,1.));
#2072=DIRECTION('',(-0.809016994374947,-0.587785252292473,0.));
#2073=DIRECTION('',(-0.809016994374947,-0.587785252292473,0.));
#2074=DIRECTION('',(0.,0.,-1.));
#2075=DIRECTION('',(-1.,0.,0.));
#2076=DIRECTION('',(0.,0.,-1.));
#2077=DIRECTION('',(-1.,0.,0.));
#2078=DIRECTION('',(0.309016994374948,-0.951056516295154,0.));
#2079=DIRECTION('',(0.,0.,1.));
#2080=DIRECTION('',(0.309016994374948,-0.951056516295154,0.));
#2081=DIRECTION('',(0.309016994374948,-0.951056516295154,0.));
#2082=DIRECTION('',(0.,0.,-1.));
#2083=DIRECTION('',(-1.,0.,0.));
#2084=DIRECTION('',(0.,0.,-1.));
#2085=DIRECTION('',(-1.,0.,0.));
#2086=DIRECTION('',(1.,0.,0.));
#2087=DIRECTION('',(0.,0.,1.));
#2088=DIRECTION('',(1.,0.,0.));
#2089=DIRECTION('',(1.,0.,0.));
#2090=DIRECTION('',(0.,0.,-1.));
#2091=DIRECTION('',(-1.,0.,0.));
#2092=DIRECTION('',(0.,0.,-1.));
#2093=DIRECTION('',(-1.,0.,0.));
#2094=DIRECTION('',(0.309016994374948,0.951056516295154,0.));
#2095=DIRECTION('',(0.,0.,1.));
#2096=DIRECTION('',(0.309016994374948,0.951056516295154,0.));
#2097=DIRECTION('',(0.309016994374948,0.951056516295154,0.));
#2098=DIRECTION('',(0.,0.,-1.));
#2099=DIRECTION('',(-1.,0.,0.));
#2100=DIRECTION('',(0.,0.,-1.));
#2101=DIRECTION('',(-1.,0.,0.));
#2102=DIRECTION('',(-0.809016994374948,0.587785252292473,0.));
#2103=DIRECTION('',(0.,0.,1.));
#2104=DIRECTION('',(-0.809016994374948,0.587785252292473,0.));
#2105=DIRECTION('',(-0.809016994374948,0.587785252292473,0.));
#2106=DIRECTION('',(0.,0.,-1.));
#2107=DIRECTION('',(-1.,0.,0.));
#2108=DIRECTION('',(0.65163270415212,-0.758534652391963,0.));
#2109=DIRECTION('',(-1.,0.,0.));
#2110=DIRECTION('',(0.,0.,-1.));
#2111=DIRECTION('',(-1.,0.,0.));
#2112=DIRECTION('',(0.,0.,-1.));
#2113=DIRECTION('',(-1.,0.,0.));
#2114=DIRECTION('',(0.,0.,1.));
#2115=DIRECTION('',(1.,0.,0.));
#2116=DIRECTION('',(0.,0.,-1.));
#2117=DIRECTION('',(-1.,0.,0.));
#2118=DIRECTION('',(0.,0.,-1.));
#2119=DIRECTION('',(-1.,0.,0.));
#2120=DIRECTION('',(0.,0.,-1.));
#2121=DIRECTION('',(-1.,0.,0.));
#2122=DIRECTION('',(0.,0.,-1.));
#2123=DIRECTION('',(-1.,0.,0.));
#2124=DIRECTION('',(0.,0.,1.));
#2125=DIRECTION('',(1.,0.,0.));
#2126=DIRECTION('',(0.,0.,-1.));
#2127=DIRECTION('',(-1.,0.,0.));
#2128=DIRECTION('',(0.,0.,-1.));
#2129=DIRECTION('',(-1.,0.,0.));
#2130=DIRECTION('',(0.,0.,-1.));
#2131=DIRECTION('',(-1.,0.,0.));
#2132=DIRECTION('',(0.,0.,-1.));
#2133=DIRECTION('',(-1.,0.,0.));
#2134=DIRECTION('',(0.,0.,1.));
#2135=DIRECTION('',(1.,0.,0.));
#2136=DIRECTION('',(0.,0.,-1.));
#2137=DIRECTION('',(-1.,0.,0.));
#2138=DIRECTION('',(0.,0.,-1.));
#2139=DIRECTION('',(-1.,0.,0.));
#2140=DIRECTION('',(0.,0.,-1.));
#2141=DIRECTION('',(-1.,0.,0.));
#2142=DIRECTION('',(0.,0.,-1.));
#2143=DIRECTION('',(-1.,0.,0.));
#2144=DIRECTION('',(0.,0.,1.));
#2145=DIRECTION('',(1.,0.,0.));
#2146=DIRECTION('',(0.,0.,-1.));
#2147=DIRECTION('',(-1.,0.,0.));
#2148=DIRECTION('',(0.,0.,-1.));
#2149=DIRECTION('',(-1.,0.,0.));
#2150=DIRECTION('',(0.,0.,-1.));
#2151=DIRECTION('',(-1.,0.,0.));
#2152=DIRECTION('',(0.,0.,-1.));
#2153=DIRECTION('',(-1.,0.,0.));
#2154=DIRECTION('',(0.,0.,1.));
#2155=DIRECTION('',(1.,0.,0.));
#2156=DIRECTION('',(0.,0.,-1.));
#2157=DIRECTION('',(-1.,0.,0.));
#2158=DIRECTION('',(0.,0.,-1.));
#2159=DIRECTION('',(-1.,0.,0.));
#2160=DIRECTION('',(0.,0.,-1.));
#2161=DIRECTION('',(-1.,0.,0.));
#2162=DIRECTION('',(0.,0.,-1.));
#2163=DIRECTION('',(-1.,0.,0.));
#2164=DIRECTION('',(0.,0.,1.));
#2165=DIRECTION('',(1.,0.,0.));
#2166=DIRECTION('',(0.,0.,-1.));
#2167=DIRECTION('',(-1.,0.,0.));
#2168=DIRECTION('',(0.,0.,-1.));
#2169=DIRECTION('',(-1.,0.,0.));
#2170=DIRECTION('',(0.,0.,1.));
#2171=DIRECTION('',(0.309016994374948,0.951056516295154,0.));
#2172=DIRECTION('',(0.,0.,1.));
#2173=DIRECTION('',(0.,0.,-1.));
#2174=DIRECTION('',(-1.,0.,0.));
#2175=DIRECTION('',(0.,0.,1.));
#2176=DIRECTION('',(0.951056516295154,-0.309016994374948,0.));
#2177=DIRECTION('',(0.,0.,-1.));
#2178=DIRECTION('',(0.309016994374948,0.951056516295154,0.));
#2179=DIRECTION('',(0.,0.,1.));
#2180=DIRECTION('',(0.951056516295154,-0.309016994374948,0.));
#2181=DIRECTION('',(0.,0.,-1.));
#2182=DIRECTION('',(0.,0.,-1.));
#2183=DIRECTION('',(-0.309016994374948,-0.951056516295154,0.));
#2184=DIRECTION('',(0.,0.,1.));
#2185=DIRECTION('',(-0.809016994374948,0.587785252292473,0.));
#2186=DIRECTION('',(0.,0.,1.));
#2187=DIRECTION('',(0.,0.,-1.));
#2188=DIRECTION('',(-1.,0.,0.));
#2189=DIRECTION('',(0.,0.,1.));
#2190=DIRECTION('',(0.587785252292473,0.809016994374948,0.));
#2191=DIRECTION('',(0.,0.,-1.));
#2192=DIRECTION('',(-0.809016994374948,0.587785252292473,0.));
#2193=DIRECTION('',(0.,0.,1.));
#2194=DIRECTION('',(0.587785252292473,0.809016994374948,0.));
#2195=DIRECTION('',(0.,0.,-1.));
#2196=DIRECTION('',(0.,0.,-1.));
#2197=DIRECTION('',(0.809016994374948,-0.587785252292473,0.));
#2198=DIRECTION('',(0.,0.,1.));
#2199=DIRECTION('',(-0.809016994374947,-0.587785252292473,0.));
#2200=DIRECTION('',(0.,0.,1.));
#2201=DIRECTION('',(0.,0.,-1.));
#2202=DIRECTION('',(-1.,0.,0.));
#2203=DIRECTION('',(0.,0.,1.));
#2204=DIRECTION('',(-0.587785252292473,0.809016994374947,0.));
#2205=DIRECTION('',(0.,0.,-1.));
#2206=DIRECTION('',(-0.809016994374947,-0.587785252292473,0.));
#2207=DIRECTION('',(0.,0.,1.));
#2208=DIRECTION('',(-0.587785252292473,0.809016994374947,0.));
#2209=DIRECTION('',(0.,0.,-1.));
#2210=DIRECTION('',(0.,0.,-1.));
#2211=DIRECTION('',(0.809016994374947,0.587785252292473,0.));
#2212=DIRECTION('',(0.,0.,1.));
#2213=DIRECTION('',(0.309016994374948,-0.951056516295154,0.));
#2214=DIRECTION('',(0.,0.,1.));
#2215=DIRECTION('',(0.,0.,-1.));
#2216=DIRECTION('',(-1.,0.,0.));
#2217=DIRECTION('',(0.,0.,1.));
#2218=DIRECTION('',(-0.951056516295154,-0.309016994374948,0.));
#2219=DIRECTION('',(0.,0.,-1.));
#2220=DIRECTION('',(0.309016994374948,-0.951056516295154,0.));
#2221=DIRECTION('',(0.,0.,1.));
#2222=DIRECTION('',(-0.951056516295154,-0.309016994374948,0.));
#2223=DIRECTION('',(0.,0.,-1.));
#2224=DIRECTION('',(0.,0.,-1.));
#2225=DIRECTION('',(-0.309016994374948,0.951056516295154,0.));
#2226=DIRECTION('',(0.,0.,1.));
#2227=DIRECTION('',(1.,0.,0.));
#2228=DIRECTION('',(0.,0.,1.));
#2229=DIRECTION('',(0.,0.,-1.));
#2230=DIRECTION('',(-1.,0.,0.));
#2231=DIRECTION('',(0.,0.,1.));
#2232=DIRECTION('',(0.,-1.,0.));
#2233=DIRECTION('',(0.,0.,-1.));
#2234=DIRECTION('',(1.,0.,0.));
#2235=DIRECTION('',(0.,0.,1.));
#2236=DIRECTION('',(0.,-1.,0.));
#2237=DIRECTION('',(0.,0.,-1.));
#2238=DIRECTION('',(0.,0.,-1.));
#2239=DIRECTION('',(-1.,0.,0.));
#2240=DIRECTION('',(0.,0.,1.));
#2241=DIRECTION('',(1.,0.,0.));
#2242=DIRECTION('',(0.,0.,-1.));
#2243=DIRECTION('',(-1.,0.,0.));
#2244=DIRECTION('',(0.,0.,1.));
#2245=DIRECTION('',(1.,0.,0.));
#2246=DIRECTION('',(0.,0.,-1.));
#2247=DIRECTION('',(-1.,0.,0.));
#2248=DIRECTION('',(0.,0.,1.));
#2249=DIRECTION('',(1.,0.,0.));
#2250=DIRECTION('',(0.,0.,-1.));
#2251=DIRECTION('',(-1.,0.,0.));
#2252=DIRECTION('',(0.,0.,1.));
#2253=DIRECTION('',(1.,0.,0.));
#2254=DIRECTION('',(0.,0.,-1.));
#2255=DIRECTION('',(-1.,0.,0.));
#2256=DIRECTION('',(0.,0.,1.));
#2257=DIRECTION('',(1.,0.,0.));
#2258=DIRECTION('',(0.,0.,-1.));
#2259=DIRECTION('',(-1.,0.,0.));
#2260=DIRECTION('',(0.,0.,1.));
#2261=DIRECTION('',(1.,0.,0.));
#2262=DIRECTION('',(0.,0.,-1.));
#2263=DIRECTION('',(-1.,0.,0.));
#2264=DIRECTION('',(0.,0.,1.));
#2265=DIRECTION('',(1.,0.,0.));
#2266=DIRECTION('',(0.,0.,-1.));
#2267=DIRECTION('',(-1.,0.,0.));
#2268=DIRECTION('',(0.,0.,1.));
#2269=DIRECTION('',(1.,0.,0.));
#2270=DIRECTION('',(0.,0.,-1.));
#2271=DIRECTION('',(-1.,0.,0.));
#2272=DIRECTION('',(0.,0.,1.));
#2273=DIRECTION('',(1.,0.,0.));
#2274=DIRECTION('',(0.,0.,-1.));
#2275=DIRECTION('',(-1.,0.,0.));
#2276=DIRECTION('',(0.,0.,1.));
#2277=DIRECTION('',(1.,0.,0.));
#2278=DIRECTION('',(0.,0.,-1.));
#2279=DIRECTION('',(-1.,0.,0.));
#2280=DIRECTION('',(0.,0.,1.));
#2281=DIRECTION('',(1.,0.,0.));
#2282=DIRECTION('',(0.,0.,1.));
#2283=DIRECTION('',(1.,0.,0.));
#2284=DIRECTION('',(0.,0.,-1.));
#2285=DIRECTION('',(-1.,0.,0.));
#2286=DIRECTION('',(0.,0.,1.));
#2287=DIRECTION('',(1.,0.,0.));
#2288=DIRECTION('',(0.,0.,1.));
#2289=DIRECTION('',(1.,0.,0.));
#2290=DIRECTION('',(0.,0.,1.));
#2291=DIRECTION('',(1.,0.,0.));
#2292=DIRECTION('',(0.,0.,1.));
#2293=DIRECTION('',(1.,0.,0.));
#2294=DIRECTION('',(0.,0.,-1.));
#2295=DIRECTION('',(-1.,0.,0.));
#2296=DIRECTION('',(0.,0.,1.));
#2297=DIRECTION('',(1.,0.,0.));
#2298=DIRECTION('',(0.,0.,1.));
#2299=DIRECTION('',(1.,0.,0.));
#2300=DIRECTION('',(0.,0.,1.));
#2301=DIRECTION('',(1.,0.,0.));
#2302=DIRECTION('',(0.,0.,1.));
#2303=DIRECTION('',(1.,0.,0.));
#2304=DIRECTION('',(0.,0.,-1.));
#2305=DIRECTION('',(-1.,0.,0.));
#2306=DIRECTION('',(0.,0.,1.));
#2307=DIRECTION('',(1.,0.,0.));
#2308=DIRECTION('',(0.,0.,1.));
#2309=DIRECTION('',(1.,0.,0.));
#2310=DIRECTION('',(0.,0.,1.));
#2311=DIRECTION('',(1.,0.,0.));
#2312=DIRECTION('',(0.,0.,1.));
#2313=DIRECTION('',(1.,0.,0.));
#2314=DIRECTION('',(0.,0.,-1.));
#2315=DIRECTION('',(-1.,0.,0.));
#2316=DIRECTION('',(0.,0.,1.));
#2317=DIRECTION('',(1.,0.,0.));
#2318=DIRECTION('',(0.,0.,1.));
#2319=DIRECTION('',(1.,0.,0.));
#2320=DIRECTION('',(0.,0.,1.));
#2321=DIRECTION('',(1.,0.,0.));
#2322=DIRECTION('',(0.,0.,1.));
#2323=DIRECTION('',(1.,0.,0.));
#2324=DIRECTION('',(0.,0.,-1.));
#2325=DIRECTION('',(-1.,0.,0.));
#2326=DIRECTION('',(0.,0.,1.));
#2327=DIRECTION('',(1.,0.,0.));
#2328=DIRECTION('',(0.,0.,1.));
#2329=DIRECTION('',(1.,0.,0.));
#2330=DIRECTION('',(0.,-1.,0.));
#2331=DIRECTION('',(1.,0.,0.));
#2332=DIRECTION('',(0.,0.,1.));
#2333=DIRECTION('',(0.,-1.,0.));
#2334=DIRECTION('',(1.,0.,0.));
#2335=DIRECTION('',(0.,0.,-1.));
#2336=DIRECTION('',(-0.758534652391963,-0.65163270415212,0.));
#2337=DIRECTION('',(0.,0.,1.));
#2338=DIRECTION('',(-0.758534652391963,0.65163270415212,0.));
#2339=DIRECTION('',(0.,0.,1.));
#2340=DIRECTION('',(0.,0.,1.));
#2341=DIRECTION('',(1.,0.,0.));
#2342=DIRECTION('',(0.415626937777457,-0.572061402817683,-0.707106781186547));
#2343=DIRECTION('',(0.415626937777453,-0.572061402817684,0.707106781186549));
#2344=DIRECTION('',(0.415626937777453,-0.572061402817684,-0.707106781186548));
#2345=DIRECTION('',(0.809016994374947,0.587785252292473,0.));
#2346=DIRECTION('',(0.415626937777453,-0.572061402817684,0.707106781186549));
#2347=DIRECTION('',(0.415626937777454,-0.572061402817685,0.707106781186546));
#2348=DIRECTION('',(-0.809016994374947,-0.587785252292473,0.));
#2349=DIRECTION('',(0.415626937777454,-0.57206140281768,-0.707106781186551));
#2350=DIRECTION('',(0.,0.,-1.));
#2351=DIRECTION('',(-1.,0.,0.));
#2352=DIRECTION('',(0.698189410173994,0.111944394772073,0.707106781186551));
#2353=DIRECTION('',(0.,0.,-1.));
#2354=DIRECTION('',(-1.,0.,0.));
#2355=DIRECTION('',(-0.322217839147082,-0.62942486774466,-0.707106781186549));
#2356=DIRECTION('',(0.,0.,1.));
#2357=DIRECTION('',(1.,0.,0.));
#2358=DIRECTION('',(0.698189410173996,-0.111944394772073,0.707106781186549));
#2359=DIRECTION('',(0.,0.,1.));
#2360=DIRECTION('',(1.,0.,0.));
#2361=DIRECTION('',(-0.109286946925689,-0.698610308563835,-0.707106781186551));
#2362=DIRECTION('',(0.,0.,-1.));
#2363=DIRECTION('',(-1.,0.,0.));
#2364=DIRECTION('',(0.415626937777452,0.572061402817685,0.707106781186547));
#2365=DIRECTION('',(0.,0.,-1.));
#2366=DIRECTION('',(-1.,0.,0.));
#2367=DIRECTION('',(-0.672498511963958,-0.218508012224409,-0.707106781186548));
#2368=DIRECTION('',(-0.415626937777454,-0.572061402817685,0.707106781186546));
#2369=DIRECTION('',(-0.809016994374948,0.587785252292473,0.));
#2370=DIRECTION('',(0.415626937777453,0.572061402817684,0.707106781186549));
#2371=DIRECTION('',(0.672498511963959,0.218508012224411,-0.707106781186546));
#2372=DIRECTION('',(-0.309016994374948,0.951056516295154,0.));
#2373=DIRECTION('',(-0.672498511963957,-0.218508012224409,-0.707106781186549));
#2374=DIRECTION('',(0.,0.,1.));
#2375=DIRECTION('',(1.,0.,0.));
#2376=DIRECTION('',(-0.415626937777453,-0.572061402817684,0.707106781186549));
#2377=DIRECTION('',(0.,0.,1.));
#2378=DIRECTION('',(1.,0.,0.));
#2379=DIRECTION('',(0.672498511963956,0.218508012224409,-0.707106781186549));
#2380=DIRECTION('',(-0.415626937777454,-0.572061402817685,-0.707106781186546));
#2381=DIRECTION('',(0.809016994374948,-0.587785252292473,0.));
#2382=DIRECTION('',(-0.415626937777452,-0.572061402817683,0.70710678118655));
#2383=DIRECTION('',(0.672498511963958,0.218508012224411,0.707106781186547));
#2384=DIRECTION('',(0.309016994374948,-0.951056516295154,0.));
#2385=DIRECTION('',(0.672498511963958,0.218508012224409,-0.707106781186548));
#2386=DIRECTION('',(0.,0.,-1.));
#2387=DIRECTION('',(-1.,0.,0.));
#2388=DIRECTION('',(0.322217839147082,-0.62942486774466,0.707106781186549));
#2389=DIRECTION('',(0.,0.,-1.));
#2390=DIRECTION('',(-1.,0.,0.));
#2391=DIRECTION('',(0.499047833799552,-0.500950356402679,-0.70710678118655));
#2392=DIRECTION('',(0.,0.,1.));
#2393=DIRECTION('',(1.,0.,0.));
#2394=DIRECTION('',(0.109286946925689,-0.69861030856384,0.707106781186546));
#2395=DIRECTION('',(0.,0.,1.));
#2396=DIRECTION('',(1.,0.,0.));
#2397=DIRECTION('',(0.630646362447217,-0.319820520811432,-0.707106781186546));
#2398=DIRECTION('',(0.,0.,-1.));
#2399=DIRECTION('',(-1.,0.,0.));
#2400=DIRECTION('',(0.672498511963956,-0.218508012224409,0.707106781186549));
#2401=DIRECTION('',(0.,0.,-1.));
#2402=DIRECTION('',(-1.,0.,0.));
#2403=DIRECTION('',(0.,-0.707106781186545,-0.70710678118655));
#2404=DIRECTION('',(-0.672498511963959,0.218508012224411,0.707106781186546));
#2405=DIRECTION('',(0.309016994374948,0.951056516295154,0.));
#2406=DIRECTION('',(0.672498511963956,-0.21850801222441,0.70710678118655));
#2407=DIRECTION('',(0.,0.707106781186549,-0.707106781186546));
#2408=DIRECTION('',(-1.,0.,0.));
#2409=DIRECTION('',(0.,-0.707106781186546,-0.707106781186549));
#2410=DIRECTION('',(0.,0.,1.));
#2411=DIRECTION('',(1.,0.,0.));
#2412=DIRECTION('',(-0.672498511963956,0.218508012224409,0.707106781186549));
#2413=DIRECTION('',(0.,0.,1.));
#2414=DIRECTION('',(1.,0.,0.));
#2415=DIRECTION('',(0.,0.707106781186546,-0.707106781186549));
#2416=DIRECTION('',(-0.672498511963958,0.21850801222441,-0.707106781186547));
#2417=DIRECTION('',(-0.309016994374948,-0.951056516295154,0.));
#2418=DIRECTION('',(-0.672498511963957,0.21850801222441,0.707106781186548));
#2419=DIRECTION('',(0.,0.707106781186549,0.707106781186546));
#2420=DIRECTION('',(1.,0.,0.));
#2421=DIRECTION('',(0.,0.707106781186546,-0.707106781186549));
#2422=DIRECTION('',(0.,0.,-1.));
#2423=DIRECTION('',(-1.,0.,0.));
#2424=DIRECTION('',(-0.499047833799552,-0.500950356402679,0.70710678118655));
#2425=DIRECTION('',(0.,0.,-1.));
#2426=DIRECTION('',(-1.,0.,0.));
#2427=DIRECTION('',(0.630646362447214,0.319820520811431,-0.707106781186549));
#2428=DIRECTION('',(0.,0.,1.));
#2429=DIRECTION('',(1.,0.,0.));
#2430=CARTESIAN_POINT('',(0.,0.,0.));
#2431=CARTESIAN_POINT('',(0.025,0.,0.04435));
#2432=CARTESIAN_POINT('',(0.025,0.,0.04135));
#2433=CARTESIAN_POINT('',(0.025,0.005,0.04135));
#2434=CARTESIAN_POINT('',(0.025,-0.005,0.04135));
#2435=CARTESIAN_POINT('',(0.025,0.005,0.04435));
#2436=CARTESIAN_POINT('',(0.022,0.005,0.04435));
#2437=CARTESIAN_POINT('',(0.022,0.,0.04435));
#2438=CARTESIAN_POINT('',(0.022,-0.005,0.04435));
#2439=CARTESIAN_POINT('',(0.025,-0.005,0.04435));
#2440=CARTESIAN_POINT('',(0.022,0.,0.04635));
#2441=CARTESIAN_POINT('',(0.022,0.005,0.03635));
#2442=CARTESIAN_POINT('',(0.022,0.005,0.04635));
#2443=CARTESIAN_POINT('',(0.022,0.,0.04635));
#2444=CARTESIAN_POINT('',(0.022,-0.005,0.04635));
#2445=CARTESIAN_POINT('',(0.022,-0.005,0.04635));
#2446=CARTESIAN_POINT('',(0.025,0.,0.04135));
#2447=CARTESIAN_POINT('',(0.0289005453328857,-0.005,0.04135));
#2448=CARTESIAN_POINT('',(0.0393462427454841,-0.005,0.04135));
#2449=CARTESIAN_POINT('',(0.0393462427454841,-0.005,0.04135));
#2450=CARTESIAN_POINT('',(0.0393455530065864,-0.005,0.0410540644411809));
#2451=CARTESIAN_POINT('',(0.0393532958944085,-0.00496157350028783,0.0405883503999861));
#2452=CARTESIAN_POINT('',(0.0393785821084001,-0.00482235986469371,0.0400114381383554));
#2453=CARTESIAN_POINT('',(0.0393966553559904,-0.00471916008150231,0.0396894482015473));
#2454=CARTESIAN_POINT('',(0.0394148264235599,-0.00461231241041904,0.0394147784650635));
#2455=CARTESIAN_POINT('',(0.0394261421385266,-0.00454481171172938,0.0392632980670202));
#2456=CARTESIAN_POINT('',(0.0394469218566107,-0.00441916107868308,0.0390022979555485));
#2457=CARTESIAN_POINT('',(0.0394769616959246,-0.00423016177369482,0.038670288654054));
#2458=CARTESIAN_POINT('',(0.0395204994911045,-0.00393443738616246,0.0382473397060893));
#2459=CARTESIAN_POINT('',(0.0395931149715007,-0.00340872200207521,0.0376541676398283));
#2460=CARTESIAN_POINT('',(0.0396581361026808,-0.00282685214701062,0.0372043096739454));
#2461=CARTESIAN_POINT('',(0.0396994793553054,-0.00236106632246683,0.0369379506664241));
#2462=CARTESIAN_POINT('',(0.0397203388726135,-0.00209584848002071,0.0368092564154254));
#2463=CARTESIAN_POINT('',(0.0397321120696795,-0.00193518380598624,0.0367376516021248));
#2464=CARTESIAN_POINT('',(0.0397496803221449,-0.00166537627717367,0.0366326487191208));
#2465=CARTESIAN_POINT('',(0.0397675235779579,-0.00134458900876433,0.0365292289803986));
#2466=CARTESIAN_POINT('',(0.0397926486546238,-0.000767047033925977,0.0363899518624435));
#2467=CARTESIAN_POINT('',(0.0398065775495441,-1.18509838046989E-5,0.036322717403758));
#2468=CARTESIAN_POINT('',(0.0397930707459673,0.000783792754699861,0.0363919030005221));
#2469=CARTESIAN_POINT('',(0.0397685919647978,0.00135303049909405,0.0365318824786126));
#2470=CARTESIAN_POINT('',(0.0397512196610588,0.00166669702951799,0.0366332172259248));
#2471=CARTESIAN_POINT('',(0.0397339509925839,0.00192990088729656,0.0367356070592885));
#2472=CARTESIAN_POINT('',(0.0397228754319927,0.00207878750561658,0.0368015885273982));
#2473=CARTESIAN_POINT('',(0.0397025765200082,0.00233434293608169,0.0369239645964074));
#2474=CARTESIAN_POINT('',(0.0396728044666122,0.00266483839463631,0.0371103543008798));
#2475=CARTESIAN_POINT('',(0.0396289785965548,0.00309205714618742,0.0374071436784147));
#2476=CARTESIAN_POINT('',(0.0395745757623303,0.00354244627118027,0.0378036876953329));
#2477=CARTESIAN_POINT('',(0.0395205681411962,0.00393638777630311,0.0382499392378774));
#2478=CARTESIAN_POINT('',(0.0394766787061694,0.00423422880359045,0.0386765425836205));
#2479=CARTESIAN_POINT('',(0.0394468220429796,0.0044213282805974,0.0390065694905888));
#2480=CARTESIAN_POINT('',(0.0394262157917294,0.00454533003981166,0.039264564809968));
#2481=CARTESIAN_POINT('',(0.0394152389338525,0.0046105483261813,0.0394106677179634));
#2482=CARTESIAN_POINT('',(0.0393969417394585,0.00471791941003383,0.0396858776074642));
#2483=CARTESIAN_POINT('',(0.0393788224641062,0.00482124385891857,0.0400074834248792));
#2484=CARTESIAN_POINT('',(0.0393534106066883,0.00496115641621059,0.0405850649719834));
#2485=CARTESIAN_POINT('',(0.0393455967084123,0.005,0.0410524037662498));
#2486=CARTESIAN_POINT('',(0.0393462427454841,0.005,0.04135));
#2487=CARTESIAN_POINT('',(0.0393462427454841,0.005,0.04135));
#2488=CARTESIAN_POINT('',(0.025,0.005,0.04135));
#2489=CARTESIAN_POINT('',(0.,-2.4983462542779E-18,0.02635));
#2490=CARTESIAN_POINT('',(0.,-2.4983462542779E-18,0.04635));
#2491=CARTESIAN_POINT('',(0.0402865453766245,0.0064593545446643,0.04635));
#2492=CARTESIAN_POINT('',(0.0403348147189294,0.00615074963773872,0.04635));
#2493=CARTESIAN_POINT('',(0.0403348147189294,0.00615074963773872,0.02635));
#2494=CARTESIAN_POINT('',(0.0403348147189294,0.00615074963773872,0.04135));
#2495=CARTESIAN_POINT('',(0.0403348147189293,0.00615074963773871,0.04135));
#2496=CARTESIAN_POINT('',(0.0403340378789713,0.00615584392666596,0.0397697547528988));
#2497=CARTESIAN_POINT('',(0.0405062743708137,0.00514546874894903,0.0374374263321315));
#2498=CARTESIAN_POINT('',(0.0407515821819195,0.00241204088231028,0.0356620415579156));
#2499=CARTESIAN_POINT('',(0.0408259529931891,-5.62535310215512E-6,0.0351912858315486));
#2500=CARTESIAN_POINT('',(0.0407511482656971,-0.00241730232599322,0.035672825302856));
#2501=CARTESIAN_POINT('',(0.0405060708988879,-0.00514672815593163,0.0374331461212756));
#2502=CARTESIAN_POINT('',(0.0403338783284569,-0.00615689021221077,0.0397813512645094));
#2503=CARTESIAN_POINT('',(0.0403348147189293,-0.00615074963773872,0.04135));
#2504=CARTESIAN_POINT('',(0.0403348147189294,-0.00615074963773872,0.04135));
#2505=CARTESIAN_POINT('',(0.0403348147189294,-0.00615074963773872,0.02635));
#2506=CARTESIAN_POINT('',(0.0403348147189294,-0.00615074963773872,0.04635));
#2507=CARTESIAN_POINT('',(0.,-2.4983462542779E-18,0.04635));
#2508=CARTESIAN_POINT('',(0.0402865453766245,-0.00645935454466429,0.04635));
#2509=CARTESIAN_POINT('',(0.0402865453766245,-0.00645935454466429,0.02635));
#2510=CARTESIAN_POINT('',(0.0402865453766245,-0.00645935454466429,0.02735));
#2511=CARTESIAN_POINT('',(0.,-2.4983462542779E-18,0.02735));
#2512=CARTESIAN_POINT('',(0.0402865453766245,0.00645935454466431,0.02735));
#2513=CARTESIAN_POINT('',(0.0402865453766245,0.00645935454466431,0.02635));
#2514=CARTESIAN_POINT('',(0.,-2.4983462542779E-18,0.02635));
#2515=CARTESIAN_POINT('',(-0.0363892131950287,-0.018454109638865,0.02635));
#2516=CARTESIAN_POINT('',(-0.0363892131950287,-0.018454109638865,0.04635));
#2517=CARTESIAN_POINT('',(-0.0363892131950287,-0.018454109638865,0.02735));
#2518=CARTESIAN_POINT('',(0.,-2.4983462542779E-18,0.02735));
#2519=CARTESIAN_POINT('',(-0.0287957865136647,-0.0289055648375179,0.02735));
#2520=CARTESIAN_POINT('',(-0.0287957865136647,-0.0289055648375179,0.02635));
#2521=CARTESIAN_POINT('',(-0.0287957865136647,-0.0289055648375179,0.04635));
#2522=CARTESIAN_POINT('',(0.,-2.4983462542779E-18,0.04635));
#2523=CARTESIAN_POINT('',(0.,-2.4983462542779E-18,0.02635));
#2524=CARTESIAN_POINT('',(-0.0287957865136647,0.0289055648375179,0.02635));
#2525=CARTESIAN_POINT('',(-0.0287957865136647,0.0289055648375179,0.04635));
#2526=CARTESIAN_POINT('',(-0.0287957865136647,0.0289055648375179,0.02735));
#2527=CARTESIAN_POINT('',(0.,-2.4983462542779E-18,0.02735));
#2528=CARTESIAN_POINT('',(-0.0363892131950287,0.018454109638865,0.02735));
#2529=CARTESIAN_POINT('',(-0.0363892131950287,0.018454109638865,0.02635));
#2530=CARTESIAN_POINT('',(-0.0363892131950287,0.018454109638865,0.04635));
#2531=CARTESIAN_POINT('',(0.,-2.4983462542779E-18,0.04635));
#2532=CARTESIAN_POINT('',(0.,-2.4983462542779E-18,0.02635));
#2533=CARTESIAN_POINT('',(0.0185924383967981,0.0363187311724648,0.02635));
#2534=CARTESIAN_POINT('',(0.0185924383967981,0.0363187311724648,0.04635));
#2535=CARTESIAN_POINT('',(0.0185924383967981,0.0363187311724648,0.02735));
#2536=CARTESIAN_POINT('',(0.,-2.4983462542779E-18,0.02735));
#2537=CARTESIAN_POINT('',(0.00630601593527076,0.0403108318264535,0.02735));
#2538=CARTESIAN_POINT('',(0.00630601593527076,0.0403108318264535,0.02635));
#2539=CARTESIAN_POINT('',(0.00630601593527076,0.0403108318264535,0.04635));
#2540=CARTESIAN_POINT('',(0.,-2.4983462542779E-18,0.04635));
#2541=CARTESIAN_POINT('',(0.,-2.4983462542779E-18,0.02635));
#2542=CARTESIAN_POINT('',(0.00630601593527076,-0.0403108318264535,0.02635));
#2543=CARTESIAN_POINT('',(0.00630601593527076,-0.0403108318264535,0.04635));
#2544=CARTESIAN_POINT('',(0.00630601593527076,-0.0403108318264535,0.02735));
#2545=CARTESIAN_POINT('',(0.,-2.4983462542779E-18,0.02735));
#2546=CARTESIAN_POINT('',(0.0185924383967981,-0.0363187311724648,0.02735));
#2547=CARTESIAN_POINT('',(0.0185924383967981,-0.0363187311724648,0.02635));
#2548=CARTESIAN_POINT('',(0.0185924383967981,-0.0363187311724648,0.04635));
#2549=CARTESIAN_POINT('',(0.,-2.4983462542779E-18,0.04635));
#2550=CARTESIAN_POINT('',(-0.025,-1.92760534684252E-18,0.02635));
#2551=CARTESIAN_POINT('',(-0.025,-1.92760534684252E-18,0.02635));
#2552=CARTESIAN_POINT('',(-0.02815,-1.92760534684252E-18,0.02635));
#2553=CARTESIAN_POINT('',(-0.025,-1.92760534684252E-18,0.04635));
#2554=CARTESIAN_POINT('',(-0.02815,-1.92760534684252E-18,0.04635));
#2555=CARTESIAN_POINT('',(0.,0.,0.02635));
#2556=CARTESIAN_POINT('',(-0.0429109908103096,-0.043074580599524,0.02635));
#2557=CARTESIAN_POINT('',(-0.0229388039681113,-0.0495639374813979,0.02635));
#2558=CARTESIAN_POINT('',(-0.0280900262988324,-0.0281971140494176,0.02635));
#2559=CARTESIAN_POINT('',(0.,-2.4983462542779E-18,0.02635));
#2560=CARTESIAN_POINT('',(-0.0354973445561947,-0.0180018151208082,0.02635));
#2561=CARTESIAN_POINT('',(-0.054226585971711,-0.0275,0.02635));
#2562=CARTESIAN_POINT('',(-0.054226585971711,-0.0065,0.02635));
#2563=CARTESIAN_POINT('',(0.,-0.0065,0.02635));
#2564=CARTESIAN_POINT('',(-0.06,-0.0065,0.02635));
#2565=CARTESIAN_POINT('',(-0.06,0.,0.02635));
#2566=CARTESIAN_POINT('',(-0.06,0.0065,0.02635));
#2567=CARTESIAN_POINT('',(-0.054226585971711,0.0065,0.02635));
#2568=CARTESIAN_POINT('',(-0.054226585971711,0.0065,0.02635));
#2569=CARTESIAN_POINT('',(-0.054226585971711,0.0275,0.02635));
#2570=CARTESIAN_POINT('',(-0.0354973445561947,0.0180018151208082,0.02635));
#2571=CARTESIAN_POINT('',(0.,-2.4983462542779E-18,0.02635));
#2572=CARTESIAN_POINT('',(-0.0280900262988324,0.0281971140494176,0.02635));
#2573=CARTESIAN_POINT('',(-0.0429109908103096,0.043074580599524,0.02635));
#2574=CARTESIAN_POINT('',(-0.0229388039681113,0.0495639374813979,0.02635));
#2575=CARTESIAN_POINT('',(-0.0061818673559185,-0.00200861046343716,0.02635));
#2576=CARTESIAN_POINT('',(-0.0247228870184153,0.0550547805142721,0.02635));
#2577=CARTESIAN_POINT('',(-0.0185410196624969,0.0570633909777092,0.02635));
#2578=CARTESIAN_POINT('',(-0.0123591523065783,0.0590720014411464,0.02635));
#2579=CARTESIAN_POINT('',(-0.0105750692562743,0.0535811584082723,0.02635));
#2580=CARTESIAN_POINT('',(-0.0105750692562743,0.0535811584082723,0.02635));
#2581=CARTESIAN_POINT('',(0.00939711758592391,0.0600705152901461,0.02635));
#2582=CARTESIAN_POINT('',(0.0061514608527381,0.0393228476532688,0.02635));
#2583=CARTESIAN_POINT('',(0.,-2.4983462542779E-18,0.02635));
#2584=CARTESIAN_POINT('',(0.0181367535586378,0.0354285899880055,0.02635));
#2585=CARTESIAN_POINT('',(0.0277061351600053,0.0541215548616527,0.02635));
#2586=CARTESIAN_POINT('',(0.0400496254581472,0.0371321979797788,0.02635));
#2587=CARTESIAN_POINT('',(-0.00382060413990108,0.00525861046343716,0.02635));
#2588=CARTESIAN_POINT('',(0.0447204155225958,0.0405257256009856,0.02635));
#2589=CARTESIAN_POINT('',(0.0485410196624968,0.0352671151375484,0.02635));
#2590=CARTESIAN_POINT('',(0.0523616238023979,0.0300085046741112,0.02635));
#2591=CARTESIAN_POINT('',(0.0476908337379494,0.0266149770529045,0.02635));
#2592=CARTESIAN_POINT('',(0.0476908337379494,0.0266149770529045,0.02635));
#2593=CARTESIAN_POINT('',(0.0600343240360913,0.00962562017103058,0.02635));
#2594=CARTESIAN_POINT('',(0.0392991564436512,0.00630104126334599,0.02635));
#2595=CARTESIAN_POINT('',(0.,-2.4983462542779E-18,0.02635));
#2596=CARTESIAN_POINT('',(0.0392991564436512,-0.00630104126334598,0.02635));
#2597=CARTESIAN_POINT('',(0.0600343240360913,-0.00962562017103056,0.02635));
#2598=CARTESIAN_POINT('',(0.0476908337379494,-0.0266149770529045,0.02635));
#2599=CARTESIAN_POINT('',(0.00382060413990108,0.00525861046343716,0.02635));
#2600=CARTESIAN_POINT('',(0.0523616238023979,-0.0300085046741112,0.02635));
#2601=CARTESIAN_POINT('',(0.0485410196624969,-0.0352671151375484,0.02635));
#2602=CARTESIAN_POINT('',(0.0447204155225958,-0.0405257256009856,0.02635));
#2603=CARTESIAN_POINT('',(0.0400496254581472,-0.0371321979797788,0.02635));
#2604=CARTESIAN_POINT('',(0.0400496254581472,-0.0371321979797788,0.02635));
#2605=CARTESIAN_POINT('',(0.0277061351600053,-0.0541215548616527,0.02635));
#2606=CARTESIAN_POINT('',(0.0181367535586378,-0.0354285899880055,0.02635));
#2607=CARTESIAN_POINT('',(0.,-2.4983462542779E-18,0.02635));
#2608=CARTESIAN_POINT('',(0.0061514608527381,-0.0393228476532688,0.02635));
#2609=CARTESIAN_POINT('',(0.00939711758592391,-0.0600705152901462,0.02635));
#2610=CARTESIAN_POINT('',(-0.0105750692562743,-0.0535811584082723,0.02635));
#2611=CARTESIAN_POINT('',(0.0061818673559185,-0.00200861046343716,0.02635));
#2612=CARTESIAN_POINT('',(-0.0123591523065783,-0.0590720014411464,0.02635));
#2613=CARTESIAN_POINT('',(-0.0185410196624969,-0.0570633909777092,0.02635));
#2614=CARTESIAN_POINT('',(-0.0247228870184153,-0.0550547805142721,0.02635));
#2615=CARTESIAN_POINT('',(-0.0229388039681113,-0.0495639374813979,0.02635));
#2616=CARTESIAN_POINT('',(-0.0185410196624969,-0.0570633909777092,0.02635));
#2617=CARTESIAN_POINT('',(-0.0144160196624969,-0.0570633909777092,0.02635));
#2618=CARTESIAN_POINT('',(0.0485410196624969,0.0352671151375484,0.02635));
#2619=CARTESIAN_POINT('',(0.0526660196624969,0.0352671151375484,0.02635));
#2620=CARTESIAN_POINT('',(-0.0185410196624969,0.0570633909777092,0.02635));
#2621=CARTESIAN_POINT('',(-0.0144160196624969,0.0570633909777092,0.02635));
#2622=CARTESIAN_POINT('',(-0.06,0.,0.02635));
#2623=CARTESIAN_POINT('',(-0.055875,0.,0.02635));
#2624=CARTESIAN_POINT('',(0.0485410196624969,-0.0352671151375484,0.02635));
#2625=CARTESIAN_POINT('',(0.0526660196624969,-0.0352671151375484,0.02635));
#2626=CARTESIAN_POINT('',(-3.46944695195361E-18,0.025,0.02635));
#2627=CARTESIAN_POINT('',(-0.0033,0.025,0.02635));
#2628=CARTESIAN_POINT('',(-0.0176776695296637,0.0176776695296637,0.02635));
#2629=CARTESIAN_POINT('',(-0.0209776695296637,0.0176776695296637,0.02635));
#2630=CARTESIAN_POINT('',(0.0176776695296637,0.0176776695296637,0.02635));
#2631=CARTESIAN_POINT('',(0.0143776695296637,0.0176776695296637,0.02635));
#2632=CARTESIAN_POINT('',(-0.0176776695296637,-0.0176776695296637,0.02635));
#2633=CARTESIAN_POINT('',(-0.0209776695296637,-0.0176776695296637,0.02635));
#2634=CARTESIAN_POINT('',(0.,-0.025,0.02635));
#2635=CARTESIAN_POINT('',(-0.0033,-0.025,0.02635));
#2636=CARTESIAN_POINT('',(0.0176776695296637,-0.0176776695296637,0.02635));
#2637=CARTESIAN_POINT('',(0.0143776695296637,-0.0176776695296637,0.02635));
#2638=CARTESIAN_POINT('',(0.,0.,0.04635));
#2639=CARTESIAN_POINT('',(-0.0185410196624969,-0.0570633909777092,0.04635));
#2640=CARTESIAN_POINT('',(-0.0207910196624968,-0.0570633909777092,0.04635));
#2641=CARTESIAN_POINT('',(0.0485410196624969,0.0352671151375484,0.04635));
#2642=CARTESIAN_POINT('',(0.0462910196624969,0.0352671151375484,0.04635));
#2643=CARTESIAN_POINT('',(-0.0185410196624969,0.0570633909777092,0.04635));
#2644=CARTESIAN_POINT('',(-0.0207910196624968,0.0570633909777092,0.04635));
#2645=CARTESIAN_POINT('',(-0.06,0.,0.04635));
#2646=CARTESIAN_POINT('',(-0.06225,0.,0.04635));
#2647=CARTESIAN_POINT('',(0.0485410196624969,-0.0352671151375484,0.04635));
#2648=CARTESIAN_POINT('',(0.0462910196624969,-0.0352671151375484,0.04635));
#2649=CARTESIAN_POINT('',(-3.46944695195361E-18,0.025,0.04635));
#2650=CARTESIAN_POINT('',(-0.005625,0.025,0.04635));
#2651=CARTESIAN_POINT('',(-0.0176776695296637,0.0176776695296637,0.04635));
#2652=CARTESIAN_POINT('',(-0.0233026695296637,0.0176776695296637,0.04635));
#2653=CARTESIAN_POINT('',(0.0176776695296637,0.0176776695296637,0.04635));
#2654=CARTESIAN_POINT('',(0.0120526695296637,0.0176776695296637,0.04635));
#2655=CARTESIAN_POINT('',(-0.0176776695296637,-0.0176776695296637,0.04635));
#2656=CARTESIAN_POINT('',(-0.0233026695296637,-0.0176776695296637,0.04635));
#2657=CARTESIAN_POINT('',(0.,-0.025,0.04635));
#2658=CARTESIAN_POINT('',(-0.005625,-0.025,0.04635));
#2659=CARTESIAN_POINT('',(0.0176776695296637,-0.0176776695296637,0.04635));
#2660=CARTESIAN_POINT('',(0.0120526695296637,-0.0176776695296637,0.04635));
#2661=CARTESIAN_POINT('',(0.0289005453328857,0.005,0.04635));
#2662=CARTESIAN_POINT('',(0.0393462427454841,0.005,0.04635));
#2663=CARTESIAN_POINT('',(0.0393462427454841,0.005,0.04635));
#2664=CARTESIAN_POINT('',(0.0600343240360913,0.00962562017103058,0.04635));
#2665=CARTESIAN_POINT('',(0.0482786189902419,0.0258059600585295,0.04635));
#2666=CARTESIAN_POINT('',(0.0449020553030336,0.0233527429412541,0.04635));
#2667=CARTESIAN_POINT('',(0.0529494090546904,0.0291994876797363,0.04635));
#2668=CARTESIAN_POINT('',(0.0485410196624968,0.0352671151375484,0.04635));
#2669=CARTESIAN_POINT('',(0.0441326302703033,0.0413347425953605,0.04635));
#2670=CARTESIAN_POINT('',(0.0360852765186465,0.0354879978568783,0.04635));
#2671=CARTESIAN_POINT('',(0.0394618402058547,0.0379412149741538,0.04635));
#2672=CARTESIAN_POINT('',(0.0277061351600053,0.0541215548616527,0.04635));
#2673=CARTESIAN_POINT('',(0.00939711758592391,0.0600705152901461,0.04635));
#2674=CARTESIAN_POINT('',(-0.00962401273997917,0.0538901754026472,0.04635));
#2675=CARTESIAN_POINT('',(-0.00833428017664427,0.0499207867251125,0.04635));
#2676=CARTESIAN_POINT('',(-0.0114080957902832,0.0593810184355213,0.04635));
#2677=CARTESIAN_POINT('',(-0.0185410196624969,0.0570633909777092,0.04635));
#2678=CARTESIAN_POINT('',(-0.0256739435347105,0.0547457635198971,0.04635));
#2679=CARTESIAN_POINT('',(-0.0226001279210715,0.0452855318094883,0.04635));
#2680=CARTESIAN_POINT('',(-0.0238898604844065,0.049254920487023,0.04635));
#2681=CARTESIAN_POINT('',(-0.0429109908103096,0.043074580599524,0.04635));
#2682=CARTESIAN_POINT('',(-0.054226585971711,0.0275,0.04635));
#2683=CARTESIAN_POINT('',(-0.054226585971711,0.0075,0.04635));
#2684=CARTESIAN_POINT('',(-0.0500529237239642,0.0075,0.04635));
#2685=CARTESIAN_POINT('',(-0.06,0.0075,0.04635));
#2686=CARTESIAN_POINT('',(-0.06,0.,0.04635));
#2687=CARTESIAN_POINT('',(-0.06,-0.0075,0.04635));
#2688=CARTESIAN_POINT('',(-0.0500529237239642,-0.0075,0.04635));
#2689=CARTESIAN_POINT('',(-0.054226585971711,-0.0075,0.04635));
#2690=CARTESIAN_POINT('',(-0.054226585971711,-0.0275,0.04635));
#2691=CARTESIAN_POINT('',(-0.0429109908103096,-0.043074580599524,0.04635));
#2692=CARTESIAN_POINT('',(-0.0238898604844065,-0.049254920487023,0.04635));
#2693=CARTESIAN_POINT('',(-0.0226001279210715,-0.0452855318094883,0.04635));
#2694=CARTESIAN_POINT('',(-0.0256739435347105,-0.0547457635198971,0.04635));
#2695=CARTESIAN_POINT('',(-0.0185410196624969,-0.0570633909777092,0.04635));
#2696=CARTESIAN_POINT('',(-0.0114080957902832,-0.0593810184355213,0.04635));
#2697=CARTESIAN_POINT('',(-0.00833428017664425,-0.0499207867251125,0.04635));
#2698=CARTESIAN_POINT('',(-0.00962401273997916,-0.0538901754026472,0.04635));
#2699=CARTESIAN_POINT('',(0.00939711758592391,-0.0600705152901462,0.04635));
#2700=CARTESIAN_POINT('',(0.0277061351600053,-0.0541215548616527,0.04635));
#2701=CARTESIAN_POINT('',(0.0394618402058547,-0.0379412149741538,0.04635));
#2702=CARTESIAN_POINT('',(0.0360852765186465,-0.0354879978568783,0.04635));
#2703=CARTESIAN_POINT('',(0.0441326302703033,-0.0413347425953605,0.04635));
#2704=CARTESIAN_POINT('',(0.0485410196624969,-0.0352671151375484,0.04635));
#2705=CARTESIAN_POINT('',(0.0529494090546904,-0.0291994876797362,0.04635));
#2706=CARTESIAN_POINT('',(0.0449020553030336,-0.0233527429412541,0.04635));
#2707=CARTESIAN_POINT('',(0.0482786189902419,-0.0258059600585295,0.04635));
#2708=CARTESIAN_POINT('',(0.0600343240360913,-0.00962562017103056,0.04635));
#2709=CARTESIAN_POINT('',(0.0403348147189294,-0.00615074963773872,0.04635));
#2710=CARTESIAN_POINT('',(0.0393462427454841,-0.005,0.04635));
#2711=CARTESIAN_POINT('',(0.0289005453328857,-0.005,0.04635));
#2712=CARTESIAN_POINT('',(0.0176776695296637,-0.0176776695296637,0.04635));
#2713=CARTESIAN_POINT('',(0.0176776695296637,-0.0176776695296637,0.04035));
#2714=CARTESIAN_POINT('',(0.0143776695296637,-0.0176776695296637,0.04035));
#2715=CARTESIAN_POINT('',(0.0233026695296637,-0.0176776695296637,0.04035));
#2716=CARTESIAN_POINT('',(0.0176776695296637,-0.0176776695296637,0.04035));
#2717=CARTESIAN_POINT('',(0.0120526695296637,-0.0176776695296637,0.04035));
#2718=CARTESIAN_POINT('',(0.0176776695296637,-0.0176776695296637,0.04635));
#2719=CARTESIAN_POINT('',(0.,-0.025,0.04635));
#2720=CARTESIAN_POINT('',(0.,-0.025,0.04035));
#2721=CARTESIAN_POINT('',(-0.0033,-0.025,0.04035));
#2722=CARTESIAN_POINT('',(0.005625,-0.025,0.04035));
#2723=CARTESIAN_POINT('',(0.,-0.025,0.04035));
#2724=CARTESIAN_POINT('',(-0.005625,-0.025,0.04035));
#2725=CARTESIAN_POINT('',(0.,-0.025,0.04635));
#2726=CARTESIAN_POINT('',(-0.0176776695296637,-0.0176776695296637,0.04635));
#2727=CARTESIAN_POINT('',(-0.0176776695296637,-0.0176776695296637,0.04035));
#2728=CARTESIAN_POINT('',(-0.0209776695296637,-0.0176776695296637,0.04035));
#2729=CARTESIAN_POINT('',(-0.0120526695296637,-0.0176776695296637,0.04035));
#2730=CARTESIAN_POINT('',(-0.0176776695296637,-0.0176776695296637,0.04035));
#2731=CARTESIAN_POINT('',(-0.0233026695296637,-0.0176776695296637,0.04035));
#2732=CARTESIAN_POINT('',(-0.0176776695296637,-0.0176776695296637,0.04635));
#2733=CARTESIAN_POINT('',(0.0176776695296637,0.0176776695296637,0.04635));
#2734=CARTESIAN_POINT('',(0.0176776695296637,0.0176776695296637,0.04035));
#2735=CARTESIAN_POINT('',(0.0143776695296637,0.0176776695296637,0.04035));
#2736=CARTESIAN_POINT('',(0.0233026695296637,0.0176776695296637,0.04035));
#2737=CARTESIAN_POINT('',(0.0176776695296637,0.0176776695296637,0.04035));
#2738=CARTESIAN_POINT('',(0.0120526695296637,0.0176776695296637,0.04035));
#2739=CARTESIAN_POINT('',(0.0176776695296637,0.0176776695296637,0.04635));
#2740=CARTESIAN_POINT('',(-0.0176776695296637,0.0176776695296637,0.04635));
#2741=CARTESIAN_POINT('',(-0.0176776695296637,0.0176776695296637,0.04035));
#2742=CARTESIAN_POINT('',(-0.0209776695296637,0.0176776695296637,0.04035));
#2743=CARTESIAN_POINT('',(-0.0120526695296637,0.0176776695296637,0.04035));
#2744=CARTESIAN_POINT('',(-0.0176776695296637,0.0176776695296637,0.04035));
#2745=CARTESIAN_POINT('',(-0.0233026695296637,0.0176776695296637,0.04035));
#2746=CARTESIAN_POINT('',(-0.0176776695296637,0.0176776695296637,0.04635));
#2747=CARTESIAN_POINT('',(-3.46944695195361E-18,0.025,0.04635));
#2748=CARTESIAN_POINT('',(-3.46944695195361E-18,0.025,0.04035));
#2749=CARTESIAN_POINT('',(-0.0033,0.025,0.04035));
#2750=CARTESIAN_POINT('',(0.005625,0.025,0.04035));
#2751=CARTESIAN_POINT('',(-3.46944695195361E-18,0.025,0.04035));
#2752=CARTESIAN_POINT('',(-0.005625,0.025,0.04035));
#2753=CARTESIAN_POINT('',(-3.46944695195361E-18,0.025,0.04635));
#2754=CARTESIAN_POINT('',(-0.0185410196624969,-0.0570633909777092,0.026348));
#2755=CARTESIAN_POINT('',(-0.0256739435347105,-0.0547457635198971,0.026348));
#2756=CARTESIAN_POINT('',(-0.0256739435347105,-0.0547457635198971,0.02735));
#2757=CARTESIAN_POINT('',(-0.0185410196624969,-0.0570633909777092,0.02735));
#2758=CARTESIAN_POINT('',(-0.0114080957902832,-0.0593810184355213,0.02735));
#2759=CARTESIAN_POINT('',(-0.0114080957902832,-0.0593810184355213,0.026348));
#2760=CARTESIAN_POINT('',(-0.00833428017664425,-0.0499207867251125,0.026348));
#2761=CARTESIAN_POINT('',(-0.00833428017664425,-0.0499207867251125,0.02735));
#2762=CARTESIAN_POINT('',(-0.00962401273997916,-0.0538901754026472,0.02735));
#2763=CARTESIAN_POINT('',(-0.00962401273997916,-0.0538901754026472,0.026348));
#2764=CARTESIAN_POINT('',(-0.0226001279210715,-0.0452855318094883,0.026348));
#2765=CARTESIAN_POINT('',(-0.0238898604844065,-0.049254920487023,0.02635));
#2766=CARTESIAN_POINT('',(-0.0238898604844065,-0.049254920487023,0.02735));
#2767=CARTESIAN_POINT('',(-0.0256739435347105,-0.0547457635198971,0.02735));
#2768=CARTESIAN_POINT('',(0.0485410196624969,-0.0352671151375484,0.026348));
#2769=CARTESIAN_POINT('',(0.0441326302703033,-0.0413347425953605,0.026348));
#2770=CARTESIAN_POINT('',(0.0441326302703033,-0.0413347425953605,0.02735));
#2771=CARTESIAN_POINT('',(0.0485410196624969,-0.0352671151375484,0.02735));
#2772=CARTESIAN_POINT('',(0.0529494090546904,-0.0291994876797362,0.02735));
#2773=CARTESIAN_POINT('',(0.0529494090546904,-0.0291994876797362,0.026348));
#2774=CARTESIAN_POINT('',(0.0449020553030336,-0.0233527429412541,0.026348));
#2775=CARTESIAN_POINT('',(0.0449020553030336,-0.0233527429412541,0.02735));
#2776=CARTESIAN_POINT('',(0.0482786189902419,-0.0258059600585295,0.02735));
#2777=CARTESIAN_POINT('',(0.0482786189902419,-0.0258059600585295,0.026348));
#2778=CARTESIAN_POINT('',(0.0360852765186465,-0.0354879978568783,0.026348));
#2779=CARTESIAN_POINT('',(0.0394618402058547,-0.0379412149741538,0.02635));
#2780=CARTESIAN_POINT('',(0.0394618402058547,-0.0379412149741538,0.02735));
#2781=CARTESIAN_POINT('',(0.0441326302703033,-0.0413347425953605,0.02735));
#2782=CARTESIAN_POINT('',(0.0485410196624968,0.0352671151375484,0.026348));
#2783=CARTESIAN_POINT('',(0.0529494090546904,0.0291994876797363,0.026348));
#2784=CARTESIAN_POINT('',(0.0529494090546904,0.0291994876797363,0.02735));
#2785=CARTESIAN_POINT('',(0.0485410196624968,0.0352671151375484,0.02735));
#2786=CARTESIAN_POINT('',(0.0441326302703033,0.0413347425953605,0.02735));
#2787=CARTESIAN_POINT('',(0.0441326302703033,0.0413347425953605,0.026348));
#2788=CARTESIAN_POINT('',(0.0360852765186465,0.0354879978568783,0.026348));
#2789=CARTESIAN_POINT('',(0.0360852765186465,0.0354879978568783,0.02735));
#2790=CARTESIAN_POINT('',(0.0394618402058547,0.0379412149741538,0.02735));
#2791=CARTESIAN_POINT('',(0.0394618402058547,0.0379412149741538,0.026348));
#2792=CARTESIAN_POINT('',(0.0449020553030336,0.0233527429412541,0.026348));
#2793=CARTESIAN_POINT('',(0.0482786189902419,0.0258059600585295,0.02635));
#2794=CARTESIAN_POINT('',(0.0482786189902419,0.0258059600585295,0.02735));
#2795=CARTESIAN_POINT('',(0.0529494090546904,0.0291994876797363,0.02735));
#2796=CARTESIAN_POINT('',(-0.0185410196624969,0.0570633909777092,0.026348));
#2797=CARTESIAN_POINT('',(-0.0114080957902832,0.0593810184355213,0.026348));
#2798=CARTESIAN_POINT('',(-0.0114080957902832,0.0593810184355213,0.02735));
#2799=CARTESIAN_POINT('',(-0.0185410196624969,0.0570633909777092,0.02735));
#2800=CARTESIAN_POINT('',(-0.0256739435347105,0.0547457635198971,0.02735));
#2801=CARTESIAN_POINT('',(-0.0256739435347105,0.0547457635198971,0.026348));
#2802=CARTESIAN_POINT('',(-0.0226001279210715,0.0452855318094883,0.026348));
#2803=CARTESIAN_POINT('',(-0.0226001279210715,0.0452855318094883,0.02735));
#2804=CARTESIAN_POINT('',(-0.0238898604844065,0.049254920487023,0.02735));
#2805=CARTESIAN_POINT('',(-0.0238898604844065,0.049254920487023,0.026348));
#2806=CARTESIAN_POINT('',(-0.00833428017664427,0.0499207867251125,0.026348));
#2807=CARTESIAN_POINT('',(-0.00962401273997916,0.0538901754026472,0.02635));
#2808=CARTESIAN_POINT('',(-0.00962401273997916,0.0538901754026472,0.02735));
#2809=CARTESIAN_POINT('',(-0.0114080957902832,0.0593810184355213,0.02735));
#2810=CARTESIAN_POINT('',(-0.06,0.,0.026348));
#2811=CARTESIAN_POINT('',(-0.06,0.0075,0.026348));
#2812=CARTESIAN_POINT('',(-0.06,0.0075,0.02735));
#2813=CARTESIAN_POINT('',(-0.06,0.,0.02735));
#2814=CARTESIAN_POINT('',(-0.06,-0.0075,0.02735));
#2815=CARTESIAN_POINT('',(-0.06,-0.0075,0.026348));
#2816=CARTESIAN_POINT('',(-0.0500529237239642,-0.0075,0.026348));
#2817=CARTESIAN_POINT('',(-0.0500529237239642,-0.0075,0.02735));
#2818=CARTESIAN_POINT('',(-0.054226585971711,-0.0075,0.02735));
#2819=CARTESIAN_POINT('',(-0.054226585971711,-0.0075,0.026348));
#2820=CARTESIAN_POINT('',(-0.0500529237239642,0.0075,0.026348));
#2821=CARTESIAN_POINT('',(-0.054226585971711,0.0075,0.02635));
#2822=CARTESIAN_POINT('',(-0.054226585971711,0.0075,0.02735));
#2823=CARTESIAN_POINT('',(-0.06,0.0075,0.02735));
#2824=CARTESIAN_POINT('',(-0.0429109908103096,-0.043074580599524,0.02635));
#2825=CARTESIAN_POINT('',(-0.0429109908103096,-0.043074580599524,0.02735));
#2826=CARTESIAN_POINT('',(0.00939711758592391,-0.0600705152901462,0.02635));
#2827=CARTESIAN_POINT('',(0.00939711758592391,-0.0600705152901462,0.02735));
#2828=CARTESIAN_POINT('',(0.0277061351600053,-0.0541215548616527,0.02635));
#2829=CARTESIAN_POINT('',(0.0277061351600053,-0.0541215548616527,0.02735));
#2830=CARTESIAN_POINT('',(0.0600343240360913,-0.00962562017103056,0.02635));
#2831=CARTESIAN_POINT('',(0.0600343240360913,-0.00962562017103056,0.02735));
#2832=CARTESIAN_POINT('',(0.0600343240360913,0.00962562017103058,0.02635));
#2833=CARTESIAN_POINT('',(0.0600343240360913,0.00962562017103058,0.02735));
#2834=CARTESIAN_POINT('',(0.0277061351600053,0.0541215548616527,0.02635));
#2835=CARTESIAN_POINT('',(0.0277061351600053,0.0541215548616527,0.02735));
#2836=CARTESIAN_POINT('',(0.00939711758592391,0.0600705152901461,0.02635));
#2837=CARTESIAN_POINT('',(0.00939711758592391,0.0600705152901461,0.02735));
#2838=CARTESIAN_POINT('',(-0.0429109908103096,0.043074580599524,0.02635));
#2839=CARTESIAN_POINT('',(-0.0429109908103096,0.043074580599524,0.02735));
#2840=CARTESIAN_POINT('',(-0.054226585971711,0.0275,0.02635));
#2841=CARTESIAN_POINT('',(-0.054226585971711,0.0275,0.02735));
#2842=CARTESIAN_POINT('',(-0.054226585971711,-0.0275,0.02635));
#2843=CARTESIAN_POINT('',(-0.054226585971711,-0.0275,0.02735));
#2844=CARTESIAN_POINT('',(0.0485410196624969,-0.0352671151375484,0.02635));
#2845=CARTESIAN_POINT('',(0.0485410196624969,-0.0352671151375484,0.03035));
#2846=CARTESIAN_POINT('',(0.0507910196624969,-0.0352671151375484,0.03035));
#2847=CARTESIAN_POINT('',(0.0526660196624968,-0.0352671151375484,0.03035));
#2848=CARTESIAN_POINT('',(0.0485410196624969,-0.0352671151375484,0.03035));
#2849=CARTESIAN_POINT('',(0.0526660196624969,-0.0352671151375484,0.03035));
#2850=CARTESIAN_POINT('',(0.0485410196624969,-0.0352671151375484,0.02635));
#2851=CARTESIAN_POINT('',(-0.06,0.,0.02635));
#2852=CARTESIAN_POINT('',(-0.06,0.,0.03035));
#2853=CARTESIAN_POINT('',(-0.05775,0.,0.03035));
#2854=CARTESIAN_POINT('',(-0.055875,0.,0.03035));
#2855=CARTESIAN_POINT('',(-0.06,0.,0.03035));
#2856=CARTESIAN_POINT('',(-0.055875,0.,0.03035));
#2857=CARTESIAN_POINT('',(-0.06,0.,0.02635));
#2858=CARTESIAN_POINT('',(-0.0185410196624969,0.0570633909777092,0.02635));
#2859=CARTESIAN_POINT('',(-0.0185410196624969,0.0570633909777092,0.03035));
#2860=CARTESIAN_POINT('',(-0.0162910196624969,0.0570633909777092,0.03035));
#2861=CARTESIAN_POINT('',(-0.0144160196624968,0.0570633909777092,0.03035));
#2862=CARTESIAN_POINT('',(-0.0185410196624969,0.0570633909777092,0.03035));
#2863=CARTESIAN_POINT('',(-0.0144160196624969,0.0570633909777092,0.03035));
#2864=CARTESIAN_POINT('',(-0.0185410196624969,0.0570633909777092,0.02635));
#2865=CARTESIAN_POINT('',(0.0485410196624969,0.0352671151375484,0.02635));
#2866=CARTESIAN_POINT('',(0.0485410196624969,0.0352671151375484,0.03035));
#2867=CARTESIAN_POINT('',(0.0507910196624969,0.0352671151375484,0.03035));
#2868=CARTESIAN_POINT('',(0.0526660196624968,0.0352671151375484,0.03035));
#2869=CARTESIAN_POINT('',(0.0485410196624969,0.0352671151375484,0.03035));
#2870=CARTESIAN_POINT('',(0.0526660196624969,0.0352671151375484,0.03035));
#2871=CARTESIAN_POINT('',(0.0485410196624969,0.0352671151375484,0.02635));
#2872=CARTESIAN_POINT('',(-0.0185410196624969,-0.0570633909777092,0.02635));
#2873=CARTESIAN_POINT('',(-0.0185410196624969,-0.0570633909777092,0.03035));
#2874=CARTESIAN_POINT('',(-0.0162910196624969,-0.0570633909777092,0.03035));
#2875=CARTESIAN_POINT('',(-0.0144160196624968,-0.0570633909777092,0.03035));
#2876=CARTESIAN_POINT('',(-0.0185410196624969,-0.0570633909777092,0.03035));
#2877=CARTESIAN_POINT('',(-0.0144160196624969,-0.0570633909777092,0.03035));
#2878=CARTESIAN_POINT('',(-0.0185410196624969,-0.0570633909777092,0.02635));
#2879=CARTESIAN_POINT('',(0.0289005453328857,0.005,0.03635));
#2880=CARTESIAN_POINT('',(0.0393462427454841,0.005,0.04635));
#2881=CARTESIAN_POINT('',(0.0289005453328857,-0.005,0.03635));
#2882=CARTESIAN_POINT('',(0.0393462427454841,-0.005,0.03635));
#2883=CARTESIAN_POINT('',(0.0403348147189294,-0.00615074963773872,0.02635));
#2884=CARTESIAN_POINT('',(0.0403348147189294,-0.00615074963773873,0.04135));
#2885=CARTESIAN_POINT('',(0.0400052907277809,-0.00576716642515915,0.04135));
#2886=CARTESIAN_POINT('',(0.0396757667366325,-0.00538358321257958,0.04135));
#2887=CARTESIAN_POINT('',(0.0393462427454841,-0.005,0.04135));
#2888=CARTESIAN_POINT('',(0.0403348147189294,0.00615074963773872,0.04135));
#2889=CARTESIAN_POINT('',(0.0403318683268237,0.00615554125485281,0.0397612155534225));
#2890=CARTESIAN_POINT('',(0.0404450502009307,0.00548866676233519,0.0382177135744232));
#2891=CARTESIAN_POINT('',(0.0406308342793344,0.0037755516718894,0.036548311727339));
#2892=CARTESIAN_POINT('',(0.0406900886032339,0.00309698582290738,0.0361075357317321));
#2893=CARTESIAN_POINT('',(0.0407765376063215,0.00160458966820142,0.0355034855131449));
#2894=CARTESIAN_POINT('',(0.0408012065798968,0.000803033431380582,0.0353497033646629));
#2895=CARTESIAN_POINT('',(0.040800858050393,-0.00161994829080697,0.0353505983641573));
#2896=CARTESIAN_POINT('',(0.0406928857909849,-0.00321263243262176,0.0359972632082802));
#2897=CARTESIAN_POINT('',(0.0404443759023458,-0.0054856871162335,0.0382173051871543));
#2898=CARTESIAN_POINT('',(0.0403316763529444,-0.00615658480807951,0.0397737668095356));
#2899=CARTESIAN_POINT('',(0.0403348147189294,-0.00615074963773873,0.04135));
#2900=CARTESIAN_POINT('',(0.0393462427454841,0.005,0.04135));
#2901=CARTESIAN_POINT('',(0.0393433685669408,0.00500389514888128,0.0400260129611832));
#2902=CARTESIAN_POINT('',(0.0394537764414659,0.00446178690655515,0.0387397613749433));
#2903=CARTESIAN_POINT('',(0.0396350071225497,0.00306918006382138,0.0373485930746449));
#2904=CARTESIAN_POINT('',(0.0396928091690431,0.00251756778450095,0.0369812797780526));
#2905=CARTESIAN_POINT('',(0.039777139381197,0.00130438544723335,0.0364779045926625));
#2906=CARTESIAN_POINT('',(0.0398012037389817,0.00065279370905294,0.0363497528038309));
#2907=CARTESIAN_POINT('',(0.0398008637515707,-0.00131687175649006,0.036350498636882));
#2908=CARTESIAN_POINT('',(0.0396955377981481,-0.0026115779723682,0.0368893860238806));
#2909=CARTESIAN_POINT('',(0.0394531186797858,-0.00445936464532961,0.0387394209723029));
#2910=CARTESIAN_POINT('',(0.0393431812981778,-0.00500474346273582,0.0400364723412774));
#2911=CARTESIAN_POINT('',(0.0393462427454841,-0.005,0.04135));
#2912=CARTESIAN_POINT('',(0.0393462427454841,0.005,0.04135));
#2913=CARTESIAN_POINT('',(0.0396757667366325,0.00538358321257957,0.04135));
#2914=CARTESIAN_POINT('',(0.040005290727781,0.00576716642515915,0.04135));
#2915=CARTESIAN_POINT('',(0.0403348147189294,0.00615074963773872,0.04135));
#2916=CARTESIAN_POINT('',(0.0393462427454841,0.005,0.02635));
#2917=CARTESIAN_POINT('',(0.0485410196624968,0.0352671151375484,0.02735));
#2918=CARTESIAN_POINT('',(0.0441326302703033,0.0413347425953605,0.02735));
#2919=CARTESIAN_POINT('',(0.0523616238023979,0.0300085046741112,0.02635));
#2920=CARTESIAN_POINT('',(0.00382060413990108,-0.00525861046343716,0.02635));
#2921=CARTESIAN_POINT('',(0.0476908337379494,0.0266149770529045,0.02635));
#2922=CARTESIAN_POINT('',(0.0360852765186465,0.0354879978568783,0.02735));
#2923=CARTESIAN_POINT('',(0.0394618402058547,0.0379412149741538,0.02735));
#2924=CARTESIAN_POINT('',(0.0600343240360913,0.00962562017103058,0.02635));
#2925=CARTESIAN_POINT('',(0.0392991564436512,0.00630104126334599,0.02635));
#2926=CARTESIAN_POINT('',(0.0277061351600053,0.0541215548616527,0.02635));
#2927=CARTESIAN_POINT('',(0.0185924383967981,0.0363187311724648,0.02735));
#2928=CARTESIAN_POINT('',(0.,-2.4983462542779E-18,0.02635));
#2929=CARTESIAN_POINT('',(0.0392991564436512,-0.00630104126334598,0.02635));
#2930=CARTESIAN_POINT('',(0.,-2.4983462542779E-18,0.02635));
#2931=CARTESIAN_POINT('',(0.00630601593527076,0.0403108318264535,0.02735));
#2932=CARTESIAN_POINT('',(0.0600343240360913,-0.00962562017103056,0.02635));
#2933=CARTESIAN_POINT('',(0.0476908337379494,-0.0266149770529045,0.02635));
#2934=CARTESIAN_POINT('',(0.00939711758592391,0.0600705152901461,0.02635));
#2935=CARTESIAN_POINT('',(-0.00962401273997917,0.0538901754026472,0.02735));
#2936=CARTESIAN_POINT('',(0.0449020553030336,-0.0233527429412541,0.02735));
#2937=CARTESIAN_POINT('',(0.0523616238023979,-0.0300085046741112,0.02635));
#2938=CARTESIAN_POINT('',(0.0061818673559185,0.00200861046343716,0.02635));
#2939=CARTESIAN_POINT('',(-0.0114080957902832,0.0593810184355213,0.02735));
#2940=CARTESIAN_POINT('',(0.0485410196624969,-0.0352671151375484,0.02735));
#2941=CARTESIAN_POINT('',(0.0447204155225958,-0.0405257256009856,0.02635));
#2942=CARTESIAN_POINT('',(-0.0185410196624969,0.0570633909777092,0.02735));
#2943=CARTESIAN_POINT('',(-0.0256739435347105,0.0547457635198971,0.02735));
#2944=CARTESIAN_POINT('',(-0.00382060413990108,-0.00525861046343716,0.02635));
#2945=CARTESIAN_POINT('',(0.0400496254581472,-0.0371321979797788,0.02635));
#2946=CARTESIAN_POINT('',(-0.0226001279210715,0.0452855318094883,0.02735));
#2947=CARTESIAN_POINT('',(-0.0238898604844065,0.049254920487023,0.02735));
#2948=CARTESIAN_POINT('',(0.0277061351600053,-0.0541215548616527,0.02635));
#2949=CARTESIAN_POINT('',(0.0181367535586378,-0.0354285899880055,0.02635));
#2950=CARTESIAN_POINT('',(-0.0429109908103096,0.043074580599524,0.02635));
#2951=CARTESIAN_POINT('',(-0.0287957865136647,0.0289055648375179,0.02735));
#2952=CARTESIAN_POINT('',(0.,-2.4983462542779E-18,0.02635));
#2953=CARTESIAN_POINT('',(0.0061514608527381,-0.0393228476532688,0.02635));
#2954=CARTESIAN_POINT('',(0.,-2.4983462542779E-18,0.02635));
#2955=CARTESIAN_POINT('',(-0.0363892131950287,0.018454109638865,0.02735));
#2956=CARTESIAN_POINT('',(0.00939711758592391,-0.0600705152901462,0.02635));
#2957=CARTESIAN_POINT('',(-0.0105750692562743,-0.0535811584082723,0.02635));
#2958=CARTESIAN_POINT('',(-0.054226585971711,0.0275,0.02635));
#2959=CARTESIAN_POINT('',(-0.054226585971711,0.0075,0.02735));
#2960=CARTESIAN_POINT('',(-0.00833428017664425,-0.0499207867251125,0.02735));
#2961=CARTESIAN_POINT('',(-0.0123591523065783,-0.0590720014411464,0.02635));
#2962=CARTESIAN_POINT('',(0.,0.0065,0.02635));
#2963=CARTESIAN_POINT('',(-0.06,0.0075,0.02735));
#2964=CARTESIAN_POINT('',(-0.0185410196624969,-0.0570633909777092,0.02735));
#2965=CARTESIAN_POINT('',(-0.0247228870184153,-0.0550547805142721,0.02635));
#2966=CARTESIAN_POINT('',(-0.06,0.,0.02735));
#2967=CARTESIAN_POINT('',(-0.06,-0.0075,0.02735));
#2968=CARTESIAN_POINT('',(-0.0061818673559185,0.00200861046343716,0.02635));
#2969=CARTESIAN_POINT('',(-0.0229388039681113,-0.0495639374813979,0.02635));
#2970=CARTESIAN_POINT('',(-0.0500529237239642,-0.0075,0.02735));
#2971=CARTESIAN_POINT('',(-0.054226585971711,-0.0075,0.02735));
#2972=CARTESIAN_POINT('',(-0.0429109908103096,-0.043074580599524,0.02635));
#2973=CARTESIAN_POINT('',(-0.0280900262988324,-0.0281971140494176,0.02635));
#2974=CARTESIAN_POINT('',(-0.054226585971711,-0.0275,0.02635));
#2975=CARTESIAN_POINT('',(-0.0363892131950287,-0.018454109638865,0.02735));
#2976=CARTESIAN_POINT('',(0.,-2.4983462542779E-18,0.02635));
#2977=MECHANICAL_DESIGN_GEOMETRIC_PRESENTATION_REPRESENTATION('',(#1669),
#2978);
#2978=(
GEOMETRIC_REPRESENTATION_CONTEXT(3)
GLOBAL_UNCERTAINTY_ASSIGNED_CONTEXT((#2979))
GLOBAL_UNIT_ASSIGNED_CONTEXT((#2982,#2981,#2980))
REPRESENTATION_CONTEXT('Part 2','TOP_LEVEL_ASSEMBLY_PART')
);
#2979=UNCERTAINTY_MEASURE_WITH_UNIT(LENGTH_MEASURE(2.E-5),#2982,
'DISTANCE_ACCURACY_VALUE','Maximum Tolerance applied to model');
#2980=(
NAMED_UNIT(*)
SI_UNIT($,.STERADIAN.)
SOLID_ANGLE_UNIT()
);
#2981=(
NAMED_UNIT(*)
PLANE_ANGLE_UNIT()
SI_UNIT($,.RADIAN.)
);
#2982=(
LENGTH_UNIT()
NAMED_UNIT(*)
SI_UNIT($,.METRE.)
);
#2983=PRODUCT_DEFINITION_SHAPE('','',#2984);
#2984=PRODUCT_DEFINITION('','',#2986,#2985);
#2985=PRODUCT_DEFINITION_CONTEXT('',#2992,'design');
#2986=PRODUCT_DEFINITION_FORMATION_WITH_SPECIFIED_SOURCE('','',#2988,
 .NOT_KNOWN.);
#2987=PRODUCT_RELATED_PRODUCT_CATEGORY('','',(#2988));
#2988=PRODUCT('Part 2','Part 2','Part 2',(#2990));
#2989=PRODUCT_CATEGORY('','');
#2990=PRODUCT_CONTEXT('',#2992,'mechanical');
#2991=APPLICATION_PROTOCOL_DEFINITION('international standard',
'ap242_managed_model_based_3d_engineering',2011,#2992);
#2992=APPLICATION_CONTEXT('managed model based 3d engineering');
ENDSEC;
END-ISO-10303-21;
