ISO-10303-21;
HEADER;
/* Generated by software containing ST-Developer
 * from STEP Tools, Inc. (www.steptools.com) 
 */
/* OPTION: using custom renumber hook */

FILE_DESCRIPTION(
/* description */ ('STEP AP242',
'CAx-IF Rec.Pracs.---Representation and Presentation of Product Manufa
cturing Information (PMI)---4.0---2014-10-13',
'CAx-IF Rec.Pracs.---3D Tessellated Geometry---0.4---2014-09-14','2;1'),

/* implementation_level */ '2;1');

FILE_NAME(
/* name */ '68c323f18b73ffe074733d77',
/* time_stamp */ '2025-09-11T19:34:58Z',
/* author */ (''),
/* organization */ (''),
/* preprocessor_version */ 'ST-DEVELOPER v20',
/* originating_system */ 'ONSHAPE BY PTC INC, 1.203',
/* authorisation */ '  ');

FILE_SCHEMA (('AP242_MANAGED_MODEL_BASED_3D_ENGINEERING_MIM_LF { 1 0 10303 442 1 1 4 }'));
ENDSEC;

DATA;
#10=SHAPE_REPRESENTATION_RELATIONSHIP('','',#4624,#11);
#11=ADVANCED_BREP_SHAPE_REPRESENTATION('',(#4622),#9082);
#12=SPHERICAL_SURFACE('',#5150,0.0675);
#13=SPHERICAL_SURFACE('',#5156,0.0675);
#14=SPHERICAL_SURFACE('',#5162,0.0675);
#15=SPHERICAL_SURFACE('',#5168,0.0675);
#16=SPHERICAL_SURFACE('',#5174,0.0675);
#17=VERTEX_LOOP('',#2933);
#18=VERTEX_LOOP('',#2934);
#19=VERTEX_LOOP('',#2935);
#20=VERTEX_LOOP('',#2936);
#21=VERTEX_LOOP('',#2937);
#22=VERTEX_LOOP('',#2938);
#23=VERTEX_LOOP('',#3065);
#24=VERTEX_LOOP('',#3066);
#25=VERTEX_LOOP('',#3067);
#26=VERTEX_LOOP('',#3068);
#27=VERTEX_LOOP('',#3069);
#28=(
BOUNDED_SURFACE()
B_SPLINE_SURFACE(3,2,((#7520,#7521,#7522),(#7523,#7524,#7525),(#7526,#7527,
#7528),(#7529,#7530,#7531)),.UNSPECIFIED.,.F.,.F.,.F.)
B_SPLINE_SURFACE_WITH_KNOTS((4,4),(3,3),(1.49619899803E-17,0.00344767967212508),
(0.,1.),.PIECEWISE_BEZIER_KNOTS.)
GEOMETRIC_REPRESENTATION_ITEM()
RATIONAL_B_SPLINE_SURFACE(((1.,0.852622534545016,1.),(1.,0.938398000208248,
1.),(1.,0.999999999997066,1.),(1.,1.,1.)))
REPRESENTATION_ITEM('')
SURFACE()
);
#29=(
BOUNDED_SURFACE()
B_SPLINE_SURFACE(3,2,((#7533,#7534,#7535),(#7536,#7537,#7538),(#7539,#7540,
#7541),(#7542,#7543,#7544)),.UNSPECIFIED.,.F.,.F.,.F.)
B_SPLINE_SURFACE_WITH_KNOTS((4,4),(3,3),(7.86046575051991E-18,0.000154124428403638),
(0.,1.),.PIECEWISE_BEZIER_KNOTS.)
GEOMETRIC_REPRESENTATION_ITEM()
RATIONAL_B_SPLINE_SURFACE(((1.,0.847866176586075,1.),(1.,0.849460962485295,
1.),(1.,0.851046927698844,1.),(1.,0.852622534545016,1.)))
REPRESENTATION_ITEM('')
SURFACE()
);
#30=(
BOUNDED_SURFACE()
B_SPLINE_SURFACE(3,2,((#7546,#7547,#7548),(#7549,#7550,#7551),(#7552,#7553,
#7554),(#7555,#7556,#7557),(#7558,#7559,#7560),(#7561,#7562,#7563),(#7564,
#7565,#7566)),.UNSPECIFIED.,.F.,.F.,.F.)
B_SPLINE_SURFACE_WITH_KNOTS((4,1,1,1,4),(3,3),(-1.30104260698261E-18,0.00125481980523145,
0.0025096396104629,0.00376445941569436,0.00501927922092581),(0.,1.),
 .UNSPECIFIED.)
GEOMETRIC_REPRESENTATION_ITEM()
RATIONAL_B_SPLINE_SURFACE(((1.,0.707106781186548,1.),(1.,0.692176636355817,
1.),(1.,0.664690864129508,1.),(1.,0.674197801267215,1.),(1.,0.749903114947067,
1.),(1.,0.816239811258232,1.),(1.,0.847866176586075,1.)))
REPRESENTATION_ITEM('')
SURFACE()
);
#31=(
BOUNDED_SURFACE()
B_SPLINE_SURFACE(3,2,((#7598,#7599,#7600),(#7601,#7602,#7603),(#7604,#7605,
#7606),(#7607,#7608,#7609),(#7610,#7611,#7612),(#7613,#7614,#7615),(#7616,
#7617,#7618)),.UNSPECIFIED.,.F.,.F.,.F.)
B_SPLINE_SURFACE_WITH_KNOTS((4,1,1,1,4),(3,3),(3.90312782094782E-17,0.00125013137614097,
0.0025002627522819,0.00375039412842283,0.00500052550456376),(0.,1.),
 .UNSPECIFIED.)
GEOMETRIC_REPRESENTATION_ITEM()
RATIONAL_B_SPLINE_SURFACE(((1.,0.847866176586075,1.),(1.,0.816237625018191,
1.),(1.,0.750353700102693,1.),(1.,0.674350995056896,1.),(1.,0.664556424207826,
1.),(1.,0.692281797555476,1.),(1.,0.707106781186544,1.)))
REPRESENTATION_ITEM('')
SURFACE()
);
#32=(
BOUNDED_SURFACE()
B_SPLINE_SURFACE(3,2,((#7620,#7621,#7622),(#7623,#7624,#7625),(#7626,#7627,
#7628),(#7629,#7630,#7631)),.UNSPECIFIED.,.F.,.F.,.F.)
B_SPLINE_SURFACE_WITH_KNOTS((4,4),(3,3),(4.87890977618477E-18,0.000154124428403636),
(0.,1.),.PIECEWISE_BEZIER_KNOTS.)
GEOMETRIC_REPRESENTATION_ITEM()
RATIONAL_B_SPLINE_SURFACE(((1.,0.847866176586075,1.),(1.,0.849460962485295,
1.),(1.,0.851046927698856,1.),(1.,0.852622534545016,1.)))
REPRESENTATION_ITEM('')
SURFACE()
);
#33=(
BOUNDED_SURFACE()
B_SPLINE_SURFACE(3,2,((#7633,#7634,#7635),(#7636,#7637,#7638),(#7639,#7640,
#7641),(#7642,#7643,#7644)),.UNSPECIFIED.,.F.,.F.,.F.)
B_SPLINE_SURFACE_WITH_KNOTS((4,4),(3,3),(1.06251812903579E-17,0.00344767967212507),
(0.,1.),.PIECEWISE_BEZIER_KNOTS.)
GEOMETRIC_REPRESENTATION_ITEM()
RATIONAL_B_SPLINE_SURFACE(((1.,0.852622534545016,1.),(1.,0.938398000208507,
1.),(1.,0.999999999997065,1.),(1.,1.,1.)))
REPRESENTATION_ITEM('')
SURFACE()
);
#34=(
BOUNDED_SURFACE()
B_SPLINE_SURFACE(3,2,((#7645,#7646,#7647),(#7648,#7649,#7650),(#7651,#7652,
#7653),(#7654,#7655,#7656)),.UNSPECIFIED.,.F.,.F.,.F.)
B_SPLINE_SURFACE_WITH_KNOTS((4,4),(3,3),(1.49619899803E-17,0.00344767967212508),
(0.,1.),.PIECEWISE_BEZIER_KNOTS.)
GEOMETRIC_REPRESENTATION_ITEM()
RATIONAL_B_SPLINE_SURFACE(((1.,0.852622534545016,1.),(1.,0.938398000208248,
1.),(1.,0.999999999997066,1.),(1.,1.,1.)))
REPRESENTATION_ITEM('')
SURFACE()
);
#35=(
BOUNDED_SURFACE()
B_SPLINE_SURFACE(3,2,((#7658,#7659,#7660),(#7661,#7662,#7663),(#7664,#7665,
#7666),(#7667,#7668,#7669)),.UNSPECIFIED.,.F.,.F.,.F.)
B_SPLINE_SURFACE_WITH_KNOTS((4,4),(3,3),(7.86046575051991E-18,0.000154124428403638),
(0.,1.),.PIECEWISE_BEZIER_KNOTS.)
GEOMETRIC_REPRESENTATION_ITEM()
RATIONAL_B_SPLINE_SURFACE(((1.,0.847866176586075,1.),(1.,0.849460962485289,
1.),(1.,0.851046927698844,1.),(1.,0.852622534545016,1.)))
REPRESENTATION_ITEM('')
SURFACE()
);
#36=(
BOUNDED_SURFACE()
B_SPLINE_SURFACE(3,2,((#7671,#7672,#7673),(#7674,#7675,#7676),(#7677,#7678,
#7679),(#7680,#7681,#7682),(#7683,#7684,#7685),(#7686,#7687,#7688),(#7689,
#7690,#7691)),.UNSPECIFIED.,.F.,.F.,.F.)
B_SPLINE_SURFACE_WITH_KNOTS((4,1,1,1,4),(3,3),(-8.45677694538693E-18,0.00125481980523145,
0.0025096396104629,0.00376445941569436,0.00501927922092581),(0.,1.),
 .UNSPECIFIED.)
GEOMETRIC_REPRESENTATION_ITEM()
RATIONAL_B_SPLINE_SURFACE(((1.,0.707106781186548,1.),(1.,0.692176636356264,
1.),(1.,0.66469086412928,1.),(1.,0.674197801267341,1.),(1.,0.74990311494679,
1.),(1.,0.816239811258794,1.),(1.,0.847866176586075,1.)))
REPRESENTATION_ITEM('')
SURFACE()
);
#37=(
BOUNDED_SURFACE()
B_SPLINE_SURFACE(3,2,((#7723,#7724,#7725),(#7726,#7727,#7728),(#7729,#7730,
#7731),(#7732,#7733,#7734),(#7735,#7736,#7737),(#7738,#7739,#7740),(#7741,
#7742,#7743)),.UNSPECIFIED.,.F.,.F.,.F.)
B_SPLINE_SURFACE_WITH_KNOTS((4,1,1,1,4),(3,3),(3.33934269125535E-17,0.00125013137614097,
0.0025002627522819,0.00375039412842283,0.00500052550456377),(0.,1.),
 .UNSPECIFIED.)
GEOMETRIC_REPRESENTATION_ITEM()
RATIONAL_B_SPLINE_SURFACE(((1.,0.847866176586075,1.),(1.,0.816237625018191,
1.),(1.,0.750353700102667,1.),(1.,0.674350995056991,1.),(1.,0.664556424207458,
1.),(1.,0.692281797556271,1.),(1.,0.707106781186544,1.)))
REPRESENTATION_ITEM('')
SURFACE()
);
#38=(
BOUNDED_SURFACE()
B_SPLINE_SURFACE(3,2,((#7745,#7746,#7747),(#7748,#7749,#7750),(#7751,#7752,
#7753),(#7754,#7755,#7756)),.UNSPECIFIED.,.F.,.F.,.F.)
B_SPLINE_SURFACE_WITH_KNOTS((4,4),(3,3),(7.86046575051991E-18,0.000154124428403639),
(0.,1.),.PIECEWISE_BEZIER_KNOTS.)
GEOMETRIC_REPRESENTATION_ITEM()
RATIONAL_B_SPLINE_SURFACE(((1.,0.847866176586075,1.),(1.,0.849460962485289,
1.),(1.,0.851046927698844,1.),(1.,0.852622534545016,1.)))
REPRESENTATION_ITEM('')
SURFACE()
);
#39=(
BOUNDED_SURFACE()
B_SPLINE_SURFACE(3,2,((#7758,#7759,#7760),(#7761,#7762,#7763),(#7764,#7765,
#7766),(#7767,#7768,#7769)),.UNSPECIFIED.,.F.,.F.,.F.)
B_SPLINE_SURFACE_WITH_KNOTS((4,4),(3,3),(1.49619899803E-17,0.00344767967212508),
(0.,1.),.PIECEWISE_BEZIER_KNOTS.)
GEOMETRIC_REPRESENTATION_ITEM()
RATIONAL_B_SPLINE_SURFACE(((1.,0.852622534545016,1.),(1.,0.938398000208248,
1.),(1.,0.999999999997066,1.),(1.,1.,1.)))
REPRESENTATION_ITEM('')
SURFACE()
);
#40=(
BOUNDED_SURFACE()
B_SPLINE_SURFACE(3,2,((#8681,#8682,#8683),(#8684,#8685,#8686),(#8687,#8688,
#8689),(#8690,#8691,#8692)),.UNSPECIFIED.,.F.,.F.,.F.)
B_SPLINE_SURFACE_WITH_KNOTS((4,4),(3,3),(-3.38271077815477E-17,0.00917442619539193),
(0.,1.),.PIECEWISE_BEZIER_KNOTS.)
GEOMETRIC_REPRESENTATION_ITEM()
RATIONAL_B_SPLINE_SURFACE(((1.,0.782881361258813,1.),(1.,0.80946559495405,
1.),(1.,0.832928690921179,1.),(1.,0.853955020979009,1.)))
REPRESENTATION_ITEM('')
SURFACE()
);
#41=(
BOUNDED_SURFACE()
B_SPLINE_SURFACE(3,2,((#8696,#8697,#8698),(#8699,#8700,#8701),(#8702,#8703,
#8704),(#8705,#8706,#8707),(#8708,#8709,#8710),(#8711,#8712,#8713),(#8714,
#8715,#8716)),.UNSPECIFIED.,.F.,.F.,.F.)
B_SPLINE_SURFACE_WITH_KNOTS((4,1,1,1,4),(3,3),(0.0495909177120305,0.0527874159823546,
0.0559839142526786,0.0591804125230027,0.0623769107933268),(0.,1.),
 .UNSPECIFIED.)
GEOMETRIC_REPRESENTATION_ITEM()
RATIONAL_B_SPLINE_SURFACE(((1.,0.782881361258812,1.),(1.,0.799656567934741,
1.),(1.,0.831083817266391,1.),(1.,0.872138371173548,1.),(1.,0.902052291557602,
1.),(1.,0.909807107019478,1.),(1.,0.9098071070492,1.)))
REPRESENTATION_ITEM('')
SURFACE()
);
#42=(
BOUNDED_SURFACE()
B_SPLINE_SURFACE(3,2,((#8720,#8721,#8722),(#8723,#8724,#8725),(#8726,#8727,
#8728),(#8729,#8730,#8731),(#8732,#8733,#8734),(#8735,#8736,#8737),(#8738,
#8739,#8740)),.UNSPECIFIED.,.F.,.F.,.F.)
B_SPLINE_SURFACE_WITH_KNOTS((4,1,1,1,4),(3,3),(0.0495909177120304,0.0527874159823545,
0.0559839142526786,0.0591804125230026,0.0623769107933267),(0.,1.),
 .UNSPECIFIED.)
GEOMETRIC_REPRESENTATION_ITEM()
RATIONAL_B_SPLINE_SURFACE(((1.,0.782881361258812,1.),(1.,0.799656567934441,
1.),(1.,0.83108381726653,1.),(1.,0.872138371173511,1.),(1.,0.902052291557612,
1.),(1.,0.909807107019478,1.),(1.,0.9098071070492,1.)))
REPRESENTATION_ITEM('')
SURFACE()
);
#43=(
BOUNDED_SURFACE()
B_SPLINE_SURFACE(3,2,((#8744,#8745,#8746),(#8747,#8748,#8749),(#8750,#8751,
#8752),(#8753,#8754,#8755)),.UNSPECIFIED.,.F.,.F.,.F.)
B_SPLINE_SURFACE_WITH_KNOTS((4,4),(3,3),(-3.90312782094782E-18,0.00917442619539205),
(0.,1.),.PIECEWISE_BEZIER_KNOTS.)
GEOMETRIC_REPRESENTATION_ITEM()
RATIONAL_B_SPLINE_SURFACE(((1.,0.782881361258812,1.),(1.,0.809465594952845,
1.),(1.,0.832928690921689,1.),(1.,0.853955020979009,1.)))
REPRESENTATION_ITEM('')
SURFACE()
);
#44=(
BOUNDED_SURFACE()
B_SPLINE_SURFACE(3,2,((#8756,#8757,#8758),(#8759,#8760,#8761),(#8762,#8763,
#8764),(#8765,#8766,#8767)),.UNSPECIFIED.,.F.,.F.,.F.)
B_SPLINE_SURFACE_WITH_KNOTS((4,4),(3,3),(-3.77302356024956E-17,0.00917442619539212),
(0.,1.),.PIECEWISE_BEZIER_KNOTS.)
GEOMETRIC_REPRESENTATION_ITEM()
RATIONAL_B_SPLINE_SURFACE(((1.,0.782881361258812,1.),(1.,0.809465594953878,
1.),(1.,0.832928690921859,1.),(1.,0.85395502097901,1.)))
REPRESENTATION_ITEM('')
SURFACE()
);
#45=(
BOUNDED_SURFACE()
B_SPLINE_SURFACE(3,2,((#8771,#8772,#8773),(#8774,#8775,#8776),(#8777,#8778,
#8779),(#8780,#8781,#8782),(#8783,#8784,#8785),(#8786,#8787,#8788),(#8789,
#8790,#8791)),.UNSPECIFIED.,.F.,.F.,.F.)
B_SPLINE_SURFACE_WITH_KNOTS((4,1,1,1,4),(3,3),(0.0495909177120304,0.0527874159823544,
0.0559839142526785,0.0591804125230026,0.0623769107933266),(0.,1.),
 .UNSPECIFIED.)
GEOMETRIC_REPRESENTATION_ITEM()
RATIONAL_B_SPLINE_SURFACE(((1.,0.782881361258813,1.),(1.,0.799656567934742,
1.),(1.,0.831083817266398,1.),(1.,0.872138371173526,1.),(1.,0.902052291557684,
1.),(1.,0.9098071070193,1.),(1.,0.9098071070492,1.)))
REPRESENTATION_ITEM('')
SURFACE()
);
#46=(
BOUNDED_SURFACE()
B_SPLINE_SURFACE(3,2,((#8795,#8796,#8797),(#8798,#8799,#8800),(#8801,#8802,
#8803),(#8804,#8805,#8806),(#8807,#8808,#8809),(#8810,#8811,#8812),(#8813,
#8814,#8815)),.UNSPECIFIED.,.F.,.F.,.F.)
B_SPLINE_SURFACE_WITH_KNOTS((4,1,1,1,4),(3,3),(0.0495909177120305,0.0527874159823546,
0.0559839142526787,0.0591804125230027,0.0623769107933268),(0.,1.),
 .UNSPECIFIED.)
GEOMETRIC_REPRESENTATION_ITEM()
RATIONAL_B_SPLINE_SURFACE(((1.,0.782881361258812,1.),(1.,0.799656567934501,
1.),(1.,0.831083817266501,1.),(1.,0.872138371173526,1.),(1.,0.902052291557582,
1.),(1.,0.909807107019538,1.),(1.,0.9098071070492,1.)))
REPRESENTATION_ITEM('')
SURFACE()
);
#47=(
BOUNDED_SURFACE()
B_SPLINE_SURFACE(3,2,((#8819,#8820,#8821),(#8822,#8823,#8824),(#8825,#8826,
#8827),(#8828,#8829,#8830)),.UNSPECIFIED.,.F.,.F.,.F.)
B_SPLINE_SURFACE_WITH_KNOTS((4,4),(3,3),(-2.66713734431434E-17,0.00917442619539204),
(0.,1.),.PIECEWISE_BEZIER_KNOTS.)
GEOMETRIC_REPRESENTATION_ITEM()
RATIONAL_B_SPLINE_SURFACE(((1.,0.782881361258812,1.),(1.,0.809465594953878,
1.),(1.,0.832928690921179,1.),(1.,0.853955020979009,1.)))
REPRESENTATION_ITEM('')
SURFACE()
);
#48=(
BOUNDED_SURFACE()
B_SPLINE_SURFACE(3,2,((#8831,#8832,#8833),(#8834,#8835,#8836),(#8837,#8838,
#8839),(#8840,#8841,#8842)),.UNSPECIFIED.,.F.,.F.,.F.)
B_SPLINE_SURFACE_WITH_KNOTS((4,4),(3,3),(1.10588621593521E-17,0.00917442619539214),
(0.,1.),.PIECEWISE_BEZIER_KNOTS.)
GEOMETRIC_REPRESENTATION_ITEM()
RATIONAL_B_SPLINE_SURFACE(((1.,0.782881361258812,1.),(1.,0.809465594949575,
1.),(1.,0.832928690919821,1.),(1.,0.853955020979009,1.)))
REPRESENTATION_ITEM('')
SURFACE()
);
#49=(
BOUNDED_SURFACE()
B_SPLINE_SURFACE(3,2,((#8846,#8847,#8848),(#8849,#8850,#8851),(#8852,#8853,
#8854),(#8855,#8856,#8857),(#8858,#8859,#8860),(#8861,#8862,#8863),(#8864,
#8865,#8866)),.UNSPECIFIED.,.F.,.F.,.F.)
B_SPLINE_SURFACE_WITH_KNOTS((4,1,1,1,4),(3,3),(0.0495909177120303,0.0527874159823544,
0.0559839142526785,0.0591804125230025,0.0623769107933266),(0.,1.),
 .UNSPECIFIED.)
GEOMETRIC_REPRESENTATION_ITEM()
RATIONAL_B_SPLINE_SURFACE(((1.,0.782881361258812,1.),(1.,0.7996565679351,
1.),(1.,0.831083817266216,1.),(1.,0.872138371173623,1.),(1.,0.902052291557478,
1.),(1.,0.909807107019716,1.),(1.,0.9098071070492,1.)))
REPRESENTATION_ITEM('')
SURFACE()
);
#50=(
BOUNDED_SURFACE()
B_SPLINE_SURFACE(3,2,((#8870,#8871,#8872),(#8873,#8874,#8875),(#8876,#8877,
#8878),(#8879,#8880,#8881),(#8882,#8883,#8884),(#8885,#8886,#8887),(#8888,
#8889,#8890)),.UNSPECIFIED.,.F.,.F.,.F.)
B_SPLINE_SURFACE_WITH_KNOTS((4,1,1,1,4),(3,3),(0.0495909177120302,0.0527874159823543,
0.0559839142526784,0.0591804125230025,0.0623769107933266),(0.,1.),
 .UNSPECIFIED.)
GEOMETRIC_REPRESENTATION_ITEM()
RATIONAL_B_SPLINE_SURFACE(((1.,0.782881361258813,1.),(1.,0.799656567934682,
1.),(1.,0.831083817266418,1.),(1.,0.872138371173548,1.),(1.,0.902052291557577,
1.),(1.,0.909807107019538,1.),(1.,0.9098071070492,1.)))
REPRESENTATION_ITEM('')
SURFACE()
);
#51=(
BOUNDED_SURFACE()
B_SPLINE_SURFACE(3,2,((#8894,#8895,#8896),(#8897,#8898,#8899),(#8900,#8901,
#8902),(#8903,#8904,#8905)),.UNSPECIFIED.,.F.,.F.,.F.)
B_SPLINE_SURFACE_WITH_KNOTS((4,4),(3,3),(-9.32413868337534E-18,0.00917442619539217),
(0.,1.),.PIECEWISE_BEZIER_KNOTS.)
GEOMETRIC_REPRESENTATION_ITEM()
RATIONAL_B_SPLINE_SURFACE(((1.,0.782881361258813,1.),(1.,0.80946559495319,
1.),(1.,0.83292869092152,1.),(1.,0.853955020979011,1.)))
REPRESENTATION_ITEM('')
SURFACE()
);
#52=(
BOUNDED_SURFACE()
B_SPLINE_SURFACE(3,2,((#8906,#8907,#8908),(#8909,#8910,#8911),(#8912,#8913,
#8914),(#8915,#8916,#8917)),.UNSPECIFIED.,.F.,.F.,.F.)
B_SPLINE_SURFACE_WITH_KNOTS((4,4),(3,3),(3.62123525610158E-17,0.00917442619539195),
(0.,1.),.PIECEWISE_BEZIER_KNOTS.)
GEOMETRIC_REPRESENTATION_ITEM()
RATIONAL_B_SPLINE_SURFACE(((1.,0.782881361258813,1.),(1.,0.809465594953878,
1.),(1.,0.832928690922368,1.),(1.,0.853955020979009,1.)))
REPRESENTATION_ITEM('')
SURFACE()
);
#53=(
BOUNDED_SURFACE()
B_SPLINE_SURFACE(3,2,((#8921,#8922,#8923),(#8924,#8925,#8926),(#8927,#8928,
#8929),(#8930,#8931,#8932),(#8933,#8934,#8935),(#8936,#8937,#8938),(#8939,
#8940,#8941)),.UNSPECIFIED.,.F.,.F.,.F.)
B_SPLINE_SURFACE_WITH_KNOTS((4,1,1,1,4),(3,3),(0.0495909177120306,0.0527874159823546,
0.0559839142526787,0.0591804125230028,0.0623769107933269),(0.,1.),
 .UNSPECIFIED.)
GEOMETRIC_REPRESENTATION_ITEM()
RATIONAL_B_SPLINE_SURFACE(((1.,0.782881361258813,1.),(1.,0.799656567935041,
1.),(1.,0.831083817266258,1.),(1.,0.872138371173571,1.),(1.,0.902052291557647,
1.),(1.,0.90980710701936,1.),(1.,0.909807107049201,1.)))
REPRESENTATION_ITEM('')
SURFACE()
);
#54=(
BOUNDED_SURFACE()
B_SPLINE_SURFACE(3,2,((#8945,#8946,#8947),(#8948,#8949,#8950),(#8951,#8952,
#8953),(#8954,#8955,#8956),(#8957,#8958,#8959),(#8960,#8961,#8962),(#8963,
#8964,#8965)),.UNSPECIFIED.,.F.,.F.,.F.)
B_SPLINE_SURFACE_WITH_KNOTS((4,1,1,1,4),(3,3),(0.0495909177120308,0.0527874159823548,
0.0559839142526789,0.059180412523003,0.0623769107933271),(0.,1.),
 .UNSPECIFIED.)
GEOMETRIC_REPRESENTATION_ITEM()
RATIONAL_B_SPLINE_SURFACE(((1.,0.782881361258813,1.),(1.,0.79965656793552,
1.),(1.,0.83108381726603,1.),(1.,0.872138371173653,1.),(1.,0.902052291557547,
1.),(1.,0.909807107019538,1.),(1.,0.909807107049201,1.)))
REPRESENTATION_ITEM('')
SURFACE()
);
#55=(
BOUNDED_SURFACE()
B_SPLINE_SURFACE(3,2,((#8969,#8970,#8971),(#8972,#8973,#8974),(#8975,#8976,
#8977),(#8978,#8979,#8980)),.UNSPECIFIED.,.F.,.F.,.F.)
B_SPLINE_SURFACE_WITH_KNOTS((4,4),(3,3),(-7.9580439460436E-17,0.00917442619539186),
(0.,1.),.PIECEWISE_BEZIER_KNOTS.)
GEOMETRIC_REPRESENTATION_ITEM()
RATIONAL_B_SPLINE_SURFACE(((1.,0.782881361258812,1.),(1.,0.809465594951813,
1.),(1.,0.832928690921858,1.),(1.,0.853955020979009,1.)))
REPRESENTATION_ITEM('')
SURFACE()
);
#56=(
BOUNDED_SURFACE()
B_SPLINE_SURFACE(3,2,((#8981,#8982,#8983),(#8984,#8985,#8986),(#8987,#8988,
#8989),(#8990,#8991,#8992)),.UNSPECIFIED.,.F.,.F.,.F.)
B_SPLINE_SURFACE_WITH_KNOTS((4,4),(3,3),(3.33934269125535E-17,0.00917442619539185),
(0.,1.),.PIECEWISE_BEZIER_KNOTS.)
GEOMETRIC_REPRESENTATION_ITEM()
RATIONAL_B_SPLINE_SURFACE(((1.,0.782881361258813,1.),(1.,0.809465594953018,
1.),(1.,0.832928690921009,1.),(1.,0.853955020979008,1.)))
REPRESENTATION_ITEM('')
SURFACE()
);
#57=(
BOUNDED_SURFACE()
B_SPLINE_SURFACE(3,2,((#8996,#8997,#8998),(#8999,#9000,#9001),(#9002,#9003,
#9004),(#9005,#9006,#9007),(#9008,#9009,#9010),(#9011,#9012,#9013),(#9014,
#9015,#9016)),.UNSPECIFIED.,.F.,.F.,.F.)
B_SPLINE_SURFACE_WITH_KNOTS((4,1,1,1,4),(3,3),(0.0495909177120308,0.0527874159823549,
0.055983914252679,0.0591804125230031,0.0623769107933272),(0.,1.),
 .UNSPECIFIED.)
GEOMETRIC_REPRESENTATION_ITEM()
RATIONAL_B_SPLINE_SURFACE(((1.,0.782881361258811,1.),(1.,0.79965656793492,
1.),(1.,0.831083817266314,1.),(1.,0.872138371173547,1.),(1.,0.902052291557678,
1.),(1.,0.9098071070193,1.),(1.,0.909807107049201,1.)))
REPRESENTATION_ITEM('')
SURFACE()
);
#58=(
BOUNDED_SURFACE()
B_SPLINE_SURFACE(3,2,((#9020,#9021,#9022),(#9023,#9024,#9025),(#9026,#9027,
#9028),(#9029,#9030,#9031),(#9032,#9033,#9034),(#9035,#9036,#9037),(#9038,
#9039,#9040)),.UNSPECIFIED.,.F.,.F.,.F.)
B_SPLINE_SURFACE_WITH_KNOTS((4,1,1,1,4),(3,3),(0.0495909177120307,0.0527874159823548,
0.0559839142526789,0.0591804125230029,0.062376910793327),(0.,1.),
 .UNSPECIFIED.)
GEOMETRIC_REPRESENTATION_ITEM()
RATIONAL_B_SPLINE_SURFACE(((1.,0.782881361258814,1.),(1.,0.799656567933365,
1.),(1.,0.831083817267036,1.),(1.,0.872138371173361,1.),(1.,0.902052291557706,
1.),(1.,0.90980710701936,1.),(1.,0.909807107049201,1.)))
REPRESENTATION_ITEM('')
SURFACE()
);
#59=(
BOUNDED_SURFACE()
B_SPLINE_SURFACE(3,2,((#9044,#9045,#9046),(#9047,#9048,#9049),(#9050,#9051,
#9052),(#9053,#9054,#9055)),.UNSPECIFIED.,.F.,.F.,.F.)
B_SPLINE_SURFACE_WITH_KNOTS((4,4),(3,3),(-6.28837260041593E-18,0.00917442619539188),
(0.,1.),.PIECEWISE_BEZIER_KNOTS.)
GEOMETRIC_REPRESENTATION_ITEM()
RATIONAL_B_SPLINE_SURFACE(((1.,0.782881361258814,1.),(1.,0.809465594951986,
1.),(1.,0.832928690921519,1.),(1.,0.853955020979009,1.)))
REPRESENTATION_ITEM('')
SURFACE()
);
#60=TOROIDAL_SURFACE('',#4738,0.0345517754113885,0.005);
#61=TOROIDAL_SURFACE('',#4905,0.0095,0.004);
#62=TOROIDAL_SURFACE('',#4906,0.0095,0.004);
#63=TOROIDAL_SURFACE('',#4910,0.003,0.001);
#64=TOROIDAL_SURFACE('',#4914,0.001,0.001);
#65=TOROIDAL_SURFACE('',#4916,0.002975,0.001);
#66=TOROIDAL_SURFACE('',#4918,0.001,0.001);
#67=TOROIDAL_SURFACE('',#4922,0.003,0.001);
#68=TOROIDAL_SURFACE('',#4924,0.0065,0.001);
#69=TOROIDAL_SURFACE('',#4926,0.003,0.001);
#70=TOROIDAL_SURFACE('',#4930,0.001,0.001);
#71=TOROIDAL_SURFACE('',#4932,0.002975,0.001);
#72=TOROIDAL_SURFACE('',#4934,0.001,0.001);
#73=TOROIDAL_SURFACE('',#4938,0.003,0.001);
#74=TOROIDAL_SURFACE('',#4945,0.003,0.001);
#75=TOROIDAL_SURFACE('',#4949,0.001,0.001);
#76=TOROIDAL_SURFACE('',#4951,0.002975,0.001);
#77=TOROIDAL_SURFACE('',#4953,0.001,0.001);
#78=TOROIDAL_SURFACE('',#4957,0.003,0.001);
#79=TOROIDAL_SURFACE('',#4959,0.0065,0.001);
#80=TOROIDAL_SURFACE('',#4961,0.003,0.001);
#81=TOROIDAL_SURFACE('',#4965,0.001,0.001);
#82=TOROIDAL_SURFACE('',#4967,0.002975,0.001);
#83=TOROIDAL_SURFACE('',#4969,0.001,0.001);
#84=TOROIDAL_SURFACE('',#4973,0.003,0.001);
#85=TOROIDAL_SURFACE('',#5180,0.0754983443527076,0.01);
#86=TOROIDAL_SURFACE('',#5183,0.0508010906657715,0.01);
#87=TOROIDAL_SURFACE('',#5186,0.0754983443527076,0.01);
#88=TOROIDAL_SURFACE('',#5189,0.0754983443527076,0.01);
#89=TOROIDAL_SURFACE('',#5192,0.0508010906657715,0.01);
#90=TOROIDAL_SURFACE('',#5195,0.0754983443527077,0.01);
#91=TOROIDAL_SURFACE('',#5198,0.0754983443527076,0.01);
#92=TOROIDAL_SURFACE('',#5201,0.0508010906657715,0.01);
#93=TOROIDAL_SURFACE('',#5204,0.0754983443527076,0.01);
#94=TOROIDAL_SURFACE('',#5207,0.0754983443527076,0.01);
#95=TOROIDAL_SURFACE('',#5210,0.0508010906657715,0.01);
#96=TOROIDAL_SURFACE('',#5213,0.0754983443527076,0.01);
#97=TOROIDAL_SURFACE('',#5216,0.0754983443527076,0.01);
#98=TOROIDAL_SURFACE('',#5219,0.0508010906657715,0.01);
#99=TOROIDAL_SURFACE('',#5222,0.0754983443527076,0.01);
#100=CONICAL_SURFACE('',#4735,0.035,1.39198445916037);
#101=CONICAL_SURFACE('',#4978,0.00125,0.785398163397448);
#102=CONICAL_SURFACE('',#4979,0.00125,0.785398163397467);
#103=CONICAL_SURFACE('',#4981,0.0055,0.785398163397448);
#104=CONICAL_SURFACE('',#4982,0.00275,0.785398163397448);
#105=CONICAL_SURFACE('',#4983,0.00025,0.785398163397448);
#106=CONICAL_SURFACE('',#4984,0.001975,0.785398163397449);
#107=CONICAL_SURFACE('',#4985,0.004875,0.785398163397448);
#108=CONICAL_SURFACE('',#4986,0.00275,0.785398163397448);
#109=CONICAL_SURFACE('',#4987,0.00025,0.785398163397448);
#110=CONICAL_SURFACE('',#4989,0.0055,0.785398163397448);
#111=CONICAL_SURFACE('',#4990,0.00125,0.785398163397449);
#112=CONICAL_SURFACE('',#4991,0.00025,0.785398163397448);
#113=CONICAL_SURFACE('',#4992,0.0075,0.785398163397448);
#114=CONICAL_SURFACE('',#4993,0.004875,0.785398163397448);
#115=CONICAL_SURFACE('',#4994,0.00125,0.785398163397448);
#116=CONICAL_SURFACE('',#4995,0.00025,0.785398163397448);
#117=CONICAL_SURFACE('',#4997,0.0055,0.785398163397448);
#118=CONICAL_SURFACE('',#4998,0.00275,0.785398163397448);
#119=CONICAL_SURFACE('',#4999,0.00125,0.785398163397467);
#120=CONICAL_SURFACE('',#5000,0.001225,0.785398163397449);
#121=CONICAL_SURFACE('',#5002,0.00275,0.785398163397448);
#122=CONICAL_SURFACE('',#5003,0.00125,0.785398163397448);
#123=CONICAL_SURFACE('',#5006,0.00125,0.785398163397448);
#124=CONICAL_SURFACE('',#5007,0.00275,0.785398163397448);
#125=CONICAL_SURFACE('',#5009,0.001975,0.785398163397449);
#126=CONICAL_SURFACE('',#5010,0.00125,0.785398163397467);
#127=CONICAL_SURFACE('',#5011,0.00275,0.785398163397448);
#128=CONICAL_SURFACE('',#5012,0.0055,0.785398163397448);
#129=CONICAL_SURFACE('',#5014,0.00025,0.785398163397448);
#130=CONICAL_SURFACE('',#5015,0.00125,0.785398163397448);
#131=CONICAL_SURFACE('',#5016,0.004875,0.785398163397448);
#132=CONICAL_SURFACE('',#5017,0.0075,0.785398163397448);
#133=CONICAL_SURFACE('',#5018,0.00025,0.785398163397448);
#134=CONICAL_SURFACE('',#5019,0.00125,0.785398163397448);
#135=CONICAL_SURFACE('',#5020,0.0055,0.785398163397448);
#136=CONICAL_SURFACE('',#5022,0.00025,0.785398163397449);
#137=CONICAL_SURFACE('',#5023,0.00275,0.785398163397448);
#138=CONICAL_SURFACE('',#5024,0.004875,0.785398163397448);
#139=CONICAL_SURFACE('',#5025,0.001225,0.785398163397449);
#140=CONICAL_SURFACE('',#5026,0.00025,0.785398163397448);
#141=CONICAL_SURFACE('',#5027,0.00275,0.785398163397448);
#142=CONICAL_SURFACE('',#5028,0.0055,0.785398163397448);
#143=CONICAL_SURFACE('',#5030,0.00125,0.785398163397467);
#144=CONICAL_SURFACE('',#5031,0.00125,0.785398163397448);
#145=CONICAL_SURFACE('',#5045,0.002,0.785398163397448);
#146=CONICAL_SURFACE('',#5046,0.002,0.785398163397448);
#147=CONICAL_SURFACE('',#5047,0.002,0.785398163397448);
#148=CONICAL_SURFACE('',#5048,0.002,0.785398163397448);
#149=CONICAL_SURFACE('',#5049,0.002,0.785398163397448);
#150=CONICAL_SURFACE('',#5050,0.002,0.785398163397448);
#151=CONICAL_SURFACE('',#5234,0.0028,0.785398163397449);
#152=CONICAL_SURFACE('',#5235,0.0028,0.785398163397448);
#153=CONICAL_SURFACE('',#5236,0.0028,0.785398163397448);
#154=CONICAL_SURFACE('',#5237,0.0028,0.785398163397449);
#155=CONICAL_SURFACE('',#5238,0.0028,0.785398163397448);
#156=B_SPLINE_CURVE_WITH_KNOTS('',3,(#6890,#6891,#6892,#6893,#6894,#6895,
#6896),.UNSPECIFIED.,.F.,.F.,(4,1,1,1,4),(0.,0.00440950871798682,0.00881901743597363,
0.0132285261539604,0.0176380348719473),.UNSPECIFIED.);
#157=B_SPLINE_CURVE_WITH_KNOTS('',3,(#6908,#6909,#6910,#6911,#6912,#6913,
#6914,#6915),.UNSPECIFIED.,.F.,.F.,(4,1,1,1,1,4),(0.,0.0044406504440511,
0.00666097566607665,0.0088813008881022,0.0133219513321533,0.0177626017762044),
 .UNSPECIFIED.);
#158=B_SPLINE_CURVE_WITH_KNOTS('',3,(#6919,#6920,#6921,#6922,#6923,#6924,
#6925),.UNSPECIFIED.,.F.,.F.,(4,1,1,1,4),(0.,0.00440718881575453,0.00881437763150907,
0.0132215664472636,0.0176287552630181),.UNSPECIFIED.);
#159=B_SPLINE_CURVE_WITH_KNOTS('',3,(#6937,#6938,#6939,#6940,#6941,#6942,
#6943,#6944),.UNSPECIFIED.,.F.,.F.,(4,1,1,1,1,4),(0.,0.00444065044405113,
0.00666097566607669,0.00888130088810226,0.0133219513321534,0.0177626017762045),
 .UNSPECIFIED.);
#160=B_SPLINE_CURVE_WITH_KNOTS('',3,(#6948,#6949,#6950,#6951,#6952,#6953,
#6954),.UNSPECIFIED.,.F.,.F.,(4,1,1,1,4),(0.,0.00440950871798685,0.00881901743597369,
0.0132285261539605,0.0176380348719474),.UNSPECIFIED.);
#161=B_SPLINE_CURVE_WITH_KNOTS('',3,(#6966,#6967,#6968,#6969,#6970,#6971,
#6972,#6973),.UNSPECIFIED.,.F.,.F.,(4,1,1,1,1,4),(0.,0.00444065044405119,
0.00666097566607679,0.00888130088810239,0.0133219513321536,0.0177626017762048),
 .UNSPECIFIED.);
#162=B_SPLINE_CURVE_WITH_KNOTS('',3,(#6977,#6978,#6979,#6980,#6981,#6982,
#6983),.UNSPECIFIED.,.F.,.F.,(4,1,1,1,4),(0.,0.00440950871798691,0.00881901743597381,
0.0132285261539607,0.0176380348719476),.UNSPECIFIED.);
#163=B_SPLINE_CURVE_WITH_KNOTS('',3,(#6995,#6996,#6997,#6998,#6999,#7000,
#7001,#7002),.UNSPECIFIED.,.F.,.F.,(4,1,1,1,1,4),(0.,0.00444065044405118,
0.00666097566607677,0.00888130088810236,0.0133219513321535,0.0177626017762047),
 .UNSPECIFIED.);
#164=B_SPLINE_CURVE_WITH_KNOTS('',3,(#7006,#7007,#7008,#7009,#7010,#7011,
#7012),.UNSPECIFIED.,.F.,.F.,(4,1,1,1,4),(0.,0.00440950871798687,0.00881901743597374,
0.0132285261539606,0.0176380348719475),.UNSPECIFIED.);
#165=B_SPLINE_CURVE_WITH_KNOTS('',3,(#7024,#7025,#7026,#7027,#7028,#7029,
#7030,#7031),.UNSPECIFIED.,.F.,.F.,(4,1,1,1,1,4),(0.,0.00444065044405111,
0.00666097566607667,0.00888130088810222,0.0133219513321533,0.0177626017762044),
 .UNSPECIFIED.);
#166=B_SPLINE_CURVE_WITH_KNOTS('',3,(#7151,#7152,#7153,#7154),
 .UNSPECIFIED.,.F.,.F.,(4,4),(0.,0.00015412442840363),.UNSPECIFIED.);
#167=B_SPLINE_CURVE_WITH_KNOTS('',3,(#7163,#7164,#7165,#7166),
 .UNSPECIFIED.,.F.,.F.,(4,4),(0.,0.00015412442840363),.UNSPECIFIED.);
#168=B_SPLINE_CURVE_WITH_KNOTS('',3,(#7175,#7176,#7177,#7178),
 .UNSPECIFIED.,.F.,.F.,(4,4),(0.,0.00015412442840363),.UNSPECIFIED.);
#169=B_SPLINE_CURVE_WITH_KNOTS('',3,(#7187,#7188,#7189,#7190),
 .UNSPECIFIED.,.F.,.F.,(4,4),(0.,0.00015412442840363),.UNSPECIFIED.);
#170=B_SPLINE_CURVE_WITH_KNOTS('',3,(#7360,#7361,#7362,#7363,#7364,#7365,
#7366),.UNSPECIFIED.,.F.,.F.,(4,1,1,1,4),(0.,0.000940431766199079,0.00188086353239816,
0.00282129529859724,0.00376172706479632),.UNSPECIFIED.);
#171=B_SPLINE_CURVE_WITH_KNOTS('',3,(#7373,#7374,#7375,#7376,#7377,#7378,
#7379),.UNSPECIFIED.,.F.,.F.,(4,1,1,1,4),(0.,0.000948982967972849,0.0018979659359457,
0.00284694890391855,0.0037959318718914),.UNSPECIFIED.);
#172=B_SPLINE_CURVE_WITH_KNOTS('',3,(#7382,#7383,#7384,#7385,#7386,#7387,
#7388),.UNSPECIFIED.,.F.,.F.,(4,1,1,1,4),(0.,0.000940431766199079,0.00188086353239816,
0.00282129529859724,0.00376172706479632),.UNSPECIFIED.);
#173=B_SPLINE_CURVE_WITH_KNOTS('',3,(#7395,#7396,#7397,#7398,#7399,#7400,
#7401),.UNSPECIFIED.,.F.,.F.,(4,1,1,1,4),(0.,0.000948982967972848,0.0018979659359457,
0.00284694890391855,0.00379593187189139),.UNSPECIFIED.);
#174=B_SPLINE_CURVE_WITH_KNOTS('',3,(#7428,#7429,#7430,#7431),
 .UNSPECIFIED.,.F.,.F.,(4,4),(0.,0.00314173230182587),.UNSPECIFIED.);
#175=B_SPLINE_CURVE_WITH_KNOTS('',3,(#7434,#7435,#7436,#7437),
 .UNSPECIFIED.,.F.,.F.,(4,4),(0.,0.00314173230182587),.UNSPECIFIED.);
#176=B_SPLINE_CURVE_WITH_KNOTS('',3,(#7440,#7441,#7442,#7443),
 .UNSPECIFIED.,.F.,.F.,(4,4),(0.,0.00314173230182587),.UNSPECIFIED.);
#177=B_SPLINE_CURVE_WITH_KNOTS('',3,(#7446,#7447,#7448,#7449),
 .UNSPECIFIED.,.F.,.F.,(4,4),(0.,0.00314173230182587),.UNSPECIFIED.);
#178=B_SPLINE_CURVE_WITH_KNOTS('',3,(#7451,#7452,#7453,#7454),
 .UNSPECIFIED.,.F.,.F.,(4,4),(0.,0.00013153458343126),.UNSPECIFIED.);
#179=B_SPLINE_CURVE_WITH_KNOTS('',3,(#7457,#7458,#7459,#7460),
 .UNSPECIFIED.,.F.,.F.,(4,4),(0.,0.00311850720798842),.UNSPECIFIED.);
#180=B_SPLINE_CURVE_WITH_KNOTS('',3,(#7461,#7462,#7463,#7464),
 .UNSPECIFIED.,.F.,.F.,(4,4),(0.,0.00311850720798842),.UNSPECIFIED.);
#181=B_SPLINE_CURVE_WITH_KNOTS('',3,(#7466,#7467,#7468,#7469),
 .UNSPECIFIED.,.F.,.F.,(4,4),(0.,0.000131534583431261),.UNSPECIFIED.);
#182=B_SPLINE_CURVE_WITH_KNOTS('',3,(#7471,#7472,#7473,#7474,#7475,#7476,
#7477),.UNSPECIFIED.,.F.,.F.,(4,1,1,1,4),(0.,0.0010492983494949,0.0020985966989898,
0.00314789504848469,0.00419719339797959),.UNSPECIFIED.);
#183=B_SPLINE_CURVE_WITH_KNOTS('',3,(#7478,#7479,#7480,#7481,#7482,#7483,
#7484),.UNSPECIFIED.,.F.,.F.,(4,1,1,1,4),(0.,0.00105037320228892,0.00210074640457784,
0.00315111960686677,0.00420149280915569),.UNSPECIFIED.);
#184=B_SPLINE_CURVE_WITH_KNOTS('',3,(#7486,#7487,#7488,#7489),
 .UNSPECIFIED.,.F.,.F.,(4,4),(0.,0.00311850720798842),.UNSPECIFIED.);
#185=B_SPLINE_CURVE_WITH_KNOTS('',3,(#7491,#7492,#7493,#7494),
 .UNSPECIFIED.,.F.,.F.,(4,4),(0.,0.000131534583431261),.UNSPECIFIED.);
#186=B_SPLINE_CURVE_WITH_KNOTS('',3,(#7496,#7497,#7498,#7499,#7500,#7501,
#7502),.UNSPECIFIED.,.F.,.F.,(4,1,1,1,4),(0.,0.00104929834949489,0.00209859669898979,
0.00314789504848468,0.00419719339797958),.UNSPECIFIED.);
#187=B_SPLINE_CURVE_WITH_KNOTS('',3,(#7503,#7504,#7505,#7506,#7507,#7508,
#7509),.UNSPECIFIED.,.F.,.F.,(4,1,1,1,4),(0.,0.00105037320228892,0.00210074640457785,
0.00315111960686677,0.00420149280915569),.UNSPECIFIED.);
#188=B_SPLINE_CURVE_WITH_KNOTS('',3,(#7511,#7512,#7513,#7514),
 .UNSPECIFIED.,.F.,.F.,(4,4),(0.,0.000131534583431261),.UNSPECIFIED.);
#189=B_SPLINE_CURVE_WITH_KNOTS('',3,(#7516,#7517,#7518,#7519),
 .UNSPECIFIED.,.F.,.F.,(4,4),(0.,0.00311850720798842),.UNSPECIFIED.);
#190=B_SPLINE_CURVE_WITH_KNOTS('',3,(#7913,#7914,#7915,#7916),
 .UNSPECIFIED.,.F.,.F.,(4,4),(0.0188333059209631,0.0231244271394721),
 .UNSPECIFIED.);
#191=B_SPLINE_CURVE_WITH_KNOTS('',3,(#7924,#7925,#7926,#7927),
 .UNSPECIFIED.,.F.,.F.,(4,4),(0.,0.00779162358278519),.UNSPECIFIED.);
#192=B_SPLINE_CURVE_WITH_KNOTS('',3,(#7931,#7932,#7933,#7934),
 .UNSPECIFIED.,.F.,.F.,(4,4),(0.,0.00779162358278509),.UNSPECIFIED.);
#193=B_SPLINE_CURVE_WITH_KNOTS('',3,(#7942,#7943,#7944,#7945),
 .UNSPECIFIED.,.F.,.F.,(4,4),(0.,0.00423398842117309),.UNSPECIFIED.);
#194=B_SPLINE_CURVE_WITH_KNOTS('',3,(#7947,#7948,#7949,#7950),
 .UNSPECIFIED.,.F.,.F.,(4,4),(0.0188333059209631,0.0231244271394721),
 .UNSPECIFIED.);
#195=B_SPLINE_CURVE_WITH_KNOTS('',3,(#7961,#7962,#7963,#7964),
 .UNSPECIFIED.,.F.,.F.,(4,4),(0.,0.00779162358278519),.UNSPECIFIED.);
#196=B_SPLINE_CURVE_WITH_KNOTS('',3,(#7967,#7968,#7969,#7970),
 .UNSPECIFIED.,.F.,.F.,(4,4),(0.,0.0077916235827852),.UNSPECIFIED.);
#197=B_SPLINE_CURVE_WITH_KNOTS('',3,(#7976,#7977,#7978,#7979),
 .UNSPECIFIED.,.F.,.F.,(4,4),(0.,0.00423398842117297),.UNSPECIFIED.);
#198=B_SPLINE_CURVE_WITH_KNOTS('',3,(#7981,#7982,#7983,#7984),
 .UNSPECIFIED.,.F.,.F.,(4,4),(0.0188333059209633,0.0231244271394721),
 .UNSPECIFIED.);
#199=B_SPLINE_CURVE_WITH_KNOTS('',3,(#7992,#7993,#7994,#7995),
 .UNSPECIFIED.,.F.,.F.,(4,4),(7.75791922889773E-18,0.0077916235827853),
 .UNSPECIFIED.);
#200=B_SPLINE_CURVE_WITH_KNOTS('',3,(#7999,#8000,#8001,#8002),
 .UNSPECIFIED.,.F.,.F.,(4,4),(0.,0.0077916235827853),.UNSPECIFIED.);
#201=B_SPLINE_CURVE_WITH_KNOTS('',3,(#8010,#8011,#8012,#8013),
 .UNSPECIFIED.,.F.,.F.,(4,4),(0.,0.00423398842117268),.UNSPECIFIED.);
#202=B_SPLINE_CURVE_WITH_KNOTS('',3,(#8015,#8016,#8017,#8018),
 .UNSPECIFIED.,.F.,.F.,(4,4),(0.0188333059209635,0.0231244271394721),
 .UNSPECIFIED.);
#203=B_SPLINE_CURVE_WITH_KNOTS('',3,(#8029,#8030,#8031,#8032),
 .UNSPECIFIED.,.F.,.F.,(4,4),(0.,0.00779162358278532),.UNSPECIFIED.);
#204=B_SPLINE_CURVE_WITH_KNOTS('',3,(#8035,#8036,#8037,#8038),
 .UNSPECIFIED.,.F.,.F.,(4,4),(0.,0.00779162358278541),.UNSPECIFIED.);
#205=B_SPLINE_CURVE_WITH_KNOTS('',3,(#8044,#8045,#8046,#8047),
 .UNSPECIFIED.,.F.,.F.,(4,4),(0.,0.00423398842117268),.UNSPECIFIED.);
#206=B_SPLINE_CURVE_WITH_KNOTS('',3,(#8049,#8050,#8051,#8052),
 .UNSPECIFIED.,.F.,.F.,(4,4),(0.0188333059209634,0.0231244271394721),
 .UNSPECIFIED.);
#207=B_SPLINE_CURVE_WITH_KNOTS('',3,(#8060,#8061,#8062,#8063),
 .UNSPECIFIED.,.F.,.F.,(4,4),(0.,0.00779162358278532),.UNSPECIFIED.);
#208=B_SPLINE_CURVE_WITH_KNOTS('',3,(#8067,#8068,#8069,#8070),
 .UNSPECIFIED.,.F.,.F.,(4,4),(0.,0.00779162358278519),.UNSPECIFIED.);
#209=B_SPLINE_CURVE_WITH_KNOTS('',3,(#8078,#8079,#8080,#8081),
 .UNSPECIFIED.,.F.,.F.,(4,4),(0.,0.00423398842117298),.UNSPECIFIED.);
#210=B_SPLINE_CURVE_WITH_KNOTS('',3,(#8166,#8167,#8168,#8169,#8170,#8171),
 .UNSPECIFIED.,.F.,.F.,(4,1,1,4),(0.,0.00618216920846997,0.00927325381270495,
0.0123643384169399),.UNSPECIFIED.);
#211=B_SPLINE_CURVE_WITH_KNOTS('',3,(#8172,#8173,#8174,#8175,#8176,#8177),
 .UNSPECIFIED.,.F.,.F.,(4,1,1,4),(0.,0.00308741650567444,0.00617483301134888,
0.0123496660226978),.UNSPECIFIED.);
#212=B_SPLINE_CURVE_WITH_KNOTS('',3,(#8181,#8182,#8183,#8184,#8185,#8186),
 .UNSPECIFIED.,.F.,.F.,(4,1,1,4),(0.,0.00618216920846995,0.00927325381270493,
0.0123643384169399),.UNSPECIFIED.);
#213=B_SPLINE_CURVE_WITH_KNOTS('',3,(#8187,#8188,#8189,#8190,#8191,#8192),
 .UNSPECIFIED.,.F.,.F.,(4,1,1,4),(0.,0.00308741650567443,0.00617483301134885,
0.0123496660226977),.UNSPECIFIED.);
#214=B_SPLINE_CURVE_WITH_KNOTS('',3,(#8196,#8197,#8198,#8199,#8200,#8201),
 .UNSPECIFIED.,.F.,.F.,(4,1,1,4),(2.5018537765542E-17,0.00618216920846998,
0.00927325381270496,0.0123643384169399),.UNSPECIFIED.);
#215=B_SPLINE_CURVE_WITH_KNOTS('',3,(#8202,#8203,#8204,#8205,#8206,#8207),
 .UNSPECIFIED.,.F.,.F.,(4,1,1,4),(0.,0.00308741650567443,0.00617483301134885,
0.0123496660226977),.UNSPECIFIED.);
#216=B_SPLINE_CURVE_WITH_KNOTS('',3,(#8211,#8212,#8213,#8214,#8215,#8216),
 .UNSPECIFIED.,.F.,.F.,(4,1,1,4),(0.,0.00618216920846998,0.00927325381270497,
0.01236433841694),.UNSPECIFIED.);
#217=B_SPLINE_CURVE_WITH_KNOTS('',3,(#8217,#8218,#8219,#8220,#8221,#8222),
 .UNSPECIFIED.,.F.,.F.,(4,1,1,4),(0.,0.00308741650567445,0.00617483301134889,
0.0123496660226978),.UNSPECIFIED.);
#218=B_SPLINE_CURVE_WITH_KNOTS('',3,(#8226,#8227,#8228,#8229,#8230,#8231),
 .UNSPECIFIED.,.F.,.F.,(4,1,1,4),(0.,0.00618216920846997,0.00927325381270495,
0.0123643384169399),.UNSPECIFIED.);
#219=B_SPLINE_CURVE_WITH_KNOTS('',3,(#8232,#8233,#8234,#8235,#8236,#8237),
 .UNSPECIFIED.,.F.,.F.,(4,1,1,4),(0.,0.00308741650567442,0.00617483301134883,
0.0123496660226977),.UNSPECIFIED.);
#220=B_SPLINE_CURVE_WITH_KNOTS('',3,(#8241,#8242,#8243,#8244,#8245,#8246,
#8247,#8248,#8249),.UNSPECIFIED.,.F.,.F.,(4,1,1,1,1,1,4),(0.00924321452074413,
0.0115976174831103,0.0139520204454764,0.0151292219266595,0.0163064234078425,
0.0174836248890256,0.0186608263702087),.UNSPECIFIED.);
#221=B_SPLINE_CURVE_WITH_KNOTS('',3,(#8252,#8253,#8254,#8255,#8256,#8257,
#8258,#8259,#8260,#8261,#8262,#8263,#8264,#8265),.UNSPECIFIED.,.F.,.F.,
(4,1,1,1,1,1,1,1,1,1,1,4),(0.,0.00174811577595325,0.00349623155190651,0.00437028943988314,
0.00524434732785976,0.00611840521583639,0.00699246310381302,0.00786652099178965,
0.00874057887976627,0.0104886946557195,0.0122368104316728,0.013984926207626),
 .UNSPECIFIED.);
#222=B_SPLINE_CURVE_WITH_KNOTS('',3,(#8267,#8268,#8269,#8270,#8271),
 .UNSPECIFIED.,.F.,.F.,(4,1,4),(0.,0.00159846350904927,0.00319692701809853),
 .UNSPECIFIED.);
#223=B_SPLINE_CURVE_WITH_KNOTS('',3,(#8273,#8274,#8275,#8276,#8277),
 .UNSPECIFIED.,.F.,.F.,(4,1,4),(2.88193908422263E-17,0.00160601481120036,
0.00321202962240068),.UNSPECIFIED.);
#224=B_SPLINE_CURVE_WITH_KNOTS('',3,(#8280,#8281,#8282,#8283,#8284,#8285,
#8286,#8287,#8288,#8289,#8290,#8291,#8292,#8293),.UNSPECIFIED.,.F.,.F.,
(4,1,1,1,1,1,1,1,1,1,1,4),(0.,0.00174093160413583,0.00348186320827166,0.00522279481240749,
0.00609326061447541,0.00696372641654332,0.00783419221861124,0.00870465802067915,
0.00957512382274707,0.010445589624815,0.0121865212289508,0.0139274528330866),
 .UNSPECIFIED.);
#225=B_SPLINE_CURVE_WITH_KNOTS('',3,(#8295,#8296,#8297,#8298,#8299,#8300,
#8301,#8302,#8303),.UNSPECIFIED.,.F.,.F.,(4,1,1,1,1,1,4),(0.0162941652812025,
0.0174747641250048,0.0186553629688072,0.0198359618126095,0.0210165606564119,
0.0233777583440166,0.0257389560316213),.UNSPECIFIED.);
#226=B_SPLINE_CURVE_WITH_KNOTS('',3,(#8305,#8306,#8307,#8308),
 .UNSPECIFIED.,.F.,.F.,(4,4),(0.,0.00192627245753179),.UNSPECIFIED.);
#227=B_SPLINE_CURVE_WITH_KNOTS('',3,(#8311,#8312,#8313,#8314),
 .UNSPECIFIED.,.F.,.F.,(4,4),(0.0062800838802172,0.0111266438348651),
 .UNSPECIFIED.);
#228=B_SPLINE_CURVE_WITH_KNOTS('',3,(#8318,#8319,#8320,#8321),
 .UNSPECIFIED.,.F.,.F.,(4,4),(4.40223466723397E-17,0.00490137335210462),
 .UNSPECIFIED.);
#229=B_SPLINE_CURVE_WITH_KNOTS('',3,(#8324,#8325,#8326,#8327),
 .UNSPECIFIED.,.F.,.F.,(4,4),(0.,0.00192627245753181),.UNSPECIFIED.);
#230=B_SPLINE_CURVE_WITH_KNOTS('',3,(#8329,#8330,#8331,#8332,#8333,#8334,
#8335,#8336,#8337),.UNSPECIFIED.,.F.,.F.,(4,1,1,1,1,1,4),(0.0125929947122513,
0.013779863439467,0.0149667321666828,0.0161536008938985,0.0173404696211143,
0.0197142070755458,0.0220879445299773),.UNSPECIFIED.);
#231=B_SPLINE_CURVE_WITH_KNOTS('',3,(#8340,#8341,#8342,#8343,#8344),
 .UNSPECIFIED.,.F.,.F.,(4,1,4),(3.73670872517614E-17,0.00160601481120043,
0.00321202962240082),.UNSPECIFIED.);
#232=B_SPLINE_CURVE_WITH_KNOTS('',3,(#8346,#8347,#8348,#8349,#8350,#8351,
#8352,#8353,#8354,#8355,#8356,#8357,#8358,#8359),.UNSPECIFIED.,.F.,.F.,
(4,1,1,1,1,1,1,1,1,1,1,4),(0.,0.00174093160413579,0.00348186320827158,0.00522279481240737,
0.00609326061447527,0.00696372641654317,0.00783419221861106,0.00870465802067896,
0.00957512382274685,0.0104455896248147,0.0121865212289505,0.0139274528330863),
 .UNSPECIFIED.);
#233=B_SPLINE_CURVE_WITH_KNOTS('',3,(#8361,#8362,#8363,#8364,#8365,#8366,
#8367,#8368,#8369),.UNSPECIFIED.,.F.,.F.,(4,1,1,1,1,1,4),(0.00623526210645856,
0.00860699124848243,0.0109787203905063,0.0121645849615182,0.0133504495325302,
0.0145363141035421,0.015722178674554),.UNSPECIFIED.);
#234=B_SPLINE_CURVE_WITH_KNOTS('',3,(#8372,#8373,#8374,#8375,#8376,#8377,
#8378,#8379,#8380,#8381,#8382,#8383,#8384,#8385),.UNSPECIFIED.,.F.,.F.,
(4,1,1,1,1,1,1,1,1,1,1,4),(5.55805645343853E-17,0.00174811577595323,0.00349623155190641,
0.004370289439883,0.00524434732785959,0.00611840521583618,0.00699246310381277,
0.00786652099178935,0.00874057887976594,0.0104886946557191,0.0122368104316723,
0.0139849262076255),.UNSPECIFIED.);
#235=B_SPLINE_CURVE_WITH_KNOTS('',3,(#8387,#8388,#8389,#8390,#8391),
 .UNSPECIFIED.,.F.,.F.,(4,1,4),(0.,0.00159846350904909,0.00319692701809819),
 .UNSPECIFIED.);
#236=B_SPLINE_CURVE_WITH_KNOTS('',3,(#8393,#8394,#8395,#8396),
 .UNSPECIFIED.,.F.,.F.,(4,4),(2.59629636315952E-17,0.00192627245753178),
 .UNSPECIFIED.);
#237=B_SPLINE_CURVE_WITH_KNOTS('',3,(#8399,#8400,#8401,#8402),
 .UNSPECIFIED.,.F.,.F.,(4,4),(0.0062800838802172,0.0111266438348651),
 .UNSPECIFIED.);
#238=B_SPLINE_CURVE_WITH_KNOTS('',3,(#8406,#8407,#8408,#8409),
 .UNSPECIFIED.,.F.,.F.,(4,4),(0.,0.00490137335210466),.UNSPECIFIED.);
#239=B_SPLINE_CURVE_WITH_KNOTS('',3,(#8412,#8413,#8414,#8415),
 .UNSPECIFIED.,.F.,.F.,(4,4),(0.,0.00192627245753177),.UNSPECIFIED.);
#240=B_SPLINE_CURVE_WITH_KNOTS('',3,(#8417,#8418,#8419,#8420,#8421,#8422,
#8423,#8424,#8425),.UNSPECIFIED.,.F.,.F.,(4,1,1,1,1,1,4),(0.0014542046491053,
0.0038179243391785,0.0061816440292517,0.0073635038742883,0.0085453637193249,
0.00972722356436149,0.0109090834093981),.UNSPECIFIED.);
#241=B_SPLINE_CURVE_WITH_KNOTS('',3,(#8428,#8429,#8430,#8431,#8432,#8433,
#8434,#8435,#8436,#8437,#8438,#8439,#8440,#8441),.UNSPECIFIED.,.F.,.F.,
(4,1,1,1,1,1,1,1,1,1,1,4),(0.,0.00174811577595322,0.00349623155190644,0.00437028943988305,
0.00524434732785966,0.00611840521583627,0.00699246310381288,0.00786652099178949,
0.0087405788797661,0.0104886946557193,0.0122368104316725,0.0139849262076258),
 .UNSPECIFIED.);
#242=B_SPLINE_CURVE_WITH_KNOTS('',3,(#8443,#8444,#8445,#8446,#8447),
 .UNSPECIFIED.,.F.,.F.,(4,1,4),(0.,0.00159846350904913,0.00319692701809827),
 .UNSPECIFIED.);
#243=B_SPLINE_CURVE_WITH_KNOTS('',3,(#8449,#8450,#8451,#8452,#8453,#8454,
#8455,#8456,#8457),.UNSPECIFIED.,.F.,.F.,(4,1,1,1,1,1,4),(0.00818385102098303,
0.00936578665986748,0.0105477222987519,0.0117296579376364,0.0129115935765209,
0.0152754648542898,0.0176393361320587),.UNSPECIFIED.);
#244=B_SPLINE_CURVE_WITH_KNOTS('',3,(#8460,#8461,#8462,#8463,#8464),
 .UNSPECIFIED.,.F.,.F.,(4,1,4),(2.88193908422263E-17,0.00160601481120037,
0.0032120296224007),.UNSPECIFIED.);
#245=B_SPLINE_CURVE_WITH_KNOTS('',3,(#8466,#8467,#8468,#8469,#8470,#8471,
#8472,#8473,#8474,#8475,#8476,#8477,#8478,#8479),.UNSPECIFIED.,.F.,.F.,
(4,1,1,1,1,1,1,1,1,1,1,4),(0.,0.00174093160413582,0.00348186320827165,0.00522279481240747,
0.00609326061447538,0.00696372641654329,0.0078341922186112,0.00870465802067912,
0.00957512382274703,0.0104455896248149,0.0121865212289508,0.0139274528330866),
 .UNSPECIFIED.);
#246=B_SPLINE_CURVE_WITH_KNOTS('',3,(#8481,#8482,#8483,#8484),
 .UNSPECIFIED.,.F.,.F.,(4,4),(1.69967494438815E-17,0.00192627245753196),
 .UNSPECIFIED.);
#247=B_SPLINE_CURVE_WITH_KNOTS('',3,(#8487,#8488,#8489,#8490),
 .UNSPECIFIED.,.F.,.F.,(4,4),(0.00628008388021721,0.0111266438348651),
 .UNSPECIFIED.);
#248=B_SPLINE_CURVE_WITH_KNOTS('',3,(#8494,#8495,#8496,#8497),
 .UNSPECIFIED.,.F.,.F.,(4,4),(0.,0.00490137335210457),.UNSPECIFIED.);
#249=B_SPLINE_CURVE_WITH_KNOTS('',3,(#8500,#8501,#8502,#8503),
 .UNSPECIFIED.,.F.,.F.,(4,4),(0.,0.00192627245753187),.UNSPECIFIED.);
#250=B_SPLINE_CURVE_WITH_KNOTS('',3,(#8505,#8506,#8507,#8508,#8509,#8510,
#8511,#8512,#8513),.UNSPECIFIED.,.F.,.F.,(4,1,1,1,1,1,4),(0.00341542400094975,
0.00459427403725702,0.00577312407356429,0.00695197410987156,0.00813082414617882,
0.0104885242187934,0.0128462242914079),.UNSPECIFIED.);
#251=B_SPLINE_CURVE_WITH_KNOTS('',3,(#8516,#8517,#8518,#8519,#8520),
 .UNSPECIFIED.,.F.,.F.,(4,1,4),(1.73472347597681E-18,0.00160601481120036,
0.00321202962240071),.UNSPECIFIED.);
#252=B_SPLINE_CURVE_WITH_KNOTS('',3,(#8522,#8523,#8524,#8525,#8526,#8527,
#8528,#8529,#8530,#8531,#8532,#8533,#8534,#8535),.UNSPECIFIED.,.F.,.F.,
(4,1,1,1,1,1,1,1,1,1,1,4),(4.33680868994202E-19,0.00174093160413584,0.00348186320827168,
0.00522279481240752,0.00609326061447544,0.00696372641654336,0.00783419221861128,
0.0087046580206792,0.00957512382274712,0.010445589624815,0.0121865212289509,
0.0139274528330867),.UNSPECIFIED.);
#253=B_SPLINE_CURVE_WITH_KNOTS('',3,(#8537,#8538,#8539,#8540,#8541,#8542,
#8543,#8544,#8545),.UNSPECIFIED.,.F.,.F.,(4,1,1,1,1,1,4),(0.0227987629468821,
0.0251564471754406,0.0275141314039992,0.0286929735182785,0.0298718156325578,
0.0310506577468371,0.0322294998611163),.UNSPECIFIED.);
#254=B_SPLINE_CURVE_WITH_KNOTS('',3,(#8548,#8549,#8550,#8551,#8552,#8553,
#8554,#8555,#8556,#8557,#8558,#8559,#8560,#8561),.UNSPECIFIED.,.F.,.F.,
(4,1,1,1,1,1,1,1,1,1,1,4),(2.52579550652517E-17,0.00174811577595326,0.0034962315519065,
0.00437028943988312,0.00524434732785974,0.00611840521583636,0.00699246310381298,
0.0078665209917896,0.00874057887976622,0.0104886946557195,0.0122368104316727,
0.0139849262076259),.UNSPECIFIED.);
#255=B_SPLINE_CURVE_WITH_KNOTS('',3,(#8563,#8564,#8565,#8566,#8567),
 .UNSPECIFIED.,.F.,.F.,(4,1,4),(0.,0.00159846350904901,0.00319692701809803),
 .UNSPECIFIED.);
#256=B_SPLINE_CURVE_WITH_KNOTS('',3,(#8569,#8570,#8571,#8572),
 .UNSPECIFIED.,.F.,.F.,(4,4),(6.09132531431669E-17,0.001926272457532),
 .UNSPECIFIED.);
#257=B_SPLINE_CURVE_WITH_KNOTS('',3,(#8575,#8576,#8577,#8578),
 .UNSPECIFIED.,.F.,.F.,(4,4),(0.00628008388021724,0.0111266438348651),
 .UNSPECIFIED.);
#258=B_SPLINE_CURVE_WITH_KNOTS('',3,(#8582,#8583,#8584,#8585),
 .UNSPECIFIED.,.F.,.F.,(4,4),(0.,0.00490137335210459),.UNSPECIFIED.);
#259=B_SPLINE_CURVE_WITH_KNOTS('',3,(#8588,#8589,#8590,#8591),
 .UNSPECIFIED.,.F.,.F.,(4,4),(0.,0.00192627245753192),.UNSPECIFIED.);
#260=B_SPLINE_CURVE_WITH_KNOTS('',3,(#8593,#8594,#8595,#8596,#8597),
 .UNSPECIFIED.,.F.,.F.,(4,1,4),(1.23153149825936E-16,0.00160601481120039,
0.00321202962240066),.UNSPECIFIED.);
#261=B_SPLINE_CURVE_WITH_KNOTS('',3,(#8600,#8601,#8602,#8603,#8604,#8605,
#8606,#8607,#8608,#8609,#8610,#8611,#8612,#8613),.UNSPECIFIED.,.F.,.F.,
(4,1,1,1,1,1,1,1,1,1,1,4),(4.40223466723397E-17,0.00174093160413585,0.00348186320827165,
0.00522279481240745,0.00609326061447535,0.00696372641654325,0.00783419221861115,
0.00870465802067905,0.00957512382274696,0.0104455896248149,0.0121865212289507,
0.0139274528330865),.UNSPECIFIED.);
#262=B_SPLINE_CURVE_WITH_KNOTS('',3,(#8615,#8616,#8617,#8618,#8619,#8620,
#8621,#8622,#8623),.UNSPECIFIED.,.F.,.F.,(4,1,1,1,1,1,4),(0.0215294878083343,
0.0227103877075422,0.0238912876067501,0.025072187505958,0.0262530874051659,
0.0286148872035817,0.0309766870019975),.UNSPECIFIED.);
#263=B_SPLINE_CURVE_WITH_KNOTS('',3,(#8625,#8626,#8627,#8628,#8629,#8630,
#8631,#8632,#8633),.UNSPECIFIED.,.F.,.F.,(4,1,1,1,1,1,4),(0.0167342617052585,
0.0191125704440305,0.0214908791828025,0.0226800335521884,0.0238691879215744,
0.0250583422909604,0.0262474966603464),.UNSPECIFIED.);
#264=B_SPLINE_CURVE_WITH_KNOTS('',3,(#8636,#8637,#8638,#8639,#8640,#8641,
#8642,#8643,#8644,#8645,#8646,#8647,#8648,#8649),.UNSPECIFIED.,.F.,.F.,
(4,1,1,1,1,1,1,1,1,1,1,4),(0.,0.00174811577595323,0.00349623155190645,0.00437028943988306,
0.00524434732785968,0.00611840521583629,0.0069924631038129,0.00786652099178951,
0.00874057887976613,0.0104886946557194,0.0122368104316726,0.0139849262076258),
 .UNSPECIFIED.);
#265=B_SPLINE_CURVE_WITH_KNOTS('',3,(#8651,#8652,#8653,#8654,#8655),
 .UNSPECIFIED.,.F.,.F.,(4,1,4),(0.,0.00159846350904903,0.00319692701809807),
 .UNSPECIFIED.);
#266=B_SPLINE_CURVE_WITH_KNOTS('',3,(#8657,#8658,#8659,#8660),
 .UNSPECIFIED.,.F.,.F.,(4,4),(5.97158242231864E-17,0.00192627245753195),
 .UNSPECIFIED.);
#267=B_SPLINE_CURVE_WITH_KNOTS('',3,(#8663,#8664,#8665,#8666),
 .UNSPECIFIED.,.F.,.F.,(4,4),(0.00628008388021719,0.0111266438348651),
 .UNSPECIFIED.);
#268=B_SPLINE_CURVE_WITH_KNOTS('',3,(#8670,#8671,#8672,#8673),
 .UNSPECIFIED.,.F.,.F.,(4,4),(0.,0.00490137335210457),.UNSPECIFIED.);
#269=B_SPLINE_CURVE_WITH_KNOTS('',3,(#8676,#8677,#8678,#8679),
 .UNSPECIFIED.,.F.,.F.,(4,4),(0.,0.00192627245753191),.UNSPECIFIED.);
#270=LINE('',#6661,#452);
#271=LINE('',#6664,#453);
#272=LINE('',#6666,#454);
#273=LINE('',#6668,#455);
#274=LINE('',#6670,#456);
#275=LINE('',#6673,#457);
#276=LINE('',#6675,#458);
#277=LINE('',#6677,#459);
#278=LINE('',#6679,#460);
#279=LINE('',#6682,#461);
#280=LINE('',#6684,#462);
#281=LINE('',#6686,#463);
#282=LINE('',#6688,#464);
#283=LINE('',#6691,#465);
#284=LINE('',#6693,#466);
#285=LINE('',#6695,#467);
#286=LINE('',#6700,#468);
#287=LINE('',#6724,#469);
#288=LINE('',#6728,#470);
#289=LINE('',#6736,#471);
#290=LINE('',#6744,#472);
#291=LINE('',#6752,#473);
#292=LINE('',#6756,#474);
#293=LINE('',#6780,#475);
#294=LINE('',#6784,#476);
#295=LINE('',#6792,#477);
#296=LINE('',#6800,#478);
#297=LINE('',#6808,#479);
#298=LINE('',#6822,#480);
#299=LINE('',#6827,#481);
#300=LINE('',#6831,#482);
#301=LINE('',#6835,#483);
#302=LINE('',#6839,#484);
#303=LINE('',#6843,#485);
#304=LINE('',#6900,#486);
#305=LINE('',#6904,#487);
#306=LINE('',#6929,#488);
#307=LINE('',#6933,#489);
#308=LINE('',#6958,#490);
#309=LINE('',#6962,#491);
#310=LINE('',#6987,#492);
#311=LINE('',#6991,#493);
#312=LINE('',#7016,#494);
#313=LINE('',#7020,#495);
#314=LINE('',#7048,#496);
#315=LINE('',#7052,#497);
#316=LINE('',#7063,#498);
#317=LINE('',#7067,#499);
#318=LINE('',#7081,#500);
#319=LINE('',#7085,#501);
#320=LINE('',#7099,#502);
#321=LINE('',#7103,#503);
#322=LINE('',#7105,#504);
#323=LINE('',#7110,#505);
#324=LINE('',#7111,#506);
#325=LINE('',#7115,#507);
#326=LINE('',#7116,#508);
#327=LINE('',#7120,#509);
#328=LINE('',#7144,#510);
#329=LINE('',#7147,#511);
#330=LINE('',#7149,#512);
#331=LINE('',#7156,#513);
#332=LINE('',#7159,#514);
#333=LINE('',#7161,#515);
#334=LINE('',#7168,#516);
#335=LINE('',#7171,#517);
#336=LINE('',#7173,#518);
#337=LINE('',#7180,#519);
#338=LINE('',#7183,#520);
#339=LINE('',#7185,#521);
#340=LINE('',#7197,#522);
#341=LINE('',#7205,#523);
#342=LINE('',#7213,#524);
#343=LINE('',#7221,#525);
#344=LINE('',#7229,#526);
#345=LINE('',#7237,#527);
#346=LINE('',#7245,#528);
#347=LINE('',#7253,#529);
#348=LINE('',#7257,#530);
#349=LINE('',#7260,#531);
#350=LINE('',#7262,#532);
#351=LINE('',#7264,#533);
#352=LINE('',#7266,#534);
#353=LINE('',#7271,#535);
#354=LINE('',#7275,#536);
#355=LINE('',#7280,#537);
#356=LINE('',#7284,#538);
#357=LINE('',#7287,#539);
#358=LINE('',#7289,#540);
#359=LINE('',#7291,#541);
#360=LINE('',#7293,#542);
#361=LINE('',#7296,#543);
#362=LINE('',#7298,#544);
#363=LINE('',#7300,#545);
#364=LINE('',#7302,#546);
#365=LINE('',#7307,#547);
#366=LINE('',#7311,#548);
#367=LINE('',#7316,#549);
#368=LINE('',#7320,#550);
#369=LINE('',#7323,#551);
#370=LINE('',#7325,#552);
#371=LINE('',#7327,#553);
#372=LINE('',#7329,#554);
#373=LINE('',#7334,#555);
#374=LINE('',#7338,#556);
#375=LINE('',#7343,#557);
#376=LINE('',#7771,#558);
#377=LINE('',#7772,#559);
#378=LINE('',#7774,#560);
#379=LINE('',#7776,#561);
#380=LINE('',#7778,#562);
#381=LINE('',#7780,#563);
#382=LINE('',#7782,#564);
#383=LINE('',#7784,#565);
#384=LINE('',#7786,#566);
#385=LINE('',#7788,#567);
#386=LINE('',#7790,#568);
#387=LINE('',#7792,#569);
#388=LINE('',#7794,#570);
#389=LINE('',#7796,#571);
#390=LINE('',#7798,#572);
#391=LINE('',#7800,#573);
#392=LINE('',#7802,#574);
#393=LINE('',#7804,#575);
#394=LINE('',#7806,#576);
#395=LINE('',#7808,#577);
#396=LINE('',#7810,#578);
#397=LINE('',#7812,#579);
#398=LINE('',#7814,#580);
#399=LINE('',#7816,#581);
#400=LINE('',#7818,#582);
#401=LINE('',#7820,#583);
#402=LINE('',#7822,#584);
#403=LINE('',#7824,#585);
#404=LINE('',#7826,#586);
#405=LINE('',#7828,#587);
#406=LINE('',#7830,#588);
#407=LINE('',#7832,#589);
#408=LINE('',#7834,#590);
#409=LINE('',#7836,#591);
#410=LINE('',#7838,#592);
#411=LINE('',#7840,#593);
#412=LINE('',#7842,#594);
#413=LINE('',#7844,#595);
#414=LINE('',#7846,#596);
#415=LINE('',#7848,#597);
#416=LINE('',#7850,#598);
#417=LINE('',#7852,#599);
#418=LINE('',#7854,#600);
#419=LINE('',#7856,#601);
#420=LINE('',#7858,#602);
#421=LINE('',#7860,#603);
#422=LINE('',#7862,#604);
#423=LINE('',#7864,#605);
#424=LINE('',#7866,#606);
#425=LINE('',#7868,#607);
#426=LINE('',#7870,#608);
#427=LINE('',#7872,#609);
#428=LINE('',#7874,#610);
#429=LINE('',#7876,#611);
#430=LINE('',#7878,#612);
#431=LINE('',#7880,#613);
#432=LINE('',#7918,#614);
#433=LINE('',#7922,#615);
#434=LINE('',#7936,#616);
#435=LINE('',#7940,#617);
#436=LINE('',#7952,#618);
#437=LINE('',#7956,#619);
#438=LINE('',#7966,#620);
#439=LINE('',#7974,#621);
#440=LINE('',#7986,#622);
#441=LINE('',#7990,#623);
#442=LINE('',#8004,#624);
#443=LINE('',#8008,#625);
#444=LINE('',#8020,#626);
#445=LINE('',#8024,#627);
#446=LINE('',#8034,#628);
#447=LINE('',#8042,#629);
#448=LINE('',#8054,#630);
#449=LINE('',#8058,#631);
#450=LINE('',#8072,#632);
#451=LINE('',#8076,#633);
#452=VECTOR('',#5255,1.);
#453=VECTOR('',#5256,1.);
#454=VECTOR('',#5257,1.);
#455=VECTOR('',#5258,1.);
#456=VECTOR('',#5261,1.);
#457=VECTOR('',#5262,1.);
#458=VECTOR('',#5263,1.);
#459=VECTOR('',#5264,1.);
#460=VECTOR('',#5267,1.);
#461=VECTOR('',#5268,1.);
#462=VECTOR('',#5269,1.);
#463=VECTOR('',#5270,1.);
#464=VECTOR('',#5273,1.);
#465=VECTOR('',#5274,1.);
#466=VECTOR('',#5275,1.);
#467=VECTOR('',#5276,1.);
#468=VECTOR('',#5281,1.);
#469=VECTOR('',#5304,1.);
#470=VECTOR('',#5307,1.);
#471=VECTOR('',#5314,1.);
#472=VECTOR('',#5321,1.);
#473=VECTOR('',#5328,1.);
#474=VECTOR('',#5331,1.);
#475=VECTOR('',#5354,1.);
#476=VECTOR('',#5357,1.);
#477=VECTOR('',#5364,1.);
#478=VECTOR('',#5371,1.);
#479=VECTOR('',#5378,1.);
#480=VECTOR('',#5393,1.);
#481=VECTOR('',#5396,1.);
#482=VECTOR('',#5399,1.);
#483=VECTOR('',#5402,1.);
#484=VECTOR('',#5405,1.);
#485=VECTOR('',#5408,1.);
#486=VECTOR('',#5457,1.);
#487=VECTOR('',#5460,1.);
#488=VECTOR('',#5467,1.);
#489=VECTOR('',#5470,1.);
#490=VECTOR('',#5477,1.);
#491=VECTOR('',#5480,1.);
#492=VECTOR('',#5487,1.);
#493=VECTOR('',#5490,1.);
#494=VECTOR('',#5497,1.);
#495=VECTOR('',#5500,1.);
#496=VECTOR('',#5525,1.);
#497=VECTOR('',#5528,1.);
#498=VECTOR('',#5543,1.);
#499=VECTOR('',#5546,1.);
#500=VECTOR('',#5563,1.);
#501=VECTOR('',#5566,1.);
#502=VECTOR('',#5583,1.);
#503=VECTOR('',#5586,1.);
#504=VECTOR('',#5589,1.);
#505=VECTOR('',#5592,1.);
#506=VECTOR('',#5593,1.);
#507=VECTOR('',#5596,1.);
#508=VECTOR('',#5597,1.);
#509=VECTOR('',#5600,1.);
#510=VECTOR('',#5645,1.);
#511=VECTOR('',#5646,1.);
#512=VECTOR('',#5647,1.);
#513=VECTOR('',#5650,1.);
#514=VECTOR('',#5651,1.);
#515=VECTOR('',#5652,1.);
#516=VECTOR('',#5655,1.);
#517=VECTOR('',#5656,1.);
#518=VECTOR('',#5657,1.);
#519=VECTOR('',#5660,1.);
#520=VECTOR('',#5661,1.);
#521=VECTOR('',#5662,1.);
#522=VECTOR('',#5669,1.);
#523=VECTOR('',#5676,1.);
#524=VECTOR('',#5683,1.);
#525=VECTOR('',#5690,1.);
#526=VECTOR('',#5697,1.);
#527=VECTOR('',#5704,1.);
#528=VECTOR('',#5711,1.);
#529=VECTOR('',#5718,1.);
#530=VECTOR('',#5723,1.);
#531=VECTOR('',#5724,1.);
#532=VECTOR('',#5725,1.);
#533=VECTOR('',#5726,1.);
#534=VECTOR('',#5729,1.);
#535=VECTOR('',#5732,1.);
#536=VECTOR('',#5737,1.);
#537=VECTOR('',#5740,1.);
#538=VECTOR('',#5745,1.);
#539=VECTOR('',#5746,1.);
#540=VECTOR('',#5747,1.);
#541=VECTOR('',#5748,1.);
#542=VECTOR('',#5751,1.);
#543=VECTOR('',#5752,1.);
#544=VECTOR('',#5753,1.);
#545=VECTOR('',#5754,1.);
#546=VECTOR('',#5757,1.);
#547=VECTOR('',#5760,1.);
#548=VECTOR('',#5765,1.);
#549=VECTOR('',#5768,1.);
#550=VECTOR('',#5773,1.);
#551=VECTOR('',#5774,1.);
#552=VECTOR('',#5775,1.);
#553=VECTOR('',#5776,1.);
#554=VECTOR('',#5779,1.);
#555=VECTOR('',#5782,1.);
#556=VECTOR('',#5787,1.);
#557=VECTOR('',#5790,1.);
#558=VECTOR('',#6051,1.);
#559=VECTOR('',#6052,1.);
#560=VECTOR('',#6055,1.);
#561=VECTOR('',#6058,1.);
#562=VECTOR('',#6061,1.);
#563=VECTOR('',#6064,1.);
#564=VECTOR('',#6067,1.);
#565=VECTOR('',#6070,1.);
#566=VECTOR('',#6073,1.);
#567=VECTOR('',#6076,1.);
#568=VECTOR('',#6079,1.);
#569=VECTOR('',#6082,1.);
#570=VECTOR('',#6085,1.);
#571=VECTOR('',#6088,1.);
#572=VECTOR('',#6091,1.);
#573=VECTOR('',#6094,1.);
#574=VECTOR('',#6097,1.);
#575=VECTOR('',#6100,1.);
#576=VECTOR('',#6103,1.);
#577=VECTOR('',#6106,1.);
#578=VECTOR('',#6109,1.);
#579=VECTOR('',#6112,1.);
#580=VECTOR('',#6115,1.);
#581=VECTOR('',#6118,1.);
#582=VECTOR('',#6121,1.);
#583=VECTOR('',#6124,1.);
#584=VECTOR('',#6127,1.);
#585=VECTOR('',#6130,1.);
#586=VECTOR('',#6133,1.);
#587=VECTOR('',#6136,1.);
#588=VECTOR('',#6139,1.);
#589=VECTOR('',#6142,1.);
#590=VECTOR('',#6145,1.);
#591=VECTOR('',#6148,1.);
#592=VECTOR('',#6151,1.);
#593=VECTOR('',#6154,1.);
#594=VECTOR('',#6157,1.);
#595=VECTOR('',#6160,1.);
#596=VECTOR('',#6163,1.);
#597=VECTOR('',#6166,1.);
#598=VECTOR('',#6169,1.);
#599=VECTOR('',#6172,1.);
#600=VECTOR('',#6175,1.);
#601=VECTOR('',#6178,1.);
#602=VECTOR('',#6181,1.);
#603=VECTOR('',#6184,1.);
#604=VECTOR('',#6187,1.);
#605=VECTOR('',#6190,1.);
#606=VECTOR('',#6193,1.);
#607=VECTOR('',#6196,1.);
#608=VECTOR('',#6199,1.);
#609=VECTOR('',#6202,1.);
#610=VECTOR('',#6205,1.);
#611=VECTOR('',#6208,1.);
#612=VECTOR('',#6211,1.);
#613=VECTOR('',#6214,1.);
#614=VECTOR('',#6255,1.);
#615=VECTOR('',#6260,1.);
#616=VECTOR('',#6265,1.);
#617=VECTOR('',#6270,1.);
#618=VECTOR('',#6275,1.);
#619=VECTOR('',#6280,1.);
#620=VECTOR('',#6285,1.);
#621=VECTOR('',#6290,1.);
#622=VECTOR('',#6295,1.);
#623=VECTOR('',#6300,1.);
#624=VECTOR('',#6305,1.);
#625=VECTOR('',#6310,1.);
#626=VECTOR('',#6315,1.);
#627=VECTOR('',#6320,1.);
#628=VECTOR('',#6325,1.);
#629=VECTOR('',#6330,1.);
#630=VECTOR('',#6335,1.);
#631=VECTOR('',#6340,1.);
#632=VECTOR('',#6345,1.);
#633=VECTOR('',#6350,1.);
#634=PLANE('',#4632);
#635=PLANE('',#4633);
#636=PLANE('',#4634);
#637=PLANE('',#4635);
#638=PLANE('',#4636);
#639=PLANE('',#4694);
#640=PLANE('',#4741);
#641=PLANE('',#4749);
#642=PLANE('',#4757);
#643=PLANE('',#4766);
#644=PLANE('',#4798);
#645=PLANE('',#4799);
#646=PLANE('',#4800);
#647=PLANE('',#4801);
#648=PLANE('',#4802);
#649=PLANE('',#4827);
#650=PLANE('',#4834);
#651=PLANE('',#4835);
#652=PLANE('',#4842);
#653=PLANE('',#4977);
#654=PLANE('',#4980);
#655=PLANE('',#4988);
#656=PLANE('',#4996);
#657=PLANE('',#5001);
#658=PLANE('',#5004);
#659=PLANE('',#5005);
#660=PLANE('',#5008);
#661=PLANE('',#5013);
#662=PLANE('',#5021);
#663=PLANE('',#5029);
#664=PLANE('',#5032);
#665=PLANE('',#5052);
#666=PLANE('',#5056);
#667=PLANE('',#5060);
#668=PLANE('',#5064);
#669=PLANE('',#5068);
#670=PLANE('',#5072);
#671=PLANE('',#5076);
#672=PLANE('',#5080);
#673=PLANE('',#5084);
#674=PLANE('',#5088);
#675=PLANE('',#5097);
#676=PLANE('',#5099);
#677=PLANE('',#5107);
#678=PLANE('',#5109);
#679=PLANE('',#5117);
#680=PLANE('',#5119);
#681=PLANE('',#5127);
#682=PLANE('',#5129);
#683=PLANE('',#5137);
#684=PLANE('',#5139);
#685=PLANE('',#5141);
#686=ORIENTED_EDGE('',*,*,#1988,.T.);
#687=ORIENTED_EDGE('',*,*,#1989,.T.);
#688=ORIENTED_EDGE('',*,*,#1990,.T.);
#689=ORIENTED_EDGE('',*,*,#1991,.T.);
#690=ORIENTED_EDGE('',*,*,#1992,.T.);
#691=ORIENTED_EDGE('',*,*,#1993,.T.);
#692=ORIENTED_EDGE('',*,*,#1994,.T.);
#693=ORIENTED_EDGE('',*,*,#1995,.T.);
#694=ORIENTED_EDGE('',*,*,#1996,.T.);
#695=ORIENTED_EDGE('',*,*,#1997,.T.);
#696=ORIENTED_EDGE('',*,*,#1998,.T.);
#697=ORIENTED_EDGE('',*,*,#1999,.T.);
#698=ORIENTED_EDGE('',*,*,#2000,.T.);
#699=ORIENTED_EDGE('',*,*,#2001,.T.);
#700=ORIENTED_EDGE('',*,*,#2002,.T.);
#701=ORIENTED_EDGE('',*,*,#2003,.T.);
#702=ORIENTED_EDGE('',*,*,#2004,.T.);
#703=ORIENTED_EDGE('',*,*,#2005,.T.);
#704=ORIENTED_EDGE('',*,*,#2006,.T.);
#705=ORIENTED_EDGE('',*,*,#2007,.T.);
#706=ORIENTED_EDGE('',*,*,#2008,.T.);
#707=ORIENTED_EDGE('',*,*,#2009,.T.);
#708=ORIENTED_EDGE('',*,*,#2010,.T.);
#709=ORIENTED_EDGE('',*,*,#2011,.T.);
#710=ORIENTED_EDGE('',*,*,#2012,.T.);
#711=ORIENTED_EDGE('',*,*,#2013,.T.);
#712=ORIENTED_EDGE('',*,*,#2014,.T.);
#713=ORIENTED_EDGE('',*,*,#2015,.T.);
#714=ORIENTED_EDGE('',*,*,#2016,.T.);
#715=ORIENTED_EDGE('',*,*,#2017,.T.);
#716=ORIENTED_EDGE('',*,*,#2018,.T.);
#717=ORIENTED_EDGE('',*,*,#2019,.T.);
#718=ORIENTED_EDGE('',*,*,#2020,.T.);
#719=ORIENTED_EDGE('',*,*,#2021,.T.);
#720=ORIENTED_EDGE('',*,*,#2022,.T.);
#721=ORIENTED_EDGE('',*,*,#2023,.T.);
#722=ORIENTED_EDGE('',*,*,#2024,.T.);
#723=ORIENTED_EDGE('',*,*,#2025,.T.);
#724=ORIENTED_EDGE('',*,*,#2026,.T.);
#725=ORIENTED_EDGE('',*,*,#2027,.T.);
#726=ORIENTED_EDGE('',*,*,#2028,.T.);
#727=ORIENTED_EDGE('',*,*,#2029,.T.);
#728=ORIENTED_EDGE('',*,*,#2030,.T.);
#729=ORIENTED_EDGE('',*,*,#2031,.T.);
#730=ORIENTED_EDGE('',*,*,#2032,.T.);
#731=ORIENTED_EDGE('',*,*,#2033,.T.);
#732=ORIENTED_EDGE('',*,*,#2034,.T.);
#733=ORIENTED_EDGE('',*,*,#2035,.T.);
#734=ORIENTED_EDGE('',*,*,#2036,.T.);
#735=ORIENTED_EDGE('',*,*,#2037,.T.);
#736=ORIENTED_EDGE('',*,*,#2038,.T.);
#737=ORIENTED_EDGE('',*,*,#2039,.T.);
#738=ORIENTED_EDGE('',*,*,#2040,.T.);
#739=ORIENTED_EDGE('',*,*,#2041,.T.);
#740=ORIENTED_EDGE('',*,*,#2042,.T.);
#741=ORIENTED_EDGE('',*,*,#2043,.T.);
#742=ORIENTED_EDGE('',*,*,#2044,.T.);
#743=ORIENTED_EDGE('',*,*,#2045,.T.);
#744=ORIENTED_EDGE('',*,*,#2046,.T.);
#745=ORIENTED_EDGE('',*,*,#2047,.T.);
#746=ORIENTED_EDGE('',*,*,#2048,.T.);
#747=ORIENTED_EDGE('',*,*,#2049,.T.);
#748=ORIENTED_EDGE('',*,*,#2050,.T.);
#749=ORIENTED_EDGE('',*,*,#2051,.T.);
#750=ORIENTED_EDGE('',*,*,#2052,.T.);
#751=ORIENTED_EDGE('',*,*,#2053,.T.);
#752=ORIENTED_EDGE('',*,*,#2054,.T.);
#753=ORIENTED_EDGE('',*,*,#2055,.T.);
#754=ORIENTED_EDGE('',*,*,#2056,.T.);
#755=ORIENTED_EDGE('',*,*,#2057,.T.);
#756=ORIENTED_EDGE('',*,*,#2058,.T.);
#757=ORIENTED_EDGE('',*,*,#2059,.T.);
#758=ORIENTED_EDGE('',*,*,#2060,.T.);
#759=ORIENTED_EDGE('',*,*,#2061,.T.);
#760=ORIENTED_EDGE('',*,*,#2062,.T.);
#761=ORIENTED_EDGE('',*,*,#2063,.T.);
#762=ORIENTED_EDGE('',*,*,#2064,.T.);
#763=ORIENTED_EDGE('',*,*,#2065,.F.);
#764=ORIENTED_EDGE('',*,*,#2066,.F.);
#765=ORIENTED_EDGE('',*,*,#2067,.F.);
#766=ORIENTED_EDGE('',*,*,#2068,.F.);
#767=ORIENTED_EDGE('',*,*,#2069,.T.);
#768=ORIENTED_EDGE('',*,*,#2070,.T.);
#769=ORIENTED_EDGE('',*,*,#2071,.T.);
#770=ORIENTED_EDGE('',*,*,#2072,.T.);
#771=ORIENTED_EDGE('',*,*,#2073,.T.);
#772=ORIENTED_EDGE('',*,*,#2074,.T.);
#773=ORIENTED_EDGE('',*,*,#2075,.T.);
#774=ORIENTED_EDGE('',*,*,#2076,.T.);
#775=ORIENTED_EDGE('',*,*,#2077,.T.);
#776=ORIENTED_EDGE('',*,*,#2078,.T.);
#777=ORIENTED_EDGE('',*,*,#2079,.T.);
#778=ORIENTED_EDGE('',*,*,#2080,.T.);
#779=ORIENTED_EDGE('',*,*,#2081,.T.);
#780=ORIENTED_EDGE('',*,*,#2082,.F.);
#781=ORIENTED_EDGE('',*,*,#2083,.F.);
#782=ORIENTED_EDGE('',*,*,#2084,.F.);
#783=ORIENTED_EDGE('',*,*,#2085,.F.);
#784=ORIENTED_EDGE('',*,*,#2086,.F.);
#785=ORIENTED_EDGE('',*,*,#2087,.F.);
#786=ORIENTED_EDGE('',*,*,#2088,.F.);
#787=ORIENTED_EDGE('',*,*,#2089,.F.);
#788=ORIENTED_EDGE('',*,*,#2090,.F.);
#789=ORIENTED_EDGE('',*,*,#2091,.F.);
#790=ORIENTED_EDGE('',*,*,#2092,.F.);
#791=ORIENTED_EDGE('',*,*,#2093,.F.);
#792=ORIENTED_EDGE('',*,*,#2094,.F.);
#793=ORIENTED_EDGE('',*,*,#2095,.F.);
#794=ORIENTED_EDGE('',*,*,#2096,.F.);
#795=ORIENTED_EDGE('',*,*,#1990,.F.);
#796=ORIENTED_EDGE('',*,*,#1988,.F.);
#797=ORIENTED_EDGE('',*,*,#2069,.F.);
#798=ORIENTED_EDGE('',*,*,#2097,.F.);
#799=ORIENTED_EDGE('',*,*,#2098,.T.);
#800=ORIENTED_EDGE('',*,*,#2099,.T.);
#801=ORIENTED_EDGE('',*,*,#2100,.T.);
#802=ORIENTED_EDGE('',*,*,#2101,.T.);
#803=ORIENTED_EDGE('',*,*,#2102,.T.);
#804=ORIENTED_EDGE('',*,*,#2103,.T.);
#805=ORIENTED_EDGE('',*,*,#2104,.F.);
#806=ORIENTED_EDGE('',*,*,#2105,.F.);
#807=ORIENTED_EDGE('',*,*,#2106,.F.);
#808=ORIENTED_EDGE('',*,*,#2107,.T.);
#809=ORIENTED_EDGE('',*,*,#2108,.F.);
#810=ORIENTED_EDGE('',*,*,#2109,.T.);
#811=ORIENTED_EDGE('',*,*,#2110,.T.);
#812=ORIENTED_EDGE('',*,*,#2111,.T.);
#813=ORIENTED_EDGE('',*,*,#2112,.F.);
#814=ORIENTED_EDGE('',*,*,#2113,.F.);
#815=ORIENTED_EDGE('',*,*,#2114,.F.);
#816=ORIENTED_EDGE('',*,*,#2115,.T.);
#817=ORIENTED_EDGE('',*,*,#2116,.F.);
#818=ORIENTED_EDGE('',*,*,#2117,.T.);
#819=ORIENTED_EDGE('',*,*,#2118,.T.);
#820=ORIENTED_EDGE('',*,*,#2119,.T.);
#821=ORIENTED_EDGE('',*,*,#2120,.F.);
#822=ORIENTED_EDGE('',*,*,#2121,.F.);
#823=ORIENTED_EDGE('',*,*,#2122,.F.);
#824=ORIENTED_EDGE('',*,*,#2123,.T.);
#825=ORIENTED_EDGE('',*,*,#2124,.F.);
#826=ORIENTED_EDGE('',*,*,#2125,.T.);
#827=ORIENTED_EDGE('',*,*,#2126,.T.);
#828=ORIENTED_EDGE('',*,*,#2127,.T.);
#829=ORIENTED_EDGE('',*,*,#2128,.F.);
#830=ORIENTED_EDGE('',*,*,#2129,.F.);
#831=ORIENTED_EDGE('',*,*,#2130,.F.);
#832=ORIENTED_EDGE('',*,*,#2131,.T.);
#833=ORIENTED_EDGE('',*,*,#2132,.F.);
#834=ORIENTED_EDGE('',*,*,#2133,.T.);
#835=ORIENTED_EDGE('',*,*,#2134,.T.);
#836=ORIENTED_EDGE('',*,*,#2135,.T.);
#837=ORIENTED_EDGE('',*,*,#2136,.F.);
#838=ORIENTED_EDGE('',*,*,#2137,.F.);
#839=ORIENTED_EDGE('',*,*,#2138,.F.);
#840=ORIENTED_EDGE('',*,*,#2139,.T.);
#841=ORIENTED_EDGE('',*,*,#2140,.F.);
#842=ORIENTED_EDGE('',*,*,#2141,.T.);
#843=ORIENTED_EDGE('',*,*,#2142,.T.);
#844=ORIENTED_EDGE('',*,*,#2143,.T.);
#845=ORIENTED_EDGE('',*,*,#2064,.F.);
#846=ORIENTED_EDGE('',*,*,#2143,.F.);
#847=ORIENTED_EDGE('',*,*,#2101,.F.);
#848=ORIENTED_EDGE('',*,*,#2144,.F.);
#849=ORIENTED_EDGE('',*,*,#2077,.F.);
#850=ORIENTED_EDGE('',*,*,#2145,.T.);
#851=ORIENTED_EDGE('',*,*,#2146,.F.);
#852=ORIENTED_EDGE('',*,*,#2147,.T.);
#853=ORIENTED_EDGE('',*,*,#2144,.T.);
#854=ORIENTED_EDGE('',*,*,#2148,.T.);
#855=ORIENTED_EDGE('',*,*,#2149,.T.);
#856=ORIENTED_EDGE('',*,*,#2150,.T.);
#857=ORIENTED_EDGE('',*,*,#2146,.T.);
#858=ORIENTED_EDGE('',*,*,#2100,.F.);
#859=ORIENTED_EDGE('',*,*,#2151,.F.);
#860=ORIENTED_EDGE('',*,*,#2073,.F.);
#861=ORIENTED_EDGE('',*,*,#2152,.T.);
#862=ORIENTED_EDGE('',*,*,#2153,.F.);
#863=ORIENTED_EDGE('',*,*,#2154,.T.);
#864=ORIENTED_EDGE('',*,*,#2151,.T.);
#865=ORIENTED_EDGE('',*,*,#2155,.T.);
#866=ORIENTED_EDGE('',*,*,#2156,.T.);
#867=ORIENTED_EDGE('',*,*,#2157,.T.);
#868=ORIENTED_EDGE('',*,*,#2153,.T.);
#869=ORIENTED_EDGE('',*,*,#2099,.F.);
#870=ORIENTED_EDGE('',*,*,#2158,.F.);
#871=ORIENTED_EDGE('',*,*,#2159,.F.);
#872=ORIENTED_EDGE('',*,*,#2160,.T.);
#873=ORIENTED_EDGE('',*,*,#2161,.F.);
#874=ORIENTED_EDGE('',*,*,#2162,.T.);
#875=ORIENTED_EDGE('',*,*,#2158,.T.);
#876=ORIENTED_EDGE('',*,*,#2163,.T.);
#877=ORIENTED_EDGE('',*,*,#2164,.T.);
#878=ORIENTED_EDGE('',*,*,#2165,.T.);
#879=ORIENTED_EDGE('',*,*,#2161,.T.);
#880=ORIENTED_EDGE('',*,*,#2098,.F.);
#881=ORIENTED_EDGE('',*,*,#2166,.F.);
#882=ORIENTED_EDGE('',*,*,#2167,.F.);
#883=ORIENTED_EDGE('',*,*,#2168,.T.);
#884=ORIENTED_EDGE('',*,*,#2169,.F.);
#885=ORIENTED_EDGE('',*,*,#2170,.T.);
#886=ORIENTED_EDGE('',*,*,#2166,.T.);
#887=ORIENTED_EDGE('',*,*,#2171,.T.);
#888=ORIENTED_EDGE('',*,*,#2172,.T.);
#889=ORIENTED_EDGE('',*,*,#2173,.T.);
#890=ORIENTED_EDGE('',*,*,#2169,.T.);
#891=ORIENTED_EDGE('',*,*,#2097,.T.);
#892=ORIENTED_EDGE('',*,*,#2174,.T.);
#893=ORIENTED_EDGE('',*,*,#2175,.T.);
#894=ORIENTED_EDGE('',*,*,#2176,.T.);
#895=ORIENTED_EDGE('',*,*,#2167,.T.);
#896=ORIENTED_EDGE('',*,*,#2177,.T.);
#897=ORIENTED_EDGE('',*,*,#2178,.T.);
#898=ORIENTED_EDGE('',*,*,#2179,.T.);
#899=ORIENTED_EDGE('',*,*,#2159,.T.);
#900=ORIENTED_EDGE('',*,*,#2180,.T.);
#901=ORIENTED_EDGE('',*,*,#2181,.T.);
#902=ORIENTED_EDGE('',*,*,#2182,.T.);
#903=ORIENTED_EDGE('',*,*,#2183,.T.);
#904=ORIENTED_EDGE('',*,*,#2072,.F.);
#905=ORIENTED_EDGE('',*,*,#2184,.T.);
#906=ORIENTED_EDGE('',*,*,#2155,.F.);
#907=ORIENTED_EDGE('',*,*,#2152,.F.);
#908=ORIENTED_EDGE('',*,*,#2157,.F.);
#909=ORIENTED_EDGE('',*,*,#2185,.T.);
#910=ORIENTED_EDGE('',*,*,#2074,.F.);
#911=ORIENTED_EDGE('',*,*,#2154,.F.);
#912=ORIENTED_EDGE('',*,*,#2076,.F.);
#913=ORIENTED_EDGE('',*,*,#2186,.T.);
#914=ORIENTED_EDGE('',*,*,#2148,.F.);
#915=ORIENTED_EDGE('',*,*,#2145,.F.);
#916=ORIENTED_EDGE('',*,*,#2150,.F.);
#917=ORIENTED_EDGE('',*,*,#2187,.T.);
#918=ORIENTED_EDGE('',*,*,#2078,.F.);
#919=ORIENTED_EDGE('',*,*,#2147,.F.);
#920=ORIENTED_EDGE('',*,*,#2165,.F.);
#921=ORIENTED_EDGE('',*,*,#2188,.T.);
#922=ORIENTED_EDGE('',*,*,#2180,.F.);
#923=ORIENTED_EDGE('',*,*,#2162,.F.);
#924=ORIENTED_EDGE('',*,*,#2179,.F.);
#925=ORIENTED_EDGE('',*,*,#2189,.T.);
#926=ORIENTED_EDGE('',*,*,#2163,.F.);
#927=ORIENTED_EDGE('',*,*,#2160,.F.);
#928=ORIENTED_EDGE('',*,*,#2173,.F.);
#929=ORIENTED_EDGE('',*,*,#2190,.T.);
#930=ORIENTED_EDGE('',*,*,#2177,.F.);
#931=ORIENTED_EDGE('',*,*,#2170,.F.);
#932=ORIENTED_EDGE('',*,*,#2176,.F.);
#933=ORIENTED_EDGE('',*,*,#2191,.T.);
#934=ORIENTED_EDGE('',*,*,#2171,.F.);
#935=ORIENTED_EDGE('',*,*,#2168,.F.);
#936=ORIENTED_EDGE('',*,*,#2065,.T.);
#937=ORIENTED_EDGE('',*,*,#2096,.T.);
#938=ORIENTED_EDGE('',*,*,#2066,.T.);
#939=ORIENTED_EDGE('',*,*,#2095,.T.);
#940=ORIENTED_EDGE('',*,*,#2067,.T.);
#941=ORIENTED_EDGE('',*,*,#2094,.T.);
#942=ORIENTED_EDGE('',*,*,#2068,.T.);
#943=ORIENTED_EDGE('',*,*,#2093,.T.);
#944=ORIENTED_EDGE('',*,*,#2192,.T.);
#945=ORIENTED_EDGE('',*,*,#2193,.T.);
#946=ORIENTED_EDGE('',*,*,#2194,.T.);
#947=ORIENTED_EDGE('',*,*,#2195,.T.);
#948=ORIENTED_EDGE('',*,*,#2196,.T.);
#949=ORIENTED_EDGE('',*,*,#2197,.T.);
#950=ORIENTED_EDGE('',*,*,#2198,.T.);
#951=ORIENTED_EDGE('',*,*,#2199,.T.);
#952=ORIENTED_EDGE('',*,*,#2200,.T.);
#953=ORIENTED_EDGE('',*,*,#2201,.T.);
#954=ORIENTED_EDGE('',*,*,#2202,.T.);
#955=ORIENTED_EDGE('',*,*,#2203,.T.);
#956=ORIENTED_EDGE('',*,*,#2204,.T.);
#957=ORIENTED_EDGE('',*,*,#2205,.T.);
#958=ORIENTED_EDGE('',*,*,#2206,.T.);
#959=ORIENTED_EDGE('',*,*,#2207,.T.);
#960=ORIENTED_EDGE('',*,*,#2208,.T.);
#961=ORIENTED_EDGE('',*,*,#2209,.T.);
#962=ORIENTED_EDGE('',*,*,#2210,.T.);
#963=ORIENTED_EDGE('',*,*,#2211,.T.);
#964=ORIENTED_EDGE('',*,*,#2212,.T.);
#965=ORIENTED_EDGE('',*,*,#2213,.T.);
#966=ORIENTED_EDGE('',*,*,#2214,.T.);
#967=ORIENTED_EDGE('',*,*,#2215,.T.);
#968=ORIENTED_EDGE('',*,*,#2216,.T.);
#969=ORIENTED_EDGE('',*,*,#2217,.T.);
#970=ORIENTED_EDGE('',*,*,#2218,.T.);
#971=ORIENTED_EDGE('',*,*,#2219,.T.);
#972=ORIENTED_EDGE('',*,*,#2220,.T.);
#973=ORIENTED_EDGE('',*,*,#2221,.T.);
#974=ORIENTED_EDGE('',*,*,#2222,.T.);
#975=ORIENTED_EDGE('',*,*,#2223,.T.);
#976=ORIENTED_EDGE('',*,*,#2224,.T.);
#977=ORIENTED_EDGE('',*,*,#2225,.T.);
#978=ORIENTED_EDGE('',*,*,#2226,.T.);
#979=ORIENTED_EDGE('',*,*,#2227,.T.);
#980=ORIENTED_EDGE('',*,*,#2228,.T.);
#981=ORIENTED_EDGE('',*,*,#2229,.T.);
#982=ORIENTED_EDGE('',*,*,#2230,.T.);
#983=ORIENTED_EDGE('',*,*,#2231,.T.);
#984=ORIENTED_EDGE('',*,*,#2232,.T.);
#985=ORIENTED_EDGE('',*,*,#2233,.T.);
#986=ORIENTED_EDGE('',*,*,#2234,.T.);
#987=ORIENTED_EDGE('',*,*,#2235,.T.);
#988=ORIENTED_EDGE('',*,*,#2236,.T.);
#989=ORIENTED_EDGE('',*,*,#2237,.T.);
#990=ORIENTED_EDGE('',*,*,#2238,.T.);
#991=ORIENTED_EDGE('',*,*,#2239,.T.);
#992=ORIENTED_EDGE('',*,*,#1991,.F.);
#993=ORIENTED_EDGE('',*,*,#1989,.F.);
#994=ORIENTED_EDGE('',*,*,#2240,.T.);
#995=ORIENTED_EDGE('',*,*,#2241,.T.);
#996=ORIENTED_EDGE('',*,*,#2242,.T.);
#997=ORIENTED_EDGE('',*,*,#2243,.T.);
#998=ORIENTED_EDGE('',*,*,#2244,.T.);
#999=ORIENTED_EDGE('',*,*,#2245,.T.);
#1000=ORIENTED_EDGE('',*,*,#2246,.T.);
#1001=ORIENTED_EDGE('',*,*,#2247,.T.);
#1002=ORIENTED_EDGE('',*,*,#2248,.T.);
#1003=ORIENTED_EDGE('',*,*,#2249,.T.);
#1004=ORIENTED_EDGE('',*,*,#2250,.T.);
#1005=ORIENTED_EDGE('',*,*,#2251,.T.);
#1006=ORIENTED_EDGE('',*,*,#2252,.T.);
#1007=ORIENTED_EDGE('',*,*,#2253,.T.);
#1008=ORIENTED_EDGE('',*,*,#2254,.T.);
#1009=ORIENTED_EDGE('',*,*,#2255,.T.);
#1010=ORIENTED_EDGE('',*,*,#2256,.T.);
#1011=ORIENTED_EDGE('',*,*,#2257,.T.);
#1012=ORIENTED_EDGE('',*,*,#2258,.T.);
#1013=ORIENTED_EDGE('',*,*,#2259,.T.);
#1014=ORIENTED_EDGE('',*,*,#2260,.T.);
#1015=ORIENTED_EDGE('',*,*,#2261,.T.);
#1016=ORIENTED_EDGE('',*,*,#2262,.T.);
#1017=ORIENTED_EDGE('',*,*,#2263,.T.);
#1018=ORIENTED_EDGE('',*,*,#2264,.T.);
#1019=ORIENTED_EDGE('',*,*,#2265,.T.);
#1020=ORIENTED_EDGE('',*,*,#2266,.T.);
#1021=ORIENTED_EDGE('',*,*,#2267,.T.);
#1022=ORIENTED_EDGE('',*,*,#2268,.T.);
#1023=ORIENTED_EDGE('',*,*,#2269,.T.);
#1024=ORIENTED_EDGE('',*,*,#2270,.T.);
#1025=ORIENTED_EDGE('',*,*,#2271,.T.);
#1026=ORIENTED_EDGE('',*,*,#2272,.T.);
#1027=ORIENTED_EDGE('',*,*,#2273,.T.);
#1028=ORIENTED_EDGE('',*,*,#2274,.T.);
#1029=ORIENTED_EDGE('',*,*,#2275,.T.);
#1030=ORIENTED_EDGE('',*,*,#2276,.T.);
#1031=ORIENTED_EDGE('',*,*,#2277,.T.);
#1032=ORIENTED_EDGE('',*,*,#2278,.T.);
#1033=ORIENTED_EDGE('',*,*,#2279,.T.);
#1034=ORIENTED_EDGE('',*,*,#1994,.F.);
#1035=ORIENTED_EDGE('',*,*,#2280,.T.);
#1036=ORIENTED_EDGE('',*,*,#2276,.F.);
#1037=ORIENTED_EDGE('',*,*,#2281,.T.);
#1038=ORIENTED_EDGE('',*,*,#2278,.F.);
#1039=ORIENTED_EDGE('',*,*,#2282,.T.);
#1040=ORIENTED_EDGE('',*,*,#1996,.F.);
#1041=ORIENTED_EDGE('',*,*,#2283,.T.);
#1042=ORIENTED_EDGE('',*,*,#2274,.F.);
#1043=ORIENTED_EDGE('',*,*,#2284,.T.);
#1044=ORIENTED_EDGE('',*,*,#2004,.F.);
#1045=ORIENTED_EDGE('',*,*,#2285,.T.);
#1046=ORIENTED_EDGE('',*,*,#2002,.F.);
#1047=ORIENTED_EDGE('',*,*,#2286,.T.);
#1048=ORIENTED_EDGE('',*,*,#2272,.F.);
#1049=ORIENTED_EDGE('',*,*,#2287,.T.);
#1050=ORIENTED_EDGE('',*,*,#2254,.F.);
#1051=ORIENTED_EDGE('',*,*,#2288,.T.);
#1052=ORIENTED_EDGE('',*,*,#2200,.F.);
#1053=ORIENTED_EDGE('',*,*,#2289,.T.);
#1054=ORIENTED_EDGE('',*,*,#2290,.T.);
#1055=ORIENTED_EDGE('',*,*,#2206,.F.);
#1056=ORIENTED_EDGE('',*,*,#2291,.T.);
#1057=ORIENTED_EDGE('',*,*,#2256,.F.);
#1058=ORIENTED_EDGE('',*,*,#2292,.T.);
#1059=ORIENTED_EDGE('',*,*,#2293,.T.);
#1060=ORIENTED_EDGE('',*,*,#2270,.F.);
#1061=ORIENTED_EDGE('',*,*,#2294,.T.);
#1062=ORIENTED_EDGE('',*,*,#2196,.F.);
#1063=ORIENTED_EDGE('',*,*,#2295,.T.);
#1064=ORIENTED_EDGE('',*,*,#2296,.T.);
#1065=ORIENTED_EDGE('',*,*,#2194,.F.);
#1066=ORIENTED_EDGE('',*,*,#2297,.T.);
#1067=ORIENTED_EDGE('',*,*,#2240,.F.);
#1068=ORIENTED_EDGE('',*,*,#2298,.T.);
#1069=ORIENTED_EDGE('',*,*,#2299,.T.);
#1070=ORIENTED_EDGE('',*,*,#2266,.F.);
#1071=ORIENTED_EDGE('',*,*,#2300,.T.);
#1072=ORIENTED_EDGE('',*,*,#2268,.F.);
#1073=ORIENTED_EDGE('',*,*,#2301,.T.);
#1074=ORIENTED_EDGE('',*,*,#2242,.F.);
#1075=ORIENTED_EDGE('',*,*,#2302,.T.);
#1076=ORIENTED_EDGE('',*,*,#2244,.F.);
#1077=ORIENTED_EDGE('',*,*,#2303,.T.);
#1078=ORIENTED_EDGE('',*,*,#2258,.F.);
#1079=ORIENTED_EDGE('',*,*,#2304,.T.);
#1080=ORIENTED_EDGE('',*,*,#2260,.F.);
#1081=ORIENTED_EDGE('',*,*,#2305,.T.);
#1082=ORIENTED_EDGE('',*,*,#2250,.F.);
#1083=ORIENTED_EDGE('',*,*,#2306,.T.);
#1084=ORIENTED_EDGE('',*,*,#2252,.F.);
#1085=ORIENTED_EDGE('',*,*,#2307,.T.);
#1086=ORIENTED_EDGE('',*,*,#2246,.F.);
#1087=ORIENTED_EDGE('',*,*,#2308,.T.);
#1088=ORIENTED_EDGE('',*,*,#1992,.F.);
#1089=ORIENTED_EDGE('',*,*,#2309,.T.);
#1090=ORIENTED_EDGE('',*,*,#1998,.F.);
#1091=ORIENTED_EDGE('',*,*,#2310,.T.);
#1092=ORIENTED_EDGE('',*,*,#2248,.F.);
#1093=ORIENTED_EDGE('',*,*,#2311,.T.);
#1094=ORIENTED_EDGE('',*,*,#2006,.F.);
#1095=ORIENTED_EDGE('',*,*,#2312,.T.);
#1096=ORIENTED_EDGE('',*,*,#2264,.F.);
#1097=ORIENTED_EDGE('',*,*,#2313,.T.);
#1098=ORIENTED_EDGE('',*,*,#2262,.F.);
#1099=ORIENTED_EDGE('',*,*,#2314,.T.);
#1100=ORIENTED_EDGE('',*,*,#2000,.F.);
#1101=ORIENTED_EDGE('',*,*,#2315,.T.);
#1102=ORIENTED_EDGE('',*,*,#2198,.F.);
#1103=ORIENTED_EDGE('',*,*,#2316,.T.);
#1104=ORIENTED_EDGE('',*,*,#2174,.F.);
#1105=ORIENTED_EDGE('',*,*,#2317,.T.);
#1106=ORIENTED_EDGE('',*,*,#2182,.F.);
#1107=ORIENTED_EDGE('',*,*,#2318,.T.);
#1108=ORIENTED_EDGE('',*,*,#2192,.F.);
#1109=ORIENTED_EDGE('',*,*,#2319,.T.);
#1110=ORIENTED_EDGE('',*,*,#2202,.F.);
#1111=ORIENTED_EDGE('',*,*,#2320,.T.);
#1112=ORIENTED_EDGE('',*,*,#2070,.F.);
#1113=ORIENTED_EDGE('',*,*,#2321,.T.);
#1114=ORIENTED_EDGE('',*,*,#2080,.F.);
#1115=ORIENTED_EDGE('',*,*,#2322,.T.);
#1116=ORIENTED_EDGE('',*,*,#2204,.F.);
#1117=ORIENTED_EDGE('',*,*,#2323,.T.);
#1118=ORIENTED_EDGE('',*,*,#2324,.T.);
#1119=ORIENTED_EDGE('',*,*,#2325,.T.);
#1120=ORIENTED_EDGE('',*,*,#2183,.F.);
#1121=ORIENTED_EDGE('',*,*,#2326,.T.);
#1122=ORIENTED_EDGE('',*,*,#2327,.T.);
#1123=ORIENTED_EDGE('',*,*,#2328,.T.);
#1124=ORIENTED_EDGE('',*,*,#2224,.F.);
#1125=ORIENTED_EDGE('',*,*,#2329,.T.);
#1126=ORIENTED_EDGE('',*,*,#2081,.F.);
#1127=ORIENTED_EDGE('',*,*,#2330,.T.);
#1128=ORIENTED_EDGE('',*,*,#2331,.T.);
#1129=ORIENTED_EDGE('',*,*,#2332,.T.);
#1130=ORIENTED_EDGE('',*,*,#2208,.F.);
#1131=ORIENTED_EDGE('',*,*,#2333,.T.);
#1132=ORIENTED_EDGE('',*,*,#2334,.T.);
#1133=ORIENTED_EDGE('',*,*,#2335,.T.);
#1134=ORIENTED_EDGE('',*,*,#2317,.F.);
#1135=ORIENTED_EDGE('',*,*,#2325,.F.);
#1136=ORIENTED_EDGE('',*,*,#2336,.F.);
#1137=ORIENTED_EDGE('',*,*,#2336,.T.);
#1138=ORIENTED_EDGE('',*,*,#2324,.F.);
#1139=ORIENTED_EDGE('',*,*,#2337,.F.);
#1140=ORIENTED_EDGE('',*,*,#2199,.F.);
#1141=ORIENTED_EDGE('',*,*,#2337,.T.);
#1142=ORIENTED_EDGE('',*,*,#2329,.F.);
#1143=ORIENTED_EDGE('',*,*,#2338,.F.);
#1144=ORIENTED_EDGE('',*,*,#2295,.F.);
#1145=ORIENTED_EDGE('',*,*,#2338,.T.);
#1146=ORIENTED_EDGE('',*,*,#2223,.F.);
#1147=ORIENTED_EDGE('',*,*,#2339,.F.);
#1148=ORIENTED_EDGE('',*,*,#2296,.F.);
#1149=ORIENTED_EDGE('',*,*,#2339,.T.);
#1150=ORIENTED_EDGE('',*,*,#2222,.F.);
#1151=ORIENTED_EDGE('',*,*,#2340,.F.);
#1152=ORIENTED_EDGE('',*,*,#2271,.F.);
#1153=ORIENTED_EDGE('',*,*,#2340,.T.);
#1154=ORIENTED_EDGE('',*,*,#2221,.F.);
#1155=ORIENTED_EDGE('',*,*,#2341,.F.);
#1156=ORIENTED_EDGE('',*,*,#2301,.F.);
#1157=ORIENTED_EDGE('',*,*,#2341,.T.);
#1158=ORIENTED_EDGE('',*,*,#2220,.F.);
#1159=ORIENTED_EDGE('',*,*,#2342,.F.);
#1160=ORIENTED_EDGE('',*,*,#2267,.F.);
#1161=ORIENTED_EDGE('',*,*,#2342,.T.);
#1162=ORIENTED_EDGE('',*,*,#2219,.F.);
#1163=ORIENTED_EDGE('',*,*,#2343,.F.);
#1164=ORIENTED_EDGE('',*,*,#2313,.F.);
#1165=ORIENTED_EDGE('',*,*,#2343,.T.);
#1166=ORIENTED_EDGE('',*,*,#2218,.F.);
#1167=ORIENTED_EDGE('',*,*,#2344,.F.);
#1168=ORIENTED_EDGE('',*,*,#2007,.F.);
#1169=ORIENTED_EDGE('',*,*,#2344,.T.);
#1170=ORIENTED_EDGE('',*,*,#2217,.F.);
#1171=ORIENTED_EDGE('',*,*,#2345,.F.);
#1172=ORIENTED_EDGE('',*,*,#2285,.F.);
#1173=ORIENTED_EDGE('',*,*,#2345,.T.);
#1174=ORIENTED_EDGE('',*,*,#2216,.F.);
#1175=ORIENTED_EDGE('',*,*,#2346,.F.);
#1176=ORIENTED_EDGE('',*,*,#2275,.F.);
#1177=ORIENTED_EDGE('',*,*,#2346,.T.);
#1178=ORIENTED_EDGE('',*,*,#2215,.F.);
#1179=ORIENTED_EDGE('',*,*,#2347,.F.);
#1180=ORIENTED_EDGE('',*,*,#2287,.F.);
#1181=ORIENTED_EDGE('',*,*,#2347,.T.);
#1182=ORIENTED_EDGE('',*,*,#2214,.F.);
#1183=ORIENTED_EDGE('',*,*,#2348,.F.);
#1184=ORIENTED_EDGE('',*,*,#2003,.F.);
#1185=ORIENTED_EDGE('',*,*,#2348,.T.);
#1186=ORIENTED_EDGE('',*,*,#2213,.F.);
#1187=ORIENTED_EDGE('',*,*,#2349,.F.);
#1188=ORIENTED_EDGE('',*,*,#2315,.F.);
#1189=ORIENTED_EDGE('',*,*,#2349,.T.);
#1190=ORIENTED_EDGE('',*,*,#2212,.F.);
#1191=ORIENTED_EDGE('',*,*,#2350,.F.);
#1192=ORIENTED_EDGE('',*,*,#2263,.F.);
#1193=ORIENTED_EDGE('',*,*,#2350,.T.);
#1194=ORIENTED_EDGE('',*,*,#2211,.F.);
#1195=ORIENTED_EDGE('',*,*,#2351,.F.);
#1196=ORIENTED_EDGE('',*,*,#2305,.F.);
#1197=ORIENTED_EDGE('',*,*,#2351,.T.);
#1198=ORIENTED_EDGE('',*,*,#2210,.F.);
#1199=ORIENTED_EDGE('',*,*,#2352,.F.);
#1200=ORIENTED_EDGE('',*,*,#2259,.F.);
#1201=ORIENTED_EDGE('',*,*,#2352,.T.);
#1202=ORIENTED_EDGE('',*,*,#2209,.F.);
#1203=ORIENTED_EDGE('',*,*,#2353,.F.);
#1204=ORIENTED_EDGE('',*,*,#2292,.F.);
#1205=ORIENTED_EDGE('',*,*,#2353,.T.);
#1206=ORIENTED_EDGE('',*,*,#2332,.F.);
#1207=ORIENTED_EDGE('',*,*,#2354,.F.);
#1208=ORIENTED_EDGE('',*,*,#2293,.F.);
#1209=ORIENTED_EDGE('',*,*,#2354,.T.);
#1210=ORIENTED_EDGE('',*,*,#2331,.F.);
#1211=ORIENTED_EDGE('',*,*,#2355,.F.);
#1212=ORIENTED_EDGE('',*,*,#2207,.F.);
#1213=ORIENTED_EDGE('',*,*,#2355,.T.);
#1214=ORIENTED_EDGE('',*,*,#2330,.F.);
#1215=ORIENTED_EDGE('',*,*,#2323,.F.);
#1216=ORIENTED_EDGE('',*,*,#2321,.F.);
#1217=ORIENTED_EDGE('',*,*,#2335,.F.);
#1218=ORIENTED_EDGE('',*,*,#2356,.F.);
#1219=ORIENTED_EDGE('',*,*,#2356,.T.);
#1220=ORIENTED_EDGE('',*,*,#2334,.F.);
#1221=ORIENTED_EDGE('',*,*,#2357,.F.);
#1222=ORIENTED_EDGE('',*,*,#2203,.F.);
#1223=ORIENTED_EDGE('',*,*,#2357,.T.);
#1224=ORIENTED_EDGE('',*,*,#2333,.F.);
#1225=ORIENTED_EDGE('',*,*,#2358,.F.);
#1226=ORIENTED_EDGE('',*,*,#2289,.F.);
#1227=ORIENTED_EDGE('',*,*,#2358,.T.);
#1228=ORIENTED_EDGE('',*,*,#2239,.F.);
#1229=ORIENTED_EDGE('',*,*,#2359,.F.);
#1230=ORIENTED_EDGE('',*,*,#2290,.F.);
#1231=ORIENTED_EDGE('',*,*,#2359,.T.);
#1232=ORIENTED_EDGE('',*,*,#2238,.F.);
#1233=ORIENTED_EDGE('',*,*,#2360,.F.);
#1234=ORIENTED_EDGE('',*,*,#2255,.F.);
#1235=ORIENTED_EDGE('',*,*,#2360,.T.);
#1236=ORIENTED_EDGE('',*,*,#2237,.F.);
#1237=ORIENTED_EDGE('',*,*,#2361,.F.);
#1238=ORIENTED_EDGE('',*,*,#2307,.F.);
#1239=ORIENTED_EDGE('',*,*,#2361,.T.);
#1240=ORIENTED_EDGE('',*,*,#2236,.F.);
#1241=ORIENTED_EDGE('',*,*,#2362,.F.);
#1242=ORIENTED_EDGE('',*,*,#2251,.F.);
#1243=ORIENTED_EDGE('',*,*,#2362,.T.);
#1244=ORIENTED_EDGE('',*,*,#2235,.F.);
#1245=ORIENTED_EDGE('',*,*,#2363,.F.);
#1246=ORIENTED_EDGE('',*,*,#2311,.F.);
#1247=ORIENTED_EDGE('',*,*,#2363,.T.);
#1248=ORIENTED_EDGE('',*,*,#2234,.F.);
#1249=ORIENTED_EDGE('',*,*,#2364,.F.);
#1250=ORIENTED_EDGE('',*,*,#1999,.F.);
#1251=ORIENTED_EDGE('',*,*,#2364,.T.);
#1252=ORIENTED_EDGE('',*,*,#2233,.F.);
#1253=ORIENTED_EDGE('',*,*,#2365,.F.);
#1254=ORIENTED_EDGE('',*,*,#2283,.F.);
#1255=ORIENTED_EDGE('',*,*,#2365,.T.);
#1256=ORIENTED_EDGE('',*,*,#2232,.F.);
#1257=ORIENTED_EDGE('',*,*,#2366,.F.);
#1258=ORIENTED_EDGE('',*,*,#2279,.F.);
#1259=ORIENTED_EDGE('',*,*,#2366,.T.);
#1260=ORIENTED_EDGE('',*,*,#2231,.F.);
#1261=ORIENTED_EDGE('',*,*,#2367,.F.);
#1262=ORIENTED_EDGE('',*,*,#2281,.F.);
#1263=ORIENTED_EDGE('',*,*,#2367,.T.);
#1264=ORIENTED_EDGE('',*,*,#2230,.F.);
#1265=ORIENTED_EDGE('',*,*,#2368,.F.);
#1266=ORIENTED_EDGE('',*,*,#1995,.F.);
#1267=ORIENTED_EDGE('',*,*,#2368,.T.);
#1268=ORIENTED_EDGE('',*,*,#2229,.F.);
#1269=ORIENTED_EDGE('',*,*,#2369,.F.);
#1270=ORIENTED_EDGE('',*,*,#2309,.F.);
#1271=ORIENTED_EDGE('',*,*,#2369,.T.);
#1272=ORIENTED_EDGE('',*,*,#2228,.F.);
#1273=ORIENTED_EDGE('',*,*,#2370,.F.);
#1274=ORIENTED_EDGE('',*,*,#2247,.F.);
#1275=ORIENTED_EDGE('',*,*,#2370,.T.);
#1276=ORIENTED_EDGE('',*,*,#2227,.F.);
#1277=ORIENTED_EDGE('',*,*,#2371,.F.);
#1278=ORIENTED_EDGE('',*,*,#2303,.F.);
#1279=ORIENTED_EDGE('',*,*,#2371,.T.);
#1280=ORIENTED_EDGE('',*,*,#2226,.F.);
#1281=ORIENTED_EDGE('',*,*,#2372,.F.);
#1282=ORIENTED_EDGE('',*,*,#2243,.F.);
#1283=ORIENTED_EDGE('',*,*,#2372,.T.);
#1284=ORIENTED_EDGE('',*,*,#2225,.F.);
#1285=ORIENTED_EDGE('',*,*,#2373,.F.);
#1286=ORIENTED_EDGE('',*,*,#2298,.F.);
#1287=ORIENTED_EDGE('',*,*,#2373,.T.);
#1288=ORIENTED_EDGE('',*,*,#2328,.F.);
#1289=ORIENTED_EDGE('',*,*,#2374,.F.);
#1290=ORIENTED_EDGE('',*,*,#2299,.F.);
#1291=ORIENTED_EDGE('',*,*,#2374,.T.);
#1292=ORIENTED_EDGE('',*,*,#2327,.F.);
#1293=ORIENTED_EDGE('',*,*,#2375,.F.);
#1294=ORIENTED_EDGE('',*,*,#2195,.F.);
#1295=ORIENTED_EDGE('',*,*,#2375,.T.);
#1296=ORIENTED_EDGE('',*,*,#2326,.F.);
#1297=ORIENTED_EDGE('',*,*,#2319,.F.);
#1298=ORIENTED_EDGE('',*,*,#2376,.F.);
#1299=ORIENTED_EDGE('',*,*,#2037,.F.);
#1300=ORIENTED_EDGE('',*,*,#2377,.F.);
#1301=ORIENTED_EDGE('',*,*,#2193,.F.);
#1302=ORIENTED_EDGE('',*,*,#2377,.T.);
#1303=ORIENTED_EDGE('',*,*,#2036,.F.);
#1304=ORIENTED_EDGE('',*,*,#2378,.F.);
#1305=ORIENTED_EDGE('',*,*,#2297,.F.);
#1306=ORIENTED_EDGE('',*,*,#2376,.T.);
#1307=ORIENTED_EDGE('',*,*,#2318,.F.);
#1308=ORIENTED_EDGE('',*,*,#2379,.F.);
#1309=ORIENTED_EDGE('',*,*,#2038,.F.);
#1310=ORIENTED_EDGE('',*,*,#2378,.T.);
#1311=ORIENTED_EDGE('',*,*,#2035,.F.);
#1312=ORIENTED_EDGE('',*,*,#2380,.F.);
#1313=ORIENTED_EDGE('',*,*,#2241,.F.);
#1314=ORIENTED_EDGE('',*,*,#2379,.T.);
#1315=ORIENTED_EDGE('',*,*,#2181,.F.);
#1316=ORIENTED_EDGE('',*,*,#2381,.F.);
#1317=ORIENTED_EDGE('',*,*,#2039,.F.);
#1318=ORIENTED_EDGE('',*,*,#2380,.T.);
#1319=ORIENTED_EDGE('',*,*,#2034,.F.);
#1320=ORIENTED_EDGE('',*,*,#2382,.F.);
#1321=ORIENTED_EDGE('',*,*,#2302,.F.);
#1322=ORIENTED_EDGE('',*,*,#2381,.T.);
#1323=ORIENTED_EDGE('',*,*,#2188,.F.);
#1324=ORIENTED_EDGE('',*,*,#2383,.F.);
#1325=ORIENTED_EDGE('',*,*,#2040,.F.);
#1326=ORIENTED_EDGE('',*,*,#2382,.T.);
#1327=ORIENTED_EDGE('',*,*,#2033,.F.);
#1328=ORIENTED_EDGE('',*,*,#2384,.F.);
#1329=ORIENTED_EDGE('',*,*,#2245,.F.);
#1330=ORIENTED_EDGE('',*,*,#2383,.T.);
#1331=ORIENTED_EDGE('',*,*,#2164,.F.);
#1332=ORIENTED_EDGE('',*,*,#2385,.F.);
#1333=ORIENTED_EDGE('',*,*,#2041,.F.);
#1334=ORIENTED_EDGE('',*,*,#2384,.T.);
#1335=ORIENTED_EDGE('',*,*,#2032,.F.);
#1336=ORIENTED_EDGE('',*,*,#2386,.F.);
#1337=ORIENTED_EDGE('',*,*,#2308,.F.);
#1338=ORIENTED_EDGE('',*,*,#2385,.T.);
#1339=ORIENTED_EDGE('',*,*,#2189,.F.);
#1340=ORIENTED_EDGE('',*,*,#2387,.F.);
#1341=ORIENTED_EDGE('',*,*,#2042,.F.);
#1342=ORIENTED_EDGE('',*,*,#2386,.T.);
#1343=ORIENTED_EDGE('',*,*,#2031,.F.);
#1344=ORIENTED_EDGE('',*,*,#2388,.F.);
#1345=ORIENTED_EDGE('',*,*,#1993,.F.);
#1346=ORIENTED_EDGE('',*,*,#2387,.T.);
#1347=ORIENTED_EDGE('',*,*,#2178,.F.);
#1348=ORIENTED_EDGE('',*,*,#2389,.F.);
#1349=ORIENTED_EDGE('',*,*,#2043,.F.);
#1350=ORIENTED_EDGE('',*,*,#2388,.T.);
#1351=ORIENTED_EDGE('',*,*,#2030,.F.);
#1352=ORIENTED_EDGE('',*,*,#2390,.F.);
#1353=ORIENTED_EDGE('',*,*,#2280,.F.);
#1354=ORIENTED_EDGE('',*,*,#2389,.T.);
#1355=ORIENTED_EDGE('',*,*,#2190,.F.);
#1356=ORIENTED_EDGE('',*,*,#2391,.F.);
#1357=ORIENTED_EDGE('',*,*,#2044,.F.);
#1358=ORIENTED_EDGE('',*,*,#2390,.T.);
#1359=ORIENTED_EDGE('',*,*,#2029,.F.);
#1360=ORIENTED_EDGE('',*,*,#2392,.F.);
#1361=ORIENTED_EDGE('',*,*,#2277,.F.);
#1362=ORIENTED_EDGE('',*,*,#2391,.T.);
#1363=ORIENTED_EDGE('',*,*,#2172,.F.);
#1364=ORIENTED_EDGE('',*,*,#2393,.F.);
#1365=ORIENTED_EDGE('',*,*,#2045,.F.);
#1366=ORIENTED_EDGE('',*,*,#2392,.T.);
#1367=ORIENTED_EDGE('',*,*,#2028,.F.);
#1368=ORIENTED_EDGE('',*,*,#2394,.F.);
#1369=ORIENTED_EDGE('',*,*,#2282,.F.);
#1370=ORIENTED_EDGE('',*,*,#2393,.T.);
#1371=ORIENTED_EDGE('',*,*,#2191,.F.);
#1372=ORIENTED_EDGE('',*,*,#2395,.F.);
#1373=ORIENTED_EDGE('',*,*,#2046,.F.);
#1374=ORIENTED_EDGE('',*,*,#2394,.T.);
#1375=ORIENTED_EDGE('',*,*,#2027,.F.);
#1376=ORIENTED_EDGE('',*,*,#2396,.F.);
#1377=ORIENTED_EDGE('',*,*,#1997,.F.);
#1378=ORIENTED_EDGE('',*,*,#2395,.T.);
#1379=ORIENTED_EDGE('',*,*,#2175,.F.);
#1380=ORIENTED_EDGE('',*,*,#2397,.F.);
#1381=ORIENTED_EDGE('',*,*,#2047,.F.);
#1382=ORIENTED_EDGE('',*,*,#2396,.T.);
#1383=ORIENTED_EDGE('',*,*,#2026,.F.);
#1384=ORIENTED_EDGE('',*,*,#2398,.F.);
#1385=ORIENTED_EDGE('',*,*,#2310,.F.);
#1386=ORIENTED_EDGE('',*,*,#2397,.T.);
#1387=ORIENTED_EDGE('',*,*,#2316,.F.);
#1388=ORIENTED_EDGE('',*,*,#2399,.F.);
#1389=ORIENTED_EDGE('',*,*,#2048,.F.);
#1390=ORIENTED_EDGE('',*,*,#2398,.T.);
#1391=ORIENTED_EDGE('',*,*,#2025,.F.);
#1392=ORIENTED_EDGE('',*,*,#2400,.F.);
#1393=ORIENTED_EDGE('',*,*,#2249,.F.);
#1394=ORIENTED_EDGE('',*,*,#2399,.T.);
#1395=ORIENTED_EDGE('',*,*,#2197,.F.);
#1396=ORIENTED_EDGE('',*,*,#2401,.F.);
#1397=ORIENTED_EDGE('',*,*,#2049,.F.);
#1398=ORIENTED_EDGE('',*,*,#2400,.T.);
#1399=ORIENTED_EDGE('',*,*,#2024,.F.);
#1400=ORIENTED_EDGE('',*,*,#2402,.F.);
#1401=ORIENTED_EDGE('',*,*,#2306,.F.);
#1402=ORIENTED_EDGE('',*,*,#2401,.T.);
#1403=ORIENTED_EDGE('',*,*,#2294,.F.);
#1404=ORIENTED_EDGE('',*,*,#2403,.F.);
#1405=ORIENTED_EDGE('',*,*,#2050,.F.);
#1406=ORIENTED_EDGE('',*,*,#2402,.T.);
#1407=ORIENTED_EDGE('',*,*,#2023,.F.);
#1408=ORIENTED_EDGE('',*,*,#2404,.F.);
#1409=ORIENTED_EDGE('',*,*,#2253,.F.);
#1410=ORIENTED_EDGE('',*,*,#2403,.T.);
#1411=ORIENTED_EDGE('',*,*,#2269,.F.);
#1412=ORIENTED_EDGE('',*,*,#2405,.F.);
#1413=ORIENTED_EDGE('',*,*,#2051,.F.);
#1414=ORIENTED_EDGE('',*,*,#2404,.T.);
#1415=ORIENTED_EDGE('',*,*,#2022,.F.);
#1416=ORIENTED_EDGE('',*,*,#2406,.F.);
#1417=ORIENTED_EDGE('',*,*,#2288,.F.);
#1418=ORIENTED_EDGE('',*,*,#2405,.T.);
#1419=ORIENTED_EDGE('',*,*,#2300,.F.);
#1420=ORIENTED_EDGE('',*,*,#2407,.F.);
#1421=ORIENTED_EDGE('',*,*,#2052,.F.);
#1422=ORIENTED_EDGE('',*,*,#2406,.T.);
#1423=ORIENTED_EDGE('',*,*,#2021,.F.);
#1424=ORIENTED_EDGE('',*,*,#2408,.F.);
#1425=ORIENTED_EDGE('',*,*,#2201,.F.);
#1426=ORIENTED_EDGE('',*,*,#2407,.T.);
#1427=ORIENTED_EDGE('',*,*,#2265,.F.);
#1428=ORIENTED_EDGE('',*,*,#2409,.F.);
#1429=ORIENTED_EDGE('',*,*,#2053,.F.);
#1430=ORIENTED_EDGE('',*,*,#2408,.T.);
#1431=ORIENTED_EDGE('',*,*,#2020,.F.);
#1432=ORIENTED_EDGE('',*,*,#2410,.F.);
#1433=ORIENTED_EDGE('',*,*,#2320,.F.);
#1434=ORIENTED_EDGE('',*,*,#2409,.T.);
#1435=ORIENTED_EDGE('',*,*,#2312,.F.);
#1436=ORIENTED_EDGE('',*,*,#2411,.F.);
#1437=ORIENTED_EDGE('',*,*,#2054,.F.);
#1438=ORIENTED_EDGE('',*,*,#2410,.T.);
#1439=ORIENTED_EDGE('',*,*,#2019,.F.);
#1440=ORIENTED_EDGE('',*,*,#2412,.F.);
#1441=ORIENTED_EDGE('',*,*,#2071,.F.);
#1442=ORIENTED_EDGE('',*,*,#2411,.T.);
#1443=ORIENTED_EDGE('',*,*,#2005,.F.);
#1444=ORIENTED_EDGE('',*,*,#2413,.F.);
#1445=ORIENTED_EDGE('',*,*,#2055,.F.);
#1446=ORIENTED_EDGE('',*,*,#2412,.T.);
#1447=ORIENTED_EDGE('',*,*,#2018,.F.);
#1448=ORIENTED_EDGE('',*,*,#2414,.F.);
#1449=ORIENTED_EDGE('',*,*,#2184,.F.);
#1450=ORIENTED_EDGE('',*,*,#2413,.T.);
#1451=ORIENTED_EDGE('',*,*,#2284,.F.);
#1452=ORIENTED_EDGE('',*,*,#2415,.F.);
#1453=ORIENTED_EDGE('',*,*,#2056,.F.);
#1454=ORIENTED_EDGE('',*,*,#2414,.T.);
#1455=ORIENTED_EDGE('',*,*,#2017,.F.);
#1456=ORIENTED_EDGE('',*,*,#2416,.F.);
#1457=ORIENTED_EDGE('',*,*,#2156,.F.);
#1458=ORIENTED_EDGE('',*,*,#2415,.T.);
#1459=ORIENTED_EDGE('',*,*,#2273,.F.);
#1460=ORIENTED_EDGE('',*,*,#2417,.F.);
#1461=ORIENTED_EDGE('',*,*,#2057,.F.);
#1462=ORIENTED_EDGE('',*,*,#2416,.T.);
#1463=ORIENTED_EDGE('',*,*,#2016,.F.);
#1464=ORIENTED_EDGE('',*,*,#2418,.F.);
#1465=ORIENTED_EDGE('',*,*,#2185,.F.);
#1466=ORIENTED_EDGE('',*,*,#2417,.T.);
#1467=ORIENTED_EDGE('',*,*,#2286,.F.);
#1468=ORIENTED_EDGE('',*,*,#2419,.F.);
#1469=ORIENTED_EDGE('',*,*,#2058,.F.);
#1470=ORIENTED_EDGE('',*,*,#2418,.T.);
#1471=ORIENTED_EDGE('',*,*,#2015,.F.);
#1472=ORIENTED_EDGE('',*,*,#2420,.F.);
#1473=ORIENTED_EDGE('',*,*,#2075,.F.);
#1474=ORIENTED_EDGE('',*,*,#2419,.T.);
#1475=ORIENTED_EDGE('',*,*,#2001,.F.);
#1476=ORIENTED_EDGE('',*,*,#2421,.F.);
#1477=ORIENTED_EDGE('',*,*,#2059,.F.);
#1478=ORIENTED_EDGE('',*,*,#2420,.T.);
#1479=ORIENTED_EDGE('',*,*,#2014,.F.);
#1480=ORIENTED_EDGE('',*,*,#2422,.F.);
#1481=ORIENTED_EDGE('',*,*,#2186,.F.);
#1482=ORIENTED_EDGE('',*,*,#2421,.T.);
#1483=ORIENTED_EDGE('',*,*,#2314,.F.);
#1484=ORIENTED_EDGE('',*,*,#2423,.F.);
#1485=ORIENTED_EDGE('',*,*,#2060,.F.);
#1486=ORIENTED_EDGE('',*,*,#2422,.T.);
#1487=ORIENTED_EDGE('',*,*,#2013,.F.);
#1488=ORIENTED_EDGE('',*,*,#2424,.F.);
#1489=ORIENTED_EDGE('',*,*,#2149,.F.);
#1490=ORIENTED_EDGE('',*,*,#2423,.T.);
#1491=ORIENTED_EDGE('',*,*,#2261,.F.);
#1492=ORIENTED_EDGE('',*,*,#2425,.F.);
#1493=ORIENTED_EDGE('',*,*,#2061,.F.);
#1494=ORIENTED_EDGE('',*,*,#2424,.T.);
#1495=ORIENTED_EDGE('',*,*,#2012,.F.);
#1496=ORIENTED_EDGE('',*,*,#2426,.F.);
#1497=ORIENTED_EDGE('',*,*,#2187,.F.);
#1498=ORIENTED_EDGE('',*,*,#2425,.T.);
#1499=ORIENTED_EDGE('',*,*,#2304,.F.);
#1500=ORIENTED_EDGE('',*,*,#2427,.F.);
#1501=ORIENTED_EDGE('',*,*,#2062,.F.);
#1502=ORIENTED_EDGE('',*,*,#2426,.T.);
#1503=ORIENTED_EDGE('',*,*,#2011,.F.);
#1504=ORIENTED_EDGE('',*,*,#2428,.F.);
#1505=ORIENTED_EDGE('',*,*,#2079,.F.);
#1506=ORIENTED_EDGE('',*,*,#2427,.T.);
#1507=ORIENTED_EDGE('',*,*,#2257,.F.);
#1508=ORIENTED_EDGE('',*,*,#2429,.F.);
#1509=ORIENTED_EDGE('',*,*,#2063,.F.);
#1510=ORIENTED_EDGE('',*,*,#2428,.T.);
#1511=ORIENTED_EDGE('',*,*,#2010,.F.);
#1512=ORIENTED_EDGE('',*,*,#2430,.F.);
#1513=ORIENTED_EDGE('',*,*,#2322,.F.);
#1514=ORIENTED_EDGE('',*,*,#2429,.T.);
#1515=ORIENTED_EDGE('',*,*,#2291,.F.);
#1516=ORIENTED_EDGE('',*,*,#2431,.F.);
#1517=ORIENTED_EDGE('',*,*,#2008,.F.);
#1518=ORIENTED_EDGE('',*,*,#2430,.T.);
#1519=ORIENTED_EDGE('',*,*,#2009,.F.);
#1520=ORIENTED_EDGE('',*,*,#2431,.T.);
#1521=ORIENTED_EDGE('',*,*,#2205,.F.);
#1522=ORIENTED_EDGE('',*,*,#2432,.T.);
#1523=ORIENTED_EDGE('',*,*,#2092,.T.);
#1524=ORIENTED_EDGE('',*,*,#2433,.T.);
#1525=ORIENTED_EDGE('',*,*,#2091,.T.);
#1526=ORIENTED_EDGE('',*,*,#2434,.T.);
#1527=ORIENTED_EDGE('',*,*,#2090,.T.);
#1528=ORIENTED_EDGE('',*,*,#2435,.T.);
#1529=ORIENTED_EDGE('',*,*,#2089,.T.);
#1530=ORIENTED_EDGE('',*,*,#2436,.T.);
#1531=ORIENTED_EDGE('',*,*,#2088,.T.);
#1532=ORIENTED_EDGE('',*,*,#2437,.T.);
#1533=ORIENTED_EDGE('',*,*,#2087,.T.);
#1534=ORIENTED_EDGE('',*,*,#2436,.F.);
#1535=ORIENTED_EDGE('',*,*,#2435,.F.);
#1536=ORIENTED_EDGE('',*,*,#2434,.F.);
#1537=ORIENTED_EDGE('',*,*,#2433,.F.);
#1538=ORIENTED_EDGE('',*,*,#2432,.F.);
#1539=ORIENTED_EDGE('',*,*,#2437,.F.);
#1540=ORIENTED_EDGE('',*,*,#2104,.T.);
#1541=ORIENTED_EDGE('',*,*,#2438,.T.);
#1542=ORIENTED_EDGE('',*,*,#2439,.T.);
#1543=ORIENTED_EDGE('',*,*,#2439,.F.);
#1544=ORIENTED_EDGE('',*,*,#2440,.T.);
#1545=ORIENTED_EDGE('',*,*,#2441,.T.);
#1546=ORIENTED_EDGE('',*,*,#2105,.T.);
#1547=ORIENTED_EDGE('',*,*,#2441,.F.);
#1548=ORIENTED_EDGE('',*,*,#2442,.T.);
#1549=ORIENTED_EDGE('',*,*,#2443,.T.);
#1550=ORIENTED_EDGE('',*,*,#2444,.T.);
#1551=ORIENTED_EDGE('',*,*,#2445,.T.);
#1552=ORIENTED_EDGE('',*,*,#2106,.T.);
#1553=ORIENTED_EDGE('',*,*,#2445,.F.);
#1554=ORIENTED_EDGE('',*,*,#2446,.T.);
#1555=ORIENTED_EDGE('',*,*,#2447,.T.);
#1556=ORIENTED_EDGE('',*,*,#2107,.F.);
#1557=ORIENTED_EDGE('',*,*,#2447,.F.);
#1558=ORIENTED_EDGE('',*,*,#2448,.T.);
#1559=ORIENTED_EDGE('',*,*,#2108,.T.);
#1560=ORIENTED_EDGE('',*,*,#2112,.T.);
#1561=ORIENTED_EDGE('',*,*,#2449,.T.);
#1562=ORIENTED_EDGE('',*,*,#2450,.T.);
#1563=ORIENTED_EDGE('',*,*,#2450,.F.);
#1564=ORIENTED_EDGE('',*,*,#2451,.T.);
#1565=ORIENTED_EDGE('',*,*,#2452,.T.);
#1566=ORIENTED_EDGE('',*,*,#2113,.T.);
#1567=ORIENTED_EDGE('',*,*,#2453,.T.);
#1568=ORIENTED_EDGE('',*,*,#2454,.T.);
#1569=ORIENTED_EDGE('',*,*,#2455,.T.);
#1570=ORIENTED_EDGE('',*,*,#2114,.T.);
#1571=ORIENTED_EDGE('',*,*,#2452,.F.);
#1572=ORIENTED_EDGE('',*,*,#2456,.T.);
#1573=ORIENTED_EDGE('',*,*,#2455,.F.);
#1574=ORIENTED_EDGE('',*,*,#2457,.T.);
#1575=ORIENTED_EDGE('',*,*,#2458,.T.);
#1576=ORIENTED_EDGE('',*,*,#2115,.F.);
#1577=ORIENTED_EDGE('',*,*,#2458,.F.);
#1578=ORIENTED_EDGE('',*,*,#2459,.T.);
#1579=ORIENTED_EDGE('',*,*,#2116,.T.);
#1580=ORIENTED_EDGE('',*,*,#2120,.T.);
#1581=ORIENTED_EDGE('',*,*,#2460,.T.);
#1582=ORIENTED_EDGE('',*,*,#2461,.T.);
#1583=ORIENTED_EDGE('',*,*,#2461,.F.);
#1584=ORIENTED_EDGE('',*,*,#2462,.T.);
#1585=ORIENTED_EDGE('',*,*,#2463,.T.);
#1586=ORIENTED_EDGE('',*,*,#2121,.T.);
#1587=ORIENTED_EDGE('',*,*,#2463,.F.);
#1588=ORIENTED_EDGE('',*,*,#2464,.T.);
#1589=ORIENTED_EDGE('',*,*,#2465,.T.);
#1590=ORIENTED_EDGE('',*,*,#2466,.T.);
#1591=ORIENTED_EDGE('',*,*,#2467,.T.);
#1592=ORIENTED_EDGE('',*,*,#2122,.T.);
#1593=ORIENTED_EDGE('',*,*,#2467,.F.);
#1594=ORIENTED_EDGE('',*,*,#2468,.T.);
#1595=ORIENTED_EDGE('',*,*,#2469,.T.);
#1596=ORIENTED_EDGE('',*,*,#2123,.F.);
#1597=ORIENTED_EDGE('',*,*,#2469,.F.);
#1598=ORIENTED_EDGE('',*,*,#2470,.T.);
#1599=ORIENTED_EDGE('',*,*,#2124,.T.);
#1600=ORIENTED_EDGE('',*,*,#2128,.T.);
#1601=ORIENTED_EDGE('',*,*,#2471,.T.);
#1602=ORIENTED_EDGE('',*,*,#2472,.T.);
#1603=ORIENTED_EDGE('',*,*,#2472,.F.);
#1604=ORIENTED_EDGE('',*,*,#2473,.T.);
#1605=ORIENTED_EDGE('',*,*,#2474,.T.);
#1606=ORIENTED_EDGE('',*,*,#2129,.T.);
#1607=ORIENTED_EDGE('',*,*,#2475,.T.);
#1608=ORIENTED_EDGE('',*,*,#2476,.T.);
#1609=ORIENTED_EDGE('',*,*,#2477,.T.);
#1610=ORIENTED_EDGE('',*,*,#2130,.T.);
#1611=ORIENTED_EDGE('',*,*,#2474,.F.);
#1612=ORIENTED_EDGE('',*,*,#2478,.T.);
#1613=ORIENTED_EDGE('',*,*,#2477,.F.);
#1614=ORIENTED_EDGE('',*,*,#2479,.T.);
#1615=ORIENTED_EDGE('',*,*,#2480,.T.);
#1616=ORIENTED_EDGE('',*,*,#2131,.F.);
#1617=ORIENTED_EDGE('',*,*,#2480,.F.);
#1618=ORIENTED_EDGE('',*,*,#2481,.T.);
#1619=ORIENTED_EDGE('',*,*,#2132,.T.);
#1620=ORIENTED_EDGE('',*,*,#2136,.T.);
#1621=ORIENTED_EDGE('',*,*,#2482,.T.);
#1622=ORIENTED_EDGE('',*,*,#2483,.T.);
#1623=ORIENTED_EDGE('',*,*,#2483,.F.);
#1624=ORIENTED_EDGE('',*,*,#2484,.T.);
#1625=ORIENTED_EDGE('',*,*,#2485,.T.);
#1626=ORIENTED_EDGE('',*,*,#2137,.T.);
#1627=ORIENTED_EDGE('',*,*,#2485,.F.);
#1628=ORIENTED_EDGE('',*,*,#2486,.T.);
#1629=ORIENTED_EDGE('',*,*,#2487,.T.);
#1630=ORIENTED_EDGE('',*,*,#2488,.T.);
#1631=ORIENTED_EDGE('',*,*,#2489,.T.);
#1632=ORIENTED_EDGE('',*,*,#2138,.T.);
#1633=ORIENTED_EDGE('',*,*,#2489,.F.);
#1634=ORIENTED_EDGE('',*,*,#2490,.T.);
#1635=ORIENTED_EDGE('',*,*,#2491,.T.);
#1636=ORIENTED_EDGE('',*,*,#2139,.F.);
#1637=ORIENTED_EDGE('',*,*,#2491,.F.);
#1638=ORIENTED_EDGE('',*,*,#2492,.T.);
#1639=ORIENTED_EDGE('',*,*,#2140,.T.);
#1640=ORIENTED_EDGE('',*,*,#2493,.F.);
#1641=ORIENTED_EDGE('',*,*,#2494,.T.);
#1642=ORIENTED_EDGE('',*,*,#2495,.F.);
#1643=ORIENTED_EDGE('',*,*,#2496,.T.);
#1644=ORIENTED_EDGE('',*,*,#2493,.T.);
#1645=ORIENTED_EDGE('',*,*,#2497,.F.);
#1646=ORIENTED_EDGE('',*,*,#2495,.T.);
#1647=ORIENTED_EDGE('',*,*,#2498,.F.);
#1648=ORIENTED_EDGE('',*,*,#2499,.F.);
#1649=ORIENTED_EDGE('',*,*,#2500,.T.);
#1650=ORIENTED_EDGE('',*,*,#2501,.F.);
#1651=ORIENTED_EDGE('',*,*,#2502,.T.);
#1652=ORIENTED_EDGE('',*,*,#2501,.T.);
#1653=ORIENTED_EDGE('',*,*,#2503,.F.);
#1654=ORIENTED_EDGE('',*,*,#2499,.T.);
#1655=ORIENTED_EDGE('',*,*,#2504,.F.);
#1656=ORIENTED_EDGE('',*,*,#2505,.F.);
#1657=ORIENTED_EDGE('',*,*,#2506,.T.);
#1658=ORIENTED_EDGE('',*,*,#2507,.F.);
#1659=ORIENTED_EDGE('',*,*,#2508,.T.);
#1660=ORIENTED_EDGE('',*,*,#2505,.T.);
#1661=ORIENTED_EDGE('',*,*,#2509,.F.);
#1662=ORIENTED_EDGE('',*,*,#2507,.T.);
#1663=ORIENTED_EDGE('',*,*,#2510,.F.);
#1664=ORIENTED_EDGE('',*,*,#2511,.F.);
#1665=ORIENTED_EDGE('',*,*,#2512,.T.);
#1666=ORIENTED_EDGE('',*,*,#2513,.F.);
#1667=ORIENTED_EDGE('',*,*,#2514,.T.);
#1668=ORIENTED_EDGE('',*,*,#2513,.T.);
#1669=ORIENTED_EDGE('',*,*,#2515,.F.);
#1670=ORIENTED_EDGE('',*,*,#2511,.T.);
#1671=ORIENTED_EDGE('',*,*,#2516,.F.);
#1672=ORIENTED_EDGE('',*,*,#2517,.F.);
#1673=ORIENTED_EDGE('',*,*,#2518,.T.);
#1674=ORIENTED_EDGE('',*,*,#2519,.F.);
#1675=ORIENTED_EDGE('',*,*,#2520,.T.);
#1676=ORIENTED_EDGE('',*,*,#2519,.T.);
#1677=ORIENTED_EDGE('',*,*,#2521,.F.);
#1678=ORIENTED_EDGE('',*,*,#2517,.T.);
#1679=ORIENTED_EDGE('',*,*,#2522,.F.);
#1680=ORIENTED_EDGE('',*,*,#2523,.F.);
#1681=ORIENTED_EDGE('',*,*,#2524,.T.);
#1682=ORIENTED_EDGE('',*,*,#2487,.F.);
#1683=ORIENTED_EDGE('',*,*,#2525,.T.);
#1684=ORIENTED_EDGE('',*,*,#2526,.F.);
#1685=ORIENTED_EDGE('',*,*,#2527,.T.);
#1686=ORIENTED_EDGE('',*,*,#2475,.F.);
#1687=ORIENTED_EDGE('',*,*,#2528,.T.);
#1688=ORIENTED_EDGE('',*,*,#2529,.F.);
#1689=ORIENTED_EDGE('',*,*,#2530,.T.);
#1690=ORIENTED_EDGE('',*,*,#2465,.F.);
#1691=ORIENTED_EDGE('',*,*,#2531,.T.);
#1692=ORIENTED_EDGE('',*,*,#2532,.F.);
#1693=ORIENTED_EDGE('',*,*,#2533,.T.);
#1694=ORIENTED_EDGE('',*,*,#2453,.F.);
#1695=ORIENTED_EDGE('',*,*,#2534,.T.);
#1696=ORIENTED_EDGE('',*,*,#2535,.F.);
#1697=ORIENTED_EDGE('',*,*,#2536,.T.);
#1698=ORIENTED_EDGE('',*,*,#2443,.F.);
#1699=ORIENTED_EDGE('',*,*,#2537,.T.);
#1700=ORIENTED_EDGE('',*,*,#2520,.F.);
#1701=ORIENTED_EDGE('',*,*,#2518,.F.);
#1702=ORIENTED_EDGE('',*,*,#2538,.T.);
#1703=ORIENTED_EDGE('',*,*,#2514,.F.);
#1704=ORIENTED_EDGE('',*,*,#2512,.F.);
#1705=ORIENTED_EDGE('',*,*,#2508,.F.);
#1706=ORIENTED_EDGE('',*,*,#2506,.F.);
#1707=ORIENTED_EDGE('',*,*,#2502,.F.);
#1708=ORIENTED_EDGE('',*,*,#2500,.F.);
#1709=ORIENTED_EDGE('',*,*,#2496,.F.);
#1710=ORIENTED_EDGE('',*,*,#2494,.F.);
#1711=ORIENTED_EDGE('',*,*,#2539,.F.);
#1712=ORIENTED_EDGE('',*,*,#2540,.T.);
#1713=ORIENTED_EDGE('',*,*,#2541,.T.);
#1714=ORIENTED_EDGE('',*,*,#2521,.T.);
#1715=ORIENTED_EDGE('',*,*,#2542,.T.);
#1716=ORIENTED_EDGE('',*,*,#2543,.T.);
#1717=ORIENTED_EDGE('',*,*,#2544,.F.);
#1718=ORIENTED_EDGE('',*,*,#2522,.T.);
#1719=ORIENTED_EDGE('',*,*,#2523,.T.);
#1720=ORIENTED_EDGE('',*,*,#2545,.T.);
#1721=ORIENTED_EDGE('',*,*,#2546,.T.);
#1722=ORIENTED_EDGE('',*,*,#2544,.T.);
#1723=ORIENTED_EDGE('',*,*,#2547,.T.);
#1724=ORIENTED_EDGE('',*,*,#2548,.T.);
#1725=ORIENTED_EDGE('',*,*,#2549,.T.);
#1726=ORIENTED_EDGE('',*,*,#2539,.T.);
#1727=ORIENTED_EDGE('',*,*,#2550,.T.);
#1728=ORIENTED_EDGE('',*,*,#2551,.T.);
#1729=ORIENTED_EDGE('',*,*,#2552,.F.);
#1730=ORIENTED_EDGE('',*,*,#2553,.T.);
#1731=ORIENTED_EDGE('',*,*,#2554,.T.);
#1732=ORIENTED_EDGE('',*,*,#2515,.T.);
#1733=ORIENTED_EDGE('',*,*,#2555,.F.);
#1734=ORIENTED_EDGE('',*,*,#2556,.T.);
#1735=ORIENTED_EDGE('',*,*,#2557,.T.);
#1736=ORIENTED_EDGE('',*,*,#2516,.T.);
#1737=ORIENTED_EDGE('',*,*,#2535,.T.);
#1738=ORIENTED_EDGE('',*,*,#2558,.T.);
#1739=ORIENTED_EDGE('',*,*,#2559,.T.);
#1740=ORIENTED_EDGE('',*,*,#2552,.T.);
#1741=ORIENTED_EDGE('',*,*,#2560,.T.);
#1742=ORIENTED_EDGE('',*,*,#2561,.T.);
#1743=ORIENTED_EDGE('',*,*,#2562,.T.);
#1744=ORIENTED_EDGE('',*,*,#2555,.T.);
#1745=ORIENTED_EDGE('',*,*,#2563,.T.);
#1746=ORIENTED_EDGE('',*,*,#2564,.T.);
#1747=ORIENTED_EDGE('',*,*,#2565,.F.);
#1748=ORIENTED_EDGE('',*,*,#2566,.T.);
#1749=ORIENTED_EDGE('',*,*,#2567,.T.);
#1750=ORIENTED_EDGE('',*,*,#2509,.T.);
#1751=ORIENTED_EDGE('',*,*,#2568,.F.);
#1752=ORIENTED_EDGE('',*,*,#2569,.T.);
#1753=ORIENTED_EDGE('',*,*,#2570,.T.);
#1754=ORIENTED_EDGE('',*,*,#2510,.T.);
#1755=ORIENTED_EDGE('',*,*,#2532,.T.);
#1756=ORIENTED_EDGE('',*,*,#2571,.T.);
#1757=ORIENTED_EDGE('',*,*,#2572,.T.);
#1758=ORIENTED_EDGE('',*,*,#2568,.T.);
#1759=ORIENTED_EDGE('',*,*,#2573,.T.);
#1760=ORIENTED_EDGE('',*,*,#2574,.T.);
#1761=ORIENTED_EDGE('',*,*,#2575,.T.);
#1762=ORIENTED_EDGE('',*,*,#2565,.T.);
#1763=ORIENTED_EDGE('',*,*,#2576,.T.);
#1764=ORIENTED_EDGE('',*,*,#2577,.T.);
#1765=ORIENTED_EDGE('',*,*,#2578,.F.);
#1766=ORIENTED_EDGE('',*,*,#2579,.T.);
#1767=ORIENTED_EDGE('',*,*,#2580,.T.);
#1768=ORIENTED_EDGE('',*,*,#2503,.T.);
#1769=ORIENTED_EDGE('',*,*,#2581,.F.);
#1770=ORIENTED_EDGE('',*,*,#2582,.T.);
#1771=ORIENTED_EDGE('',*,*,#2583,.T.);
#1772=ORIENTED_EDGE('',*,*,#2504,.T.);
#1773=ORIENTED_EDGE('',*,*,#2529,.T.);
#1774=ORIENTED_EDGE('',*,*,#2584,.T.);
#1775=ORIENTED_EDGE('',*,*,#2585,.T.);
#1776=ORIENTED_EDGE('',*,*,#2578,.T.);
#1777=ORIENTED_EDGE('',*,*,#2586,.T.);
#1778=ORIENTED_EDGE('',*,*,#2587,.T.);
#1779=ORIENTED_EDGE('',*,*,#2588,.T.);
#1780=ORIENTED_EDGE('',*,*,#2581,.T.);
#1781=ORIENTED_EDGE('',*,*,#2589,.T.);
#1782=ORIENTED_EDGE('',*,*,#2590,.T.);
#1783=ORIENTED_EDGE('',*,*,#2591,.T.);
#1784=ORIENTED_EDGE('',*,*,#2592,.T.);
#1785=ORIENTED_EDGE('',*,*,#2593,.F.);
#1786=ORIENTED_EDGE('',*,*,#2497,.T.);
#1787=ORIENTED_EDGE('',*,*,#2594,.F.);
#1788=ORIENTED_EDGE('',*,*,#2595,.T.);
#1789=ORIENTED_EDGE('',*,*,#2596,.T.);
#1790=ORIENTED_EDGE('',*,*,#2498,.T.);
#1791=ORIENTED_EDGE('',*,*,#2526,.T.);
#1792=ORIENTED_EDGE('',*,*,#2597,.T.);
#1793=ORIENTED_EDGE('',*,*,#2598,.T.);
#1794=ORIENTED_EDGE('',*,*,#2593,.T.);
#1795=ORIENTED_EDGE('',*,*,#2599,.T.);
#1796=ORIENTED_EDGE('',*,*,#2600,.T.);
#1797=ORIENTED_EDGE('',*,*,#2601,.T.);
#1798=ORIENTED_EDGE('',*,*,#2594,.T.);
#1799=ORIENTED_EDGE('',*,*,#2602,.T.);
#1800=ORIENTED_EDGE('',*,*,#2603,.T.);
#1801=ORIENTED_EDGE('',*,*,#2538,.F.);
#1802=ORIENTED_EDGE('',*,*,#2142,.F.);
#1803=ORIENTED_EDGE('',*,*,#2533,.F.);
#1804=ORIENTED_EDGE('',*,*,#2577,.F.);
#1805=ORIENTED_EDGE('',*,*,#2604,.F.);
#1806=ORIENTED_EDGE('',*,*,#2454,.F.);
#1807=ORIENTED_EDGE('',*,*,#2576,.F.);
#1808=ORIENTED_EDGE('',*,*,#2567,.F.);
#1809=ORIENTED_EDGE('',*,*,#2605,.F.);
#1810=ORIENTED_EDGE('',*,*,#2457,.F.);
#1811=ORIENTED_EDGE('',*,*,#2604,.T.);
#1812=ORIENTED_EDGE('',*,*,#2566,.F.);
#1813=ORIENTED_EDGE('',*,*,#2575,.F.);
#1814=ORIENTED_EDGE('',*,*,#2606,.F.);
#1815=ORIENTED_EDGE('',*,*,#2117,.F.);
#1816=ORIENTED_EDGE('',*,*,#2459,.F.);
#1817=ORIENTED_EDGE('',*,*,#2605,.T.);
#1818=ORIENTED_EDGE('',*,*,#2606,.T.);
#1819=ORIENTED_EDGE('',*,*,#2574,.F.);
#1820=ORIENTED_EDGE('',*,*,#2607,.F.);
#1821=ORIENTED_EDGE('',*,*,#2118,.F.);
#1822=ORIENTED_EDGE('',*,*,#2573,.F.);
#1823=ORIENTED_EDGE('',*,*,#2570,.F.);
#1824=ORIENTED_EDGE('',*,*,#2608,.F.);
#1825=ORIENTED_EDGE('',*,*,#2460,.F.);
#1826=ORIENTED_EDGE('',*,*,#2119,.F.);
#1827=ORIENTED_EDGE('',*,*,#2607,.T.);
#1828=ORIENTED_EDGE('',*,*,#2569,.F.);
#1829=ORIENTED_EDGE('',*,*,#2572,.F.);
#1830=ORIENTED_EDGE('',*,*,#2609,.F.);
#1831=ORIENTED_EDGE('',*,*,#2462,.F.);
#1832=ORIENTED_EDGE('',*,*,#2608,.T.);
#1833=ORIENTED_EDGE('',*,*,#2531,.F.);
#1834=ORIENTED_EDGE('',*,*,#2464,.F.);
#1835=ORIENTED_EDGE('',*,*,#2609,.T.);
#1836=ORIENTED_EDGE('',*,*,#2571,.F.);
#1837=ORIENTED_EDGE('',*,*,#2527,.F.);
#1838=ORIENTED_EDGE('',*,*,#2603,.F.);
#1839=ORIENTED_EDGE('',*,*,#2610,.F.);
#1840=ORIENTED_EDGE('',*,*,#2476,.F.);
#1841=ORIENTED_EDGE('',*,*,#2602,.F.);
#1842=ORIENTED_EDGE('',*,*,#2596,.F.);
#1843=ORIENTED_EDGE('',*,*,#2611,.F.);
#1844=ORIENTED_EDGE('',*,*,#2479,.F.);
#1845=ORIENTED_EDGE('',*,*,#2610,.T.);
#1846=ORIENTED_EDGE('',*,*,#2595,.F.);
#1847=ORIENTED_EDGE('',*,*,#2601,.F.);
#1848=ORIENTED_EDGE('',*,*,#2612,.F.);
#1849=ORIENTED_EDGE('',*,*,#2133,.F.);
#1850=ORIENTED_EDGE('',*,*,#2481,.F.);
#1851=ORIENTED_EDGE('',*,*,#2611,.T.);
#1852=ORIENTED_EDGE('',*,*,#2612,.T.);
#1853=ORIENTED_EDGE('',*,*,#2600,.F.);
#1854=ORIENTED_EDGE('',*,*,#2613,.F.);
#1855=ORIENTED_EDGE('',*,*,#2134,.F.);
#1856=ORIENTED_EDGE('',*,*,#2599,.F.);
#1857=ORIENTED_EDGE('',*,*,#2592,.F.);
#1858=ORIENTED_EDGE('',*,*,#2614,.F.);
#1859=ORIENTED_EDGE('',*,*,#2482,.F.);
#1860=ORIENTED_EDGE('',*,*,#2135,.F.);
#1861=ORIENTED_EDGE('',*,*,#2613,.T.);
#1862=ORIENTED_EDGE('',*,*,#2591,.F.);
#1863=ORIENTED_EDGE('',*,*,#2598,.F.);
#1864=ORIENTED_EDGE('',*,*,#2615,.F.);
#1865=ORIENTED_EDGE('',*,*,#2484,.F.);
#1866=ORIENTED_EDGE('',*,*,#2614,.T.);
#1867=ORIENTED_EDGE('',*,*,#2525,.F.);
#1868=ORIENTED_EDGE('',*,*,#2486,.F.);
#1869=ORIENTED_EDGE('',*,*,#2615,.T.);
#1870=ORIENTED_EDGE('',*,*,#2597,.F.);
#1871=ORIENTED_EDGE('',*,*,#2530,.F.);
#1872=ORIENTED_EDGE('',*,*,#2590,.F.);
#1873=ORIENTED_EDGE('',*,*,#2616,.F.);
#1874=ORIENTED_EDGE('',*,*,#2466,.F.);
#1875=ORIENTED_EDGE('',*,*,#2589,.F.);
#1876=ORIENTED_EDGE('',*,*,#2583,.F.);
#1877=ORIENTED_EDGE('',*,*,#2617,.F.);
#1878=ORIENTED_EDGE('',*,*,#2468,.F.);
#1879=ORIENTED_EDGE('',*,*,#2616,.T.);
#1880=ORIENTED_EDGE('',*,*,#2582,.F.);
#1881=ORIENTED_EDGE('',*,*,#2588,.F.);
#1882=ORIENTED_EDGE('',*,*,#2618,.F.);
#1883=ORIENTED_EDGE('',*,*,#2125,.F.);
#1884=ORIENTED_EDGE('',*,*,#2470,.F.);
#1885=ORIENTED_EDGE('',*,*,#2617,.T.);
#1886=ORIENTED_EDGE('',*,*,#2618,.T.);
#1887=ORIENTED_EDGE('',*,*,#2587,.F.);
#1888=ORIENTED_EDGE('',*,*,#2619,.F.);
#1889=ORIENTED_EDGE('',*,*,#2126,.F.);
#1890=ORIENTED_EDGE('',*,*,#2586,.F.);
#1891=ORIENTED_EDGE('',*,*,#2580,.F.);
#1892=ORIENTED_EDGE('',*,*,#2620,.F.);
#1893=ORIENTED_EDGE('',*,*,#2471,.F.);
#1894=ORIENTED_EDGE('',*,*,#2127,.F.);
#1895=ORIENTED_EDGE('',*,*,#2619,.T.);
#1896=ORIENTED_EDGE('',*,*,#2579,.F.);
#1897=ORIENTED_EDGE('',*,*,#2585,.F.);
#1898=ORIENTED_EDGE('',*,*,#2621,.F.);
#1899=ORIENTED_EDGE('',*,*,#2473,.F.);
#1900=ORIENTED_EDGE('',*,*,#2620,.T.);
#1901=ORIENTED_EDGE('',*,*,#2528,.F.);
#1902=ORIENTED_EDGE('',*,*,#2478,.F.);
#1903=ORIENTED_EDGE('',*,*,#2621,.T.);
#1904=ORIENTED_EDGE('',*,*,#2584,.F.);
#1905=ORIENTED_EDGE('',*,*,#2524,.F.);
#1906=ORIENTED_EDGE('',*,*,#2551,.F.);
#1907=ORIENTED_EDGE('',*,*,#2622,.F.);
#1908=ORIENTED_EDGE('',*,*,#2488,.F.);
#1909=ORIENTED_EDGE('',*,*,#2550,.F.);
#1910=ORIENTED_EDGE('',*,*,#2541,.F.);
#1911=ORIENTED_EDGE('',*,*,#2623,.F.);
#1912=ORIENTED_EDGE('',*,*,#2490,.F.);
#1913=ORIENTED_EDGE('',*,*,#2622,.T.);
#1914=ORIENTED_EDGE('',*,*,#2540,.F.);
#1915=ORIENTED_EDGE('',*,*,#2549,.F.);
#1916=ORIENTED_EDGE('',*,*,#2624,.F.);
#1917=ORIENTED_EDGE('',*,*,#2141,.F.);
#1918=ORIENTED_EDGE('',*,*,#2492,.F.);
#1919=ORIENTED_EDGE('',*,*,#2623,.T.);
#1920=ORIENTED_EDGE('',*,*,#2624,.T.);
#1921=ORIENTED_EDGE('',*,*,#2548,.F.);
#1922=ORIENTED_EDGE('',*,*,#2625,.F.);
#1923=ORIENTED_EDGE('',*,*,#2102,.F.);
#1924=ORIENTED_EDGE('',*,*,#2547,.F.);
#1925=ORIENTED_EDGE('',*,*,#2543,.F.);
#1926=ORIENTED_EDGE('',*,*,#2626,.F.);
#1927=ORIENTED_EDGE('',*,*,#2438,.F.);
#1928=ORIENTED_EDGE('',*,*,#2103,.F.);
#1929=ORIENTED_EDGE('',*,*,#2625,.T.);
#1930=ORIENTED_EDGE('',*,*,#2542,.F.);
#1931=ORIENTED_EDGE('',*,*,#2546,.F.);
#1932=ORIENTED_EDGE('',*,*,#2627,.F.);
#1933=ORIENTED_EDGE('',*,*,#2440,.F.);
#1934=ORIENTED_EDGE('',*,*,#2626,.T.);
#1935=ORIENTED_EDGE('',*,*,#2537,.F.);
#1936=ORIENTED_EDGE('',*,*,#2442,.F.);
#1937=ORIENTED_EDGE('',*,*,#2627,.T.);
#1938=ORIENTED_EDGE('',*,*,#2545,.F.);
#1939=ORIENTED_EDGE('',*,*,#2536,.F.);
#1940=ORIENTED_EDGE('',*,*,#2564,.F.);
#1941=ORIENTED_EDGE('',*,*,#2628,.F.);
#1942=ORIENTED_EDGE('',*,*,#2444,.F.);
#1943=ORIENTED_EDGE('',*,*,#2563,.F.);
#1944=ORIENTED_EDGE('',*,*,#2557,.F.);
#1945=ORIENTED_EDGE('',*,*,#2629,.F.);
#1946=ORIENTED_EDGE('',*,*,#2446,.F.);
#1947=ORIENTED_EDGE('',*,*,#2628,.T.);
#1948=ORIENTED_EDGE('',*,*,#2556,.F.);
#1949=ORIENTED_EDGE('',*,*,#2562,.F.);
#1950=ORIENTED_EDGE('',*,*,#2630,.F.);
#1951=ORIENTED_EDGE('',*,*,#2109,.F.);
#1952=ORIENTED_EDGE('',*,*,#2448,.F.);
#1953=ORIENTED_EDGE('',*,*,#2629,.T.);
#1954=ORIENTED_EDGE('',*,*,#2630,.T.);
#1955=ORIENTED_EDGE('',*,*,#2561,.F.);
#1956=ORIENTED_EDGE('',*,*,#2631,.F.);
#1957=ORIENTED_EDGE('',*,*,#2110,.F.);
#1958=ORIENTED_EDGE('',*,*,#2560,.F.);
#1959=ORIENTED_EDGE('',*,*,#2554,.F.);
#1960=ORIENTED_EDGE('',*,*,#2632,.F.);
#1961=ORIENTED_EDGE('',*,*,#2449,.F.);
#1962=ORIENTED_EDGE('',*,*,#2111,.F.);
#1963=ORIENTED_EDGE('',*,*,#2631,.T.);
#1964=ORIENTED_EDGE('',*,*,#2553,.F.);
#1965=ORIENTED_EDGE('',*,*,#2559,.F.);
#1966=ORIENTED_EDGE('',*,*,#2633,.F.);
#1967=ORIENTED_EDGE('',*,*,#2451,.F.);
#1968=ORIENTED_EDGE('',*,*,#2632,.T.);
#1969=ORIENTED_EDGE('',*,*,#2534,.F.);
#1970=ORIENTED_EDGE('',*,*,#2456,.F.);
#1971=ORIENTED_EDGE('',*,*,#2633,.T.);
#1972=ORIENTED_EDGE('',*,*,#2558,.F.);
#1973=ORIENTED_EDGE('',*,*,#2634,.T.);
#1974=ORIENTED_EDGE('',*,*,#2086,.T.);
#1975=ORIENTED_EDGE('',*,*,#2635,.T.);
#1976=ORIENTED_EDGE('',*,*,#2085,.T.);
#1977=ORIENTED_EDGE('',*,*,#2636,.T.);
#1978=ORIENTED_EDGE('',*,*,#2084,.T.);
#1979=ORIENTED_EDGE('',*,*,#2637,.T.);
#1980=ORIENTED_EDGE('',*,*,#2083,.T.);
#1981=ORIENTED_EDGE('',*,*,#2638,.T.);
#1982=ORIENTED_EDGE('',*,*,#2082,.T.);
#1983=ORIENTED_EDGE('',*,*,#2634,.F.);
#1984=ORIENTED_EDGE('',*,*,#2635,.F.);
#1985=ORIENTED_EDGE('',*,*,#2636,.F.);
#1986=ORIENTED_EDGE('',*,*,#2637,.F.);
#1987=ORIENTED_EDGE('',*,*,#2638,.F.);
#1988=EDGE_CURVE('',#2639,#2639,#3070,.T.);
#1989=EDGE_CURVE('',#2640,#2640,#3071,.T.);
#1990=EDGE_CURVE('',#2641,#2641,#3072,.T.);
#1991=EDGE_CURVE('',#2642,#2642,#3073,.T.);
#1992=EDGE_CURVE('',#2643,#2644,#270,.T.);
#1993=EDGE_CURVE('',#2644,#2645,#271,.T.);
#1994=EDGE_CURVE('',#2645,#2646,#272,.T.);
#1995=EDGE_CURVE('',#2646,#2643,#273,.T.);
#1996=EDGE_CURVE('',#2647,#2648,#274,.F.);
#1997=EDGE_CURVE('',#2648,#2649,#275,.T.);
#1998=EDGE_CURVE('',#2649,#2650,#276,.T.);
#1999=EDGE_CURVE('',#2650,#2647,#277,.T.);
#2000=EDGE_CURVE('',#2651,#2652,#278,.T.);
#2001=EDGE_CURVE('',#2652,#2653,#279,.T.);
#2002=EDGE_CURVE('',#2653,#2654,#280,.F.);
#2003=EDGE_CURVE('',#2654,#2651,#281,.F.);
#2004=EDGE_CURVE('',#2655,#2656,#282,.T.);
#2005=EDGE_CURVE('',#2656,#2657,#283,.T.);
#2006=EDGE_CURVE('',#2657,#2658,#284,.T.);
#2007=EDGE_CURVE('',#2658,#2655,#285,.F.);
#2008=EDGE_CURVE('',#2659,#2660,#3074,.F.);
#2009=EDGE_CURVE('',#2660,#2661,#286,.T.);
#2010=EDGE_CURVE('',#2661,#2662,#3075,.F.);
#2011=EDGE_CURVE('',#2662,#2663,#3076,.T.);
#2012=EDGE_CURVE('',#2663,#2664,#3077,.F.);
#2013=EDGE_CURVE('',#2664,#2665,#3078,.T.);
#2014=EDGE_CURVE('',#2665,#2666,#3079,.F.);
#2015=EDGE_CURVE('',#2666,#2667,#3080,.T.);
#2016=EDGE_CURVE('',#2667,#2668,#3081,.F.);
#2017=EDGE_CURVE('',#2668,#2669,#3082,.T.);
#2018=EDGE_CURVE('',#2669,#2670,#3083,.F.);
#2019=EDGE_CURVE('',#2670,#2671,#3084,.T.);
#2020=EDGE_CURVE('',#2671,#2672,#3085,.F.);
#2021=EDGE_CURVE('',#2672,#2673,#287,.T.);
#2022=EDGE_CURVE('',#2673,#2674,#3086,.F.);
#2023=EDGE_CURVE('',#2674,#2675,#288,.T.);
#2024=EDGE_CURVE('',#2675,#2676,#3087,.T.);
#2025=EDGE_CURVE('',#2676,#2677,#3088,.F.);
#2026=EDGE_CURVE('',#2677,#2678,#3089,.T.);
#2027=EDGE_CURVE('',#2678,#2679,#289,.T.);
#2028=EDGE_CURVE('',#2679,#2680,#3090,.F.);
#2029=EDGE_CURVE('',#2680,#2681,#3091,.T.);
#2030=EDGE_CURVE('',#2681,#2682,#3092,.F.);
#2031=EDGE_CURVE('',#2682,#2683,#290,.T.);
#2032=EDGE_CURVE('',#2683,#2684,#3093,.T.);
#2033=EDGE_CURVE('',#2684,#2685,#3094,.F.);
#2034=EDGE_CURVE('',#2685,#2686,#3095,.T.);
#2035=EDGE_CURVE('',#2686,#2687,#291,.T.);
#2036=EDGE_CURVE('',#2687,#2688,#3096,.F.);
#2037=EDGE_CURVE('',#2688,#2689,#292,.T.);
#2038=EDGE_CURVE('',#2689,#2690,#3097,.F.);
#2039=EDGE_CURVE('',#2690,#2691,#3098,.T.);
#2040=EDGE_CURVE('',#2691,#2692,#3099,.F.);
#2041=EDGE_CURVE('',#2692,#2693,#3100,.T.);
#2042=EDGE_CURVE('',#2693,#2694,#3101,.F.);
#2043=EDGE_CURVE('',#2694,#2695,#3102,.T.);
#2044=EDGE_CURVE('',#2695,#2696,#3103,.F.);
#2045=EDGE_CURVE('',#2696,#2697,#3104,.T.);
#2046=EDGE_CURVE('',#2697,#2698,#3105,.F.);
#2047=EDGE_CURVE('',#2698,#2699,#3106,.T.);
#2048=EDGE_CURVE('',#2699,#2700,#3107,.F.);
#2049=EDGE_CURVE('',#2700,#2701,#293,.T.);
#2050=EDGE_CURVE('',#2701,#2702,#3108,.F.);
#2051=EDGE_CURVE('',#2702,#2703,#294,.T.);
#2052=EDGE_CURVE('',#2703,#2704,#3109,.T.);
#2053=EDGE_CURVE('',#2704,#2705,#3110,.F.);
#2054=EDGE_CURVE('',#2705,#2706,#3111,.T.);
#2055=EDGE_CURVE('',#2706,#2707,#295,.T.);
#2056=EDGE_CURVE('',#2707,#2708,#3112,.F.);
#2057=EDGE_CURVE('',#2708,#2709,#3113,.T.);
#2058=EDGE_CURVE('',#2709,#2710,#3114,.F.);
#2059=EDGE_CURVE('',#2710,#2711,#296,.T.);
#2060=EDGE_CURVE('',#2711,#2712,#3115,.T.);
#2061=EDGE_CURVE('',#2712,#2713,#3116,.F.);
#2062=EDGE_CURVE('',#2713,#2714,#3117,.T.);
#2063=EDGE_CURVE('',#2714,#2659,#297,.T.);
#2064=EDGE_CURVE('',#2715,#2715,#3118,.F.);
#2065=EDGE_CURVE('',#2716,#2716,#3119,.T.);
#2066=EDGE_CURVE('',#2717,#2717,#3120,.T.);
#2067=EDGE_CURVE('',#2718,#2718,#3121,.T.);
#2068=EDGE_CURVE('',#2719,#2719,#3122,.T.);
#2069=EDGE_CURVE('',#2720,#2720,#3123,.T.);
#2070=EDGE_CURVE('',#2721,#2722,#298,.T.);
#2071=EDGE_CURVE('',#2722,#2723,#3124,.F.);
#2072=EDGE_CURVE('',#2723,#2724,#299,.F.);
#2073=EDGE_CURVE('',#2724,#2725,#3125,.T.);
#2074=EDGE_CURVE('',#2725,#2726,#300,.T.);
#2075=EDGE_CURVE('',#2726,#2727,#3126,.F.);
#2076=EDGE_CURVE('',#2727,#2728,#301,.F.);
#2077=EDGE_CURVE('',#2728,#2729,#3127,.T.);
#2078=EDGE_CURVE('',#2729,#2730,#302,.T.);
#2079=EDGE_CURVE('',#2730,#2731,#3128,.F.);
#2080=EDGE_CURVE('',#2731,#2732,#303,.F.);
#2081=EDGE_CURVE('',#2732,#2721,#3129,.T.);
#2082=EDGE_CURVE('',#2733,#2733,#3130,.T.);
#2083=EDGE_CURVE('',#2734,#2734,#3131,.T.);
#2084=EDGE_CURVE('',#2735,#2735,#3132,.T.);
#2085=EDGE_CURVE('',#2736,#2736,#3133,.T.);
#2086=EDGE_CURVE('',#2737,#2737,#3134,.T.);
#2087=EDGE_CURVE('',#2738,#2738,#3135,.T.);
#2088=EDGE_CURVE('',#2739,#2739,#3136,.T.);
#2089=EDGE_CURVE('',#2740,#2740,#3137,.T.);
#2090=EDGE_CURVE('',#2741,#2741,#3138,.T.);
#2091=EDGE_CURVE('',#2742,#2742,#3139,.T.);
#2092=EDGE_CURVE('',#2743,#2743,#3140,.T.);
#2093=EDGE_CURVE('',#2744,#2744,#3141,.T.);
#2094=EDGE_CURVE('',#2745,#2745,#3142,.T.);
#2095=EDGE_CURVE('',#2746,#2746,#3143,.T.);
#2096=EDGE_CURVE('',#2747,#2747,#3144,.T.);
#2097=EDGE_CURVE('',#2748,#2748,#3145,.T.);
#2098=EDGE_CURVE('',#2749,#2749,#3146,.F.);
#2099=EDGE_CURVE('',#2750,#2750,#3147,.F.);
#2100=EDGE_CURVE('',#2751,#2751,#3148,.F.);
#2101=EDGE_CURVE('',#2752,#2752,#3149,.F.);
#2102=EDGE_CURVE('',#2753,#2754,#3150,.F.);
#2103=EDGE_CURVE('',#2754,#2755,#156,.T.);
#2104=EDGE_CURVE('',#2756,#2755,#3151,.T.);
#2105=EDGE_CURVE('',#2757,#2756,#304,.T.);
#2106=EDGE_CURVE('',#2758,#2757,#3152,.T.);
#2107=EDGE_CURVE('',#2758,#2759,#305,.T.);
#2108=EDGE_CURVE('',#2760,#2759,#3153,.T.);
#2109=EDGE_CURVE('',#2760,#2761,#157,.T.);
#2110=EDGE_CURVE('',#2761,#2762,#3154,.F.);
#2111=EDGE_CURVE('',#2762,#2763,#158,.T.);
#2112=EDGE_CURVE('',#2764,#2763,#3155,.T.);
#2113=EDGE_CURVE('',#2765,#2764,#306,.T.);
#2114=EDGE_CURVE('',#2766,#2765,#3156,.T.);
#2115=EDGE_CURVE('',#2766,#2767,#307,.T.);
#2116=EDGE_CURVE('',#2768,#2767,#3157,.T.);
#2117=EDGE_CURVE('',#2768,#2769,#159,.T.);
#2118=EDGE_CURVE('',#2769,#2770,#3158,.F.);
#2119=EDGE_CURVE('',#2770,#2771,#160,.T.);
#2120=EDGE_CURVE('',#2772,#2771,#3159,.T.);
#2121=EDGE_CURVE('',#2773,#2772,#308,.T.);
#2122=EDGE_CURVE('',#2774,#2773,#3160,.T.);
#2123=EDGE_CURVE('',#2774,#2775,#309,.T.);
#2124=EDGE_CURVE('',#2776,#2775,#3161,.T.);
#2125=EDGE_CURVE('',#2776,#2777,#161,.T.);
#2126=EDGE_CURVE('',#2777,#2778,#3162,.F.);
#2127=EDGE_CURVE('',#2778,#2779,#162,.T.);
#2128=EDGE_CURVE('',#2780,#2779,#3163,.T.);
#2129=EDGE_CURVE('',#2781,#2780,#310,.T.);
#2130=EDGE_CURVE('',#2782,#2781,#3164,.T.);
#2131=EDGE_CURVE('',#2782,#2783,#311,.T.);
#2132=EDGE_CURVE('',#2784,#2783,#3165,.T.);
#2133=EDGE_CURVE('',#2784,#2785,#163,.T.);
#2134=EDGE_CURVE('',#2785,#2786,#3166,.F.);
#2135=EDGE_CURVE('',#2786,#2787,#164,.T.);
#2136=EDGE_CURVE('',#2788,#2787,#3167,.T.);
#2137=EDGE_CURVE('',#2789,#2788,#312,.T.);
#2138=EDGE_CURVE('',#2790,#2789,#3168,.T.);
#2139=EDGE_CURVE('',#2790,#2791,#313,.T.);
#2140=EDGE_CURVE('',#2792,#2791,#3169,.T.);
#2141=EDGE_CURVE('',#2792,#2753,#165,.T.);
#2142=EDGE_CURVE('',#2793,#2793,#3170,.T.);
#2143=EDGE_CURVE('',#2794,#2794,#3171,.F.);
#2144=EDGE_CURVE('',#2795,#2795,#3172,.T.);
#2145=EDGE_CURVE('',#2728,#2796,#3173,.F.);
#2146=EDGE_CURVE('',#2797,#2796,#3174,.T.);
#2147=EDGE_CURVE('',#2797,#2729,#3175,.F.);
#2148=EDGE_CURVE('',#2796,#2798,#314,.F.);
#2149=EDGE_CURVE('',#2798,#2799,#3176,.F.);
#2150=EDGE_CURVE('',#2799,#2797,#315,.T.);
#2151=EDGE_CURVE('',#2800,#2800,#3177,.T.);
#2152=EDGE_CURVE('',#2724,#2801,#3178,.F.);
#2153=EDGE_CURVE('',#2802,#2801,#3179,.T.);
#2154=EDGE_CURVE('',#2802,#2725,#3180,.F.);
#2155=EDGE_CURVE('',#2801,#2803,#316,.F.);
#2156=EDGE_CURVE('',#2803,#2804,#3181,.F.);
#2157=EDGE_CURVE('',#2804,#2802,#317,.T.);
#2158=EDGE_CURVE('',#2805,#2805,#3182,.T.);
#2159=EDGE_CURVE('',#2806,#2807,#3183,.T.);
#2160=EDGE_CURVE('',#2806,#2808,#3184,.F.);
#2161=EDGE_CURVE('',#2809,#2808,#3185,.T.);
#2162=EDGE_CURVE('',#2809,#2807,#3186,.F.);
#2163=EDGE_CURVE('',#2808,#2810,#318,.F.);
#2164=EDGE_CURVE('',#2810,#2811,#3187,.F.);
#2165=EDGE_CURVE('',#2811,#2809,#319,.T.);
#2166=EDGE_CURVE('',#2812,#2812,#3188,.T.);
#2167=EDGE_CURVE('',#2813,#2814,#3189,.T.);
#2168=EDGE_CURVE('',#2813,#2815,#3190,.F.);
#2169=EDGE_CURVE('',#2816,#2815,#3191,.T.);
#2170=EDGE_CURVE('',#2816,#2814,#3192,.F.);
#2171=EDGE_CURVE('',#2815,#2817,#320,.F.);
#2172=EDGE_CURVE('',#2817,#2818,#3193,.F.);
#2173=EDGE_CURVE('',#2818,#2816,#321,.T.);
#2174=EDGE_CURVE('',#2819,#2820,#322,.T.);
#2175=EDGE_CURVE('',#2820,#2821,#3194,.F.);
#2176=EDGE_CURVE('',#2821,#2813,#323,.F.);
#2177=EDGE_CURVE('',#2814,#2822,#324,.T.);
#2178=EDGE_CURVE('',#2822,#2823,#3195,.F.);
#2179=EDGE_CURVE('',#2823,#2806,#325,.F.);
#2180=EDGE_CURVE('',#2807,#2824,#326,.T.);
#2181=EDGE_CURVE('',#2824,#2825,#3196,.F.);
#2182=EDGE_CURVE('',#2825,#2826,#327,.F.);
#2183=EDGE_CURVE('',#2826,#2819,#3197,.T.);
#2184=EDGE_CURVE('',#2723,#2803,#3198,.T.);
#2185=EDGE_CURVE('',#2804,#2726,#3199,.T.);
#2186=EDGE_CURVE('',#2727,#2798,#3200,.T.);
#2187=EDGE_CURVE('',#2799,#2730,#3201,.T.);
#2188=EDGE_CURVE('',#2811,#2824,#3202,.T.);
#2189=EDGE_CURVE('',#2823,#2810,#3203,.T.);
#2190=EDGE_CURVE('',#2818,#2822,#3204,.T.);
#2191=EDGE_CURVE('',#2821,#2817,#3205,.T.);
#2192=EDGE_CURVE('',#2827,#2828,#328,.T.);
#2193=EDGE_CURVE('',#2828,#2829,#329,.T.);
#2194=EDGE_CURVE('',#2829,#2830,#330,.F.);
#2195=EDGE_CURVE('',#2830,#2827,#166,.T.);
#2196=EDGE_CURVE('',#2831,#2832,#331,.T.);
#2197=EDGE_CURVE('',#2832,#2833,#332,.T.);
#2198=EDGE_CURVE('',#2833,#2834,#333,.T.);
#2199=EDGE_CURVE('',#2834,#2831,#167,.T.);
#2200=EDGE_CURVE('',#2835,#2836,#334,.T.);
#2201=EDGE_CURVE('',#2836,#2837,#335,.T.);
#2202=EDGE_CURVE('',#2837,#2838,#336,.T.);
#2203=EDGE_CURVE('',#2838,#2835,#168,.T.);
#2204=EDGE_CURVE('',#2839,#2840,#337,.T.);
#2205=EDGE_CURVE('',#2840,#2841,#338,.T.);
#2206=EDGE_CURVE('',#2841,#2842,#339,.F.);
#2207=EDGE_CURVE('',#2842,#2839,#169,.T.);
#2208=EDGE_CURVE('',#2843,#2844,#3206,.F.);
#2209=EDGE_CURVE('',#2844,#2845,#3207,.F.);
#2210=EDGE_CURVE('',#2845,#2846,#340,.T.);
#2211=EDGE_CURVE('',#2846,#2847,#3208,.T.);
#2212=EDGE_CURVE('',#2847,#2848,#3209,.F.);
#2213=EDGE_CURVE('',#2848,#2849,#3210,.T.);
#2214=EDGE_CURVE('',#2849,#2850,#341,.T.);
#2215=EDGE_CURVE('',#2850,#2851,#3211,.F.);
#2216=EDGE_CURVE('',#2851,#2852,#3212,.T.);
#2217=EDGE_CURVE('',#2852,#2853,#3213,.F.);
#2218=EDGE_CURVE('',#2853,#2854,#342,.T.);
#2219=EDGE_CURVE('',#2854,#2855,#3214,.T.);
#2220=EDGE_CURVE('',#2855,#2856,#3215,.F.);
#2221=EDGE_CURVE('',#2856,#2857,#3216,.T.);
#2222=EDGE_CURVE('',#2857,#2858,#343,.F.);
#2223=EDGE_CURVE('',#2858,#2859,#3217,.F.);
#2224=EDGE_CURVE('',#2859,#2860,#3218,.F.);
#2225=EDGE_CURVE('',#2860,#2861,#3219,.F.);
#2226=EDGE_CURVE('',#2861,#2862,#344,.F.);
#2227=EDGE_CURVE('',#2862,#2863,#3220,.T.);
#2228=EDGE_CURVE('',#2863,#2864,#3221,.F.);
#2229=EDGE_CURVE('',#2864,#2865,#3222,.T.);
#2230=EDGE_CURVE('',#2865,#2866,#345,.F.);
#2231=EDGE_CURVE('',#2866,#2867,#3223,.F.);
#2232=EDGE_CURVE('',#2867,#2868,#3224,.T.);
#2233=EDGE_CURVE('',#2868,#2869,#3225,.F.);
#2234=EDGE_CURVE('',#2869,#2870,#346,.F.);
#2235=EDGE_CURVE('',#2870,#2871,#3226,.T.);
#2236=EDGE_CURVE('',#2871,#2872,#3227,.F.);
#2237=EDGE_CURVE('',#2872,#2873,#3228,.T.);
#2238=EDGE_CURVE('',#2873,#2874,#347,.T.);
#2239=EDGE_CURVE('',#2874,#2843,#3229,.F.);
#2240=EDGE_CURVE('',#2875,#2876,#348,.T.);
#2241=EDGE_CURVE('',#2876,#2877,#349,.T.);
#2242=EDGE_CURVE('',#2877,#2878,#350,.F.);
#2243=EDGE_CURVE('',#2878,#2875,#351,.T.);
#2244=EDGE_CURVE('',#2879,#2880,#352,.T.);
#2245=EDGE_CURVE('',#2880,#2881,#3230,.T.);
#2246=EDGE_CURVE('',#2881,#2882,#353,.F.);
#2247=EDGE_CURVE('',#2882,#2879,#3231,.T.);
#2248=EDGE_CURVE('',#2883,#2884,#354,.T.);
#2249=EDGE_CURVE('',#2884,#2885,#3232,.T.);
#2250=EDGE_CURVE('',#2885,#2886,#355,.F.);
#2251=EDGE_CURVE('',#2886,#2883,#3233,.T.);
#2252=EDGE_CURVE('',#2887,#2888,#356,.T.);
#2253=EDGE_CURVE('',#2888,#2889,#357,.T.);
#2254=EDGE_CURVE('',#2889,#2890,#358,.F.);
#2255=EDGE_CURVE('',#2890,#2887,#359,.F.);
#2256=EDGE_CURVE('',#2891,#2892,#360,.T.);
#2257=EDGE_CURVE('',#2892,#2893,#361,.T.);
#2258=EDGE_CURVE('',#2893,#2894,#362,.F.);
#2259=EDGE_CURVE('',#2894,#2891,#363,.F.);
#2260=EDGE_CURVE('',#2895,#2896,#364,.T.);
#2261=EDGE_CURVE('',#2896,#2897,#3234,.T.);
#2262=EDGE_CURVE('',#2897,#2898,#365,.F.);
#2263=EDGE_CURVE('',#2898,#2895,#3235,.T.);
#2264=EDGE_CURVE('',#2899,#2900,#366,.T.);
#2265=EDGE_CURVE('',#2900,#2901,#3236,.T.);
#2266=EDGE_CURVE('',#2901,#2902,#367,.F.);
#2267=EDGE_CURVE('',#2902,#2899,#3237,.T.);
#2268=EDGE_CURVE('',#2903,#2904,#368,.T.);
#2269=EDGE_CURVE('',#2904,#2905,#369,.T.);
#2270=EDGE_CURVE('',#2905,#2906,#370,.F.);
#2271=EDGE_CURVE('',#2906,#2903,#371,.T.);
#2272=EDGE_CURVE('',#2907,#2908,#372,.F.);
#2273=EDGE_CURVE('',#2908,#2909,#3238,.F.);
#2274=EDGE_CURVE('',#2909,#2910,#373,.T.);
#2275=EDGE_CURVE('',#2910,#2907,#3239,.F.);
#2276=EDGE_CURVE('',#2911,#2912,#374,.F.);
#2277=EDGE_CURVE('',#2912,#2913,#3240,.F.);
#2278=EDGE_CURVE('',#2913,#2914,#375,.T.);
#2279=EDGE_CURVE('',#2914,#2911,#3241,.F.);
#2280=EDGE_CURVE('',#2645,#2912,#3242,.T.);
#2281=EDGE_CURVE('',#2911,#2646,#3243,.T.);
#2282=EDGE_CURVE('',#2913,#2648,#3244,.T.);
#2283=EDGE_CURVE('',#2647,#2914,#3245,.T.);
#2284=EDGE_CURVE('',#2909,#2656,#3246,.T.);
#2285=EDGE_CURVE('',#2655,#2910,#3247,.T.);
#2286=EDGE_CURVE('',#2653,#2908,#3248,.T.);
#2287=EDGE_CURVE('',#2907,#2654,#3249,.T.);
#2288=EDGE_CURVE('',#2889,#2836,#3250,.T.);
#2289=EDGE_CURVE('',#2835,#2915,#170,.T.);
#2290=EDGE_CURVE('',#2915,#2890,#3251,.T.);
#2291=EDGE_CURVE('',#2841,#2892,#3252,.T.);
#2292=EDGE_CURVE('',#2891,#2916,#3253,.T.);
#2293=EDGE_CURVE('',#2916,#2842,#171,.T.);
#2294=EDGE_CURVE('',#2905,#2832,#3254,.T.);
#2295=EDGE_CURVE('',#2831,#2917,#172,.T.);
#2296=EDGE_CURVE('',#2917,#2906,#3255,.T.);
#2297=EDGE_CURVE('',#2829,#2876,#3256,.T.);
#2298=EDGE_CURVE('',#2875,#2918,#3257,.T.);
#2299=EDGE_CURVE('',#2918,#2830,#173,.T.);
#2300=EDGE_CURVE('',#2901,#2904,#3258,.F.);
#2301=EDGE_CURVE('',#2903,#2902,#3259,.F.);
#2302=EDGE_CURVE('',#2877,#2880,#3260,.F.);
#2303=EDGE_CURVE('',#2879,#2878,#3261,.F.);
#2304=EDGE_CURVE('',#2893,#2896,#3262,.F.);
#2305=EDGE_CURVE('',#2895,#2894,#3263,.F.);
#2306=EDGE_CURVE('',#2885,#2888,#3264,.F.);
#2307=EDGE_CURVE('',#2887,#2886,#3265,.F.);
#2308=EDGE_CURVE('',#2881,#2644,#3266,.F.);
#2309=EDGE_CURVE('',#2643,#2882,#3267,.F.);
#2310=EDGE_CURVE('',#2649,#2884,#3268,.F.);
#2311=EDGE_CURVE('',#2883,#2650,#3269,.F.);
#2312=EDGE_CURVE('',#2657,#2900,#3270,.F.);
#2313=EDGE_CURVE('',#2899,#2658,#3271,.F.);
#2314=EDGE_CURVE('',#2897,#2652,#3272,.F.);
#2315=EDGE_CURVE('',#2651,#2898,#3273,.F.);
#2316=EDGE_CURVE('',#2833,#2820,#3274,.T.);
#2317=EDGE_CURVE('',#2819,#2834,#174,.F.);
#2318=EDGE_CURVE('',#2825,#2828,#3275,.T.);
#2319=EDGE_CURVE('',#2827,#2826,#175,.T.);
#2320=EDGE_CURVE('',#2837,#2722,#3276,.T.);
#2321=EDGE_CURVE('',#2721,#2838,#176,.F.);
#2322=EDGE_CURVE('',#2731,#2840,#3277,.T.);
#2323=EDGE_CURVE('',#2839,#2732,#177,.T.);
#2324=EDGE_CURVE('',#2919,#2920,#178,.T.);
#2325=EDGE_CURVE('',#2920,#2819,#179,.T.);
#2326=EDGE_CURVE('',#2826,#2921,#180,.F.);
#2327=EDGE_CURVE('',#2921,#2922,#181,.T.);
#2328=EDGE_CURVE('',#2922,#2860,#182,.T.);
#2329=EDGE_CURVE('',#2859,#2919,#183,.T.);
#2330=EDGE_CURVE('',#2732,#2923,#184,.F.);
#2331=EDGE_CURVE('',#2923,#2924,#185,.T.);
#2332=EDGE_CURVE('',#2924,#2844,#186,.T.);
#2333=EDGE_CURVE('',#2843,#2925,#187,.T.);
#2334=EDGE_CURVE('',#2925,#2926,#188,.T.);
#2335=EDGE_CURVE('',#2926,#2721,#189,.T.);
#2336=EDGE_CURVE('',#2834,#2920,#3278,.T.);
#2337=EDGE_CURVE('',#2831,#2919,#3279,.T.);
#2338=EDGE_CURVE('',#2917,#2859,#3280,.T.);
#2339=EDGE_CURVE('',#2906,#2858,#3281,.T.);
#2340=EDGE_CURVE('',#2903,#2857,#3282,.T.);
#2341=EDGE_CURVE('',#2902,#2856,#3283,.T.);
#2342=EDGE_CURVE('',#2899,#2855,#3284,.T.);
#2343=EDGE_CURVE('',#2658,#2854,#3285,.T.);
#2344=EDGE_CURVE('',#2655,#2853,#3286,.T.);
#2345=EDGE_CURVE('',#2910,#2852,#3287,.T.);
#2346=EDGE_CURVE('',#2907,#2851,#3288,.T.);
#2347=EDGE_CURVE('',#2654,#2850,#3289,.T.);
#2348=EDGE_CURVE('',#2651,#2849,#3290,.T.);
#2349=EDGE_CURVE('',#2898,#2848,#3291,.T.);
#2350=EDGE_CURVE('',#2895,#2847,#3292,.T.);
#2351=EDGE_CURVE('',#2894,#2846,#3293,.T.);
#2352=EDGE_CURVE('',#2891,#2845,#3294,.T.);
#2353=EDGE_CURVE('',#2916,#2844,#3295,.T.);
#2354=EDGE_CURVE('',#2842,#2924,#3296,.T.);
#2355=EDGE_CURVE('',#2839,#2923,#3297,.T.);
#2356=EDGE_CURVE('',#2838,#2926,#3298,.T.);
#2357=EDGE_CURVE('',#2835,#2925,#3299,.T.);
#2358=EDGE_CURVE('',#2915,#2843,#3300,.T.);
#2359=EDGE_CURVE('',#2890,#2874,#3301,.T.);
#2360=EDGE_CURVE('',#2887,#2873,#3302,.T.);
#2361=EDGE_CURVE('',#2886,#2872,#3303,.T.);
#2362=EDGE_CURVE('',#2883,#2871,#3304,.T.);
#2363=EDGE_CURVE('',#2650,#2870,#3305,.T.);
#2364=EDGE_CURVE('',#2647,#2869,#3306,.T.);
#2365=EDGE_CURVE('',#2914,#2868,#3307,.T.);
#2366=EDGE_CURVE('',#2911,#2867,#3308,.T.);
#2367=EDGE_CURVE('',#2646,#2866,#3309,.T.);
#2368=EDGE_CURVE('',#2643,#2865,#3310,.T.);
#2369=EDGE_CURVE('',#2882,#2864,#3311,.T.);
#2370=EDGE_CURVE('',#2879,#2863,#3312,.T.);
#2371=EDGE_CURVE('',#2878,#2862,#3313,.T.);
#2372=EDGE_CURVE('',#2875,#2861,#3314,.T.);
#2373=EDGE_CURVE('',#2918,#2860,#3315,.T.);
#2374=EDGE_CURVE('',#2830,#2922,#3316,.T.);
#2375=EDGE_CURVE('',#2827,#2921,#3317,.T.);
#2376=EDGE_CURVE('',#2689,#2828,#376,.T.);
#2377=EDGE_CURVE('',#2829,#2688,#377,.T.);
#2378=EDGE_CURVE('',#2876,#2687,#378,.T.);
#2379=EDGE_CURVE('',#2690,#2825,#379,.T.);
#2380=EDGE_CURVE('',#2877,#2686,#380,.T.);
#2381=EDGE_CURVE('',#2691,#2824,#381,.T.);
#2382=EDGE_CURVE('',#2880,#2685,#382,.T.);
#2383=EDGE_CURVE('',#2692,#2811,#383,.T.);
#2384=EDGE_CURVE('',#2881,#2684,#384,.T.);
#2385=EDGE_CURVE('',#2693,#2810,#385,.T.);
#2386=EDGE_CURVE('',#2644,#2683,#386,.T.);
#2387=EDGE_CURVE('',#2694,#2823,#387,.T.);
#2388=EDGE_CURVE('',#2645,#2682,#388,.T.);
#2389=EDGE_CURVE('',#2695,#2822,#389,.T.);
#2390=EDGE_CURVE('',#2912,#2681,#390,.T.);
#2391=EDGE_CURVE('',#2696,#2818,#391,.T.);
#2392=EDGE_CURVE('',#2913,#2680,#392,.T.);
#2393=EDGE_CURVE('',#2697,#2817,#393,.T.);
#2394=EDGE_CURVE('',#2648,#2679,#394,.T.);
#2395=EDGE_CURVE('',#2698,#2821,#395,.T.);
#2396=EDGE_CURVE('',#2649,#2678,#396,.T.);
#2397=EDGE_CURVE('',#2699,#2820,#397,.T.);
#2398=EDGE_CURVE('',#2884,#2677,#398,.T.);
#2399=EDGE_CURVE('',#2700,#2833,#399,.T.);
#2400=EDGE_CURVE('',#2885,#2676,#400,.T.);
#2401=EDGE_CURVE('',#2701,#2832,#401,.T.);
#2402=EDGE_CURVE('',#2888,#2675,#402,.T.);
#2403=EDGE_CURVE('',#2702,#2905,#403,.T.);
#2404=EDGE_CURVE('',#2889,#2674,#404,.T.);
#2405=EDGE_CURVE('',#2703,#2904,#405,.T.);
#2406=EDGE_CURVE('',#2836,#2673,#406,.T.);
#2407=EDGE_CURVE('',#2704,#2901,#407,.T.);
#2408=EDGE_CURVE('',#2837,#2672,#408,.T.);
#2409=EDGE_CURVE('',#2705,#2900,#409,.T.);
#2410=EDGE_CURVE('',#2722,#2671,#410,.T.);
#2411=EDGE_CURVE('',#2706,#2657,#411,.T.);
#2412=EDGE_CURVE('',#2723,#2670,#412,.T.);
#2413=EDGE_CURVE('',#2707,#2656,#413,.T.);
#2414=EDGE_CURVE('',#2803,#2669,#414,.T.);
#2415=EDGE_CURVE('',#2708,#2909,#415,.T.);
#2416=EDGE_CURVE('',#2804,#2668,#416,.T.);
#2417=EDGE_CURVE('',#2709,#2908,#417,.T.);
#2418=EDGE_CURVE('',#2726,#2667,#418,.T.);
#2419=EDGE_CURVE('',#2710,#2653,#419,.T.);
#2420=EDGE_CURVE('',#2727,#2666,#420,.T.);
#2421=EDGE_CURVE('',#2711,#2652,#421,.T.);
#2422=EDGE_CURVE('',#2798,#2665,#422,.T.);
#2423=EDGE_CURVE('',#2712,#2897,#423,.T.);
#2424=EDGE_CURVE('',#2799,#2664,#424,.T.);
#2425=EDGE_CURVE('',#2713,#2896,#425,.T.);
#2426=EDGE_CURVE('',#2730,#2663,#426,.T.);
#2427=EDGE_CURVE('',#2714,#2893,#427,.T.);
#2428=EDGE_CURVE('',#2731,#2662,#428,.T.);
#2429=EDGE_CURVE('',#2659,#2892,#429,.T.);
#2430=EDGE_CURVE('',#2840,#2661,#430,.T.);
#2431=EDGE_CURVE('',#2660,#2841,#431,.T.);
#2432=EDGE_CURVE('',#2927,#2927,#3318,.F.);
#2433=EDGE_CURVE('',#2928,#2928,#3319,.F.);
#2434=EDGE_CURVE('',#2929,#2929,#3320,.F.);
#2435=EDGE_CURVE('',#2930,#2930,#3321,.F.);
#2436=EDGE_CURVE('',#2931,#2931,#3322,.F.);
#2437=EDGE_CURVE('',#2932,#2932,#3323,.F.);
#2438=EDGE_CURVE('',#2755,#2939,#190,.T.);
#2439=EDGE_CURVE('',#2939,#2756,#432,.T.);
#2440=EDGE_CURVE('',#2939,#2940,#3324,.T.);
#2441=EDGE_CURVE('',#2940,#2757,#433,.T.);
#2442=EDGE_CURVE('',#2940,#2941,#191,.T.);
#2443=EDGE_CURVE('',#2941,#2942,#3325,.T.);
#2444=EDGE_CURVE('',#2942,#2943,#192,.T.);
#2445=EDGE_CURVE('',#2943,#2758,#434,.T.);
#2446=EDGE_CURVE('',#2943,#2944,#3326,.F.);
#2447=EDGE_CURVE('',#2944,#2759,#435,.T.);
#2448=EDGE_CURVE('',#2944,#2760,#193,.T.);
#2449=EDGE_CURVE('',#2763,#2945,#194,.T.);
#2450=EDGE_CURVE('',#2945,#2764,#436,.T.);
#2451=EDGE_CURVE('',#2945,#2946,#3327,.T.);
#2452=EDGE_CURVE('',#2946,#2765,#437,.T.);
#2453=EDGE_CURVE('',#2947,#2948,#3328,.T.);
#2454=EDGE_CURVE('',#2948,#2949,#195,.T.);
#2455=EDGE_CURVE('',#2949,#2766,#438,.T.);
#2456=EDGE_CURVE('',#2946,#2947,#196,.T.);
#2457=EDGE_CURVE('',#2949,#2950,#3329,.F.);
#2458=EDGE_CURVE('',#2950,#2767,#439,.T.);
#2459=EDGE_CURVE('',#2950,#2768,#197,.T.);
#2460=EDGE_CURVE('',#2771,#2951,#198,.T.);
#2461=EDGE_CURVE('',#2951,#2772,#440,.T.);
#2462=EDGE_CURVE('',#2951,#2952,#3330,.T.);
#2463=EDGE_CURVE('',#2952,#2773,#441,.T.);
#2464=EDGE_CURVE('',#2952,#2953,#199,.T.);
#2465=EDGE_CURVE('',#2953,#2954,#3331,.T.);
#2466=EDGE_CURVE('',#2954,#2955,#200,.T.);
#2467=EDGE_CURVE('',#2955,#2774,#442,.T.);
#2468=EDGE_CURVE('',#2955,#2956,#3332,.F.);
#2469=EDGE_CURVE('',#2956,#2775,#443,.T.);
#2470=EDGE_CURVE('',#2956,#2776,#201,.T.);
#2471=EDGE_CURVE('',#2779,#2957,#202,.T.);
#2472=EDGE_CURVE('',#2957,#2780,#444,.T.);
#2473=EDGE_CURVE('',#2957,#2958,#3333,.T.);
#2474=EDGE_CURVE('',#2958,#2781,#445,.T.);
#2475=EDGE_CURVE('',#2959,#2960,#3334,.T.);
#2476=EDGE_CURVE('',#2960,#2961,#203,.T.);
#2477=EDGE_CURVE('',#2961,#2782,#446,.T.);
#2478=EDGE_CURVE('',#2958,#2959,#204,.T.);
#2479=EDGE_CURVE('',#2961,#2962,#3335,.F.);
#2480=EDGE_CURVE('',#2962,#2783,#447,.T.);
#2481=EDGE_CURVE('',#2962,#2784,#205,.T.);
#2482=EDGE_CURVE('',#2787,#2963,#206,.T.);
#2483=EDGE_CURVE('',#2963,#2788,#448,.T.);
#2484=EDGE_CURVE('',#2963,#2964,#3336,.T.);
#2485=EDGE_CURVE('',#2964,#2789,#449,.T.);
#2486=EDGE_CURVE('',#2964,#2965,#207,.T.);
#2487=EDGE_CURVE('',#2965,#2966,#3337,.T.);
#2488=EDGE_CURVE('',#2966,#2967,#208,.T.);
#2489=EDGE_CURVE('',#2967,#2790,#450,.T.);
#2490=EDGE_CURVE('',#2967,#2968,#3338,.F.);
#2491=EDGE_CURVE('',#2968,#2791,#451,.T.);
#2492=EDGE_CURVE('',#2968,#2792,#209,.T.);
#2493=EDGE_CURVE('',#2969,#2969,#3339,.T.);
#2494=EDGE_CURVE('',#2970,#2970,#3340,.F.);
#2495=EDGE_CURVE('',#2971,#2971,#3341,.T.);
#2496=EDGE_CURVE('',#2972,#2972,#3342,.F.);
#2497=EDGE_CURVE('',#2973,#2973,#3343,.T.);
#2498=EDGE_CURVE('',#2974,#2974,#3344,.T.);
#2499=EDGE_CURVE('',#2975,#2975,#3345,.T.);
#2500=EDGE_CURVE('',#2976,#2976,#3346,.F.);
#2501=EDGE_CURVE('',#2977,#2977,#3347,.T.);
#2502=EDGE_CURVE('',#2978,#2978,#3348,.F.);
#2503=EDGE_CURVE('',#2979,#2979,#3349,.T.);
#2504=EDGE_CURVE('',#2980,#2980,#3350,.T.);
#2505=EDGE_CURVE('',#2981,#2981,#3351,.T.);
#2506=EDGE_CURVE('',#2982,#2982,#3352,.F.);
#2507=EDGE_CURVE('',#2983,#2983,#3353,.T.);
#2508=EDGE_CURVE('',#2984,#2984,#3354,.F.);
#2509=EDGE_CURVE('',#2985,#2985,#3355,.T.);
#2510=EDGE_CURVE('',#2986,#2986,#3356,.T.);
#2511=EDGE_CURVE('',#2987,#2987,#3357,.T.);
#2512=EDGE_CURVE('',#2988,#2988,#3358,.F.);
#2513=EDGE_CURVE('',#2989,#2989,#3359,.T.);
#2514=EDGE_CURVE('',#2990,#2990,#3360,.F.);
#2515=EDGE_CURVE('',#2991,#2991,#3361,.T.);
#2516=EDGE_CURVE('',#2992,#2992,#3362,.T.);
#2517=EDGE_CURVE('',#2993,#2993,#3363,.T.);
#2518=EDGE_CURVE('',#2994,#2994,#3364,.F.);
#2519=EDGE_CURVE('',#2995,#2995,#3365,.T.);
#2520=EDGE_CURVE('',#2996,#2996,#3366,.F.);
#2521=EDGE_CURVE('',#2997,#2997,#3367,.T.);
#2522=EDGE_CURVE('',#2998,#2998,#3368,.T.);
#2523=EDGE_CURVE('',#2999,#3000,#3369,.T.);
#2524=EDGE_CURVE('',#2999,#2966,#210,.T.);
#2525=EDGE_CURVE('',#2965,#3001,#211,.T.);
#2526=EDGE_CURVE('',#3002,#3001,#3370,.T.);
#2527=EDGE_CURVE('',#3002,#2960,#212,.T.);
#2528=EDGE_CURVE('',#2959,#3003,#213,.T.);
#2529=EDGE_CURVE('',#3004,#3003,#3371,.T.);
#2530=EDGE_CURVE('',#3004,#2954,#214,.T.);
#2531=EDGE_CURVE('',#2953,#3005,#215,.T.);
#2532=EDGE_CURVE('',#3006,#3005,#3372,.T.);
#2533=EDGE_CURVE('',#3006,#2948,#216,.T.);
#2534=EDGE_CURVE('',#2947,#3007,#217,.T.);
#2535=EDGE_CURVE('',#3008,#3007,#3373,.T.);
#2536=EDGE_CURVE('',#3008,#2942,#218,.T.);
#2537=EDGE_CURVE('',#2941,#3000,#219,.T.);
#2538=EDGE_CURVE('',#3009,#3009,#3374,.T.);
#2539=EDGE_CURVE('',#3010,#3011,#220,.T.);
#2540=EDGE_CURVE('',#3010,#3012,#221,.T.);
#2541=EDGE_CURVE('',#3012,#3011,#222,.T.);
#2542=EDGE_CURVE('',#3013,#3014,#223,.T.);
#2543=EDGE_CURVE('',#3014,#3015,#224,.T.);
#2544=EDGE_CURVE('',#3013,#3015,#225,.T.);
#2545=EDGE_CURVE('',#3000,#3016,#226,.T.);
#2546=EDGE_CURVE('',#3016,#3013,#3375,.F.);
#2547=EDGE_CURVE('',#3015,#3017,#227,.T.);
#2548=EDGE_CURVE('',#3017,#3018,#3376,.T.);
#2549=EDGE_CURVE('',#3018,#3010,#228,.T.);
#2550=EDGE_CURVE('',#3011,#3019,#3377,.F.);
#2551=EDGE_CURVE('',#3019,#2999,#229,.T.);
#2552=EDGE_CURVE('',#3020,#3021,#230,.T.);
#2553=EDGE_CURVE('',#3020,#3022,#231,.T.);
#2554=EDGE_CURVE('',#3022,#3021,#232,.T.);
#2555=EDGE_CURVE('',#3023,#3024,#233,.T.);
#2556=EDGE_CURVE('',#3023,#3025,#234,.T.);
#2557=EDGE_CURVE('',#3025,#3024,#235,.T.);
#2558=EDGE_CURVE('',#3007,#3026,#236,.T.);
#2559=EDGE_CURVE('',#3026,#3020,#3378,.F.);
#2560=EDGE_CURVE('',#3021,#3027,#237,.T.);
#2561=EDGE_CURVE('',#3027,#3028,#3379,.T.);
#2562=EDGE_CURVE('',#3028,#3023,#238,.T.);
#2563=EDGE_CURVE('',#3024,#3029,#3380,.F.);
#2564=EDGE_CURVE('',#3029,#3008,#239,.T.);
#2565=EDGE_CURVE('',#3030,#3031,#240,.T.);
#2566=EDGE_CURVE('',#3030,#3032,#241,.T.);
#2567=EDGE_CURVE('',#3032,#3031,#242,.T.);
#2568=EDGE_CURVE('',#3033,#3034,#243,.T.);
#2569=EDGE_CURVE('',#3033,#3035,#244,.T.);
#2570=EDGE_CURVE('',#3035,#3034,#245,.T.);
#2571=EDGE_CURVE('',#3005,#3036,#246,.T.);
#2572=EDGE_CURVE('',#3036,#3033,#3381,.F.);
#2573=EDGE_CURVE('',#3034,#3037,#247,.T.);
#2574=EDGE_CURVE('',#3037,#3038,#3382,.T.);
#2575=EDGE_CURVE('',#3038,#3030,#248,.T.);
#2576=EDGE_CURVE('',#3031,#3039,#3383,.F.);
#2577=EDGE_CURVE('',#3039,#3006,#249,.T.);
#2578=EDGE_CURVE('',#3040,#3041,#250,.T.);
#2579=EDGE_CURVE('',#3040,#3042,#251,.T.);
#2580=EDGE_CURVE('',#3042,#3041,#252,.T.);
#2581=EDGE_CURVE('',#3043,#3044,#253,.T.);
#2582=EDGE_CURVE('',#3043,#3045,#254,.T.);
#2583=EDGE_CURVE('',#3045,#3044,#255,.T.);
#2584=EDGE_CURVE('',#3003,#3046,#256,.T.);
#2585=EDGE_CURVE('',#3046,#3040,#3384,.F.);
#2586=EDGE_CURVE('',#3041,#3047,#257,.T.);
#2587=EDGE_CURVE('',#3047,#3048,#3385,.T.);
#2588=EDGE_CURVE('',#3048,#3043,#258,.T.);
#2589=EDGE_CURVE('',#3044,#3049,#3386,.F.);
#2590=EDGE_CURVE('',#3049,#3004,#259,.T.);
#2591=EDGE_CURVE('',#3050,#3051,#260,.T.);
#2592=EDGE_CURVE('',#3051,#3052,#261,.T.);
#2593=EDGE_CURVE('',#3050,#3052,#262,.T.);
#2594=EDGE_CURVE('',#3053,#3054,#263,.T.);
#2595=EDGE_CURVE('',#3053,#3055,#264,.T.);
#2596=EDGE_CURVE('',#3055,#3054,#265,.T.);
#2597=EDGE_CURVE('',#3001,#3056,#266,.T.);
#2598=EDGE_CURVE('',#3056,#3050,#3387,.F.);
#2599=EDGE_CURVE('',#3052,#3057,#267,.T.);
#2600=EDGE_CURVE('',#3057,#3058,#3388,.T.);
#2601=EDGE_CURVE('',#3058,#3053,#268,.T.);
#2602=EDGE_CURVE('',#3054,#3059,#3389,.F.);
#2603=EDGE_CURVE('',#3059,#3002,#269,.T.);
#2604=EDGE_CURVE('',#2949,#3039,#3390,.T.);
#2605=EDGE_CURVE('',#2950,#3032,#3391,.T.);
#2606=EDGE_CURVE('',#2769,#3038,#3392,.T.);
#2607=EDGE_CURVE('',#2770,#3037,#3393,.T.);
#2608=EDGE_CURVE('',#2951,#3035,#3394,.T.);
#2609=EDGE_CURVE('',#2952,#3036,#3395,.T.);
#2610=EDGE_CURVE('',#2961,#3059,#3396,.T.);
#2611=EDGE_CURVE('',#2962,#3055,#3397,.T.);
#2612=EDGE_CURVE('',#2785,#3058,#3398,.T.);
#2613=EDGE_CURVE('',#2786,#3057,#3399,.T.);
#2614=EDGE_CURVE('',#2963,#3051,#3400,.T.);
#2615=EDGE_CURVE('',#2964,#3056,#3401,.T.);
#2616=EDGE_CURVE('',#2955,#3049,#3402,.T.);
#2617=EDGE_CURVE('',#2956,#3045,#3403,.T.);
#2618=EDGE_CURVE('',#2777,#3048,#3404,.T.);
#2619=EDGE_CURVE('',#2778,#3047,#3405,.T.);
#2620=EDGE_CURVE('',#2957,#3042,#3406,.T.);
#2621=EDGE_CURVE('',#2958,#3046,#3407,.T.);
#2622=EDGE_CURVE('',#2967,#3019,#3408,.T.);
#2623=EDGE_CURVE('',#2968,#3012,#3409,.T.);
#2624=EDGE_CURVE('',#2753,#3018,#3410,.T.);
#2625=EDGE_CURVE('',#2754,#3017,#3411,.T.);
#2626=EDGE_CURVE('',#2939,#3014,#3412,.T.);
#2627=EDGE_CURVE('',#2940,#3016,#3413,.T.);
#2628=EDGE_CURVE('',#2943,#3029,#3414,.T.);
#2629=EDGE_CURVE('',#2944,#3025,#3415,.T.);
#2630=EDGE_CURVE('',#2761,#3028,#3416,.T.);
#2631=EDGE_CURVE('',#2762,#3027,#3417,.T.);
#2632=EDGE_CURVE('',#2945,#3022,#3418,.T.);
#2633=EDGE_CURVE('',#2946,#3026,#3419,.T.);
#2634=EDGE_CURVE('',#3060,#3060,#3420,.F.);
#2635=EDGE_CURVE('',#3061,#3061,#3421,.F.);
#2636=EDGE_CURVE('',#3062,#3062,#3422,.F.);
#2637=EDGE_CURVE('',#3063,#3063,#3423,.F.);
#2638=EDGE_CURVE('',#3064,#3064,#3424,.F.);
#2639=VERTEX_POINT('',#6652);
#2640=VERTEX_POINT('',#6654);
#2641=VERTEX_POINT('',#6657);
#2642=VERTEX_POINT('',#6659);
#2643=VERTEX_POINT('',#6662);
#2644=VERTEX_POINT('',#6663);
#2645=VERTEX_POINT('',#6665);
#2646=VERTEX_POINT('',#6667);
#2647=VERTEX_POINT('',#6671);
#2648=VERTEX_POINT('',#6672);
#2649=VERTEX_POINT('',#6674);
#2650=VERTEX_POINT('',#6676);
#2651=VERTEX_POINT('',#6680);
#2652=VERTEX_POINT('',#6681);
#2653=VERTEX_POINT('',#6683);
#2654=VERTEX_POINT('',#6685);
#2655=VERTEX_POINT('',#6689);
#2656=VERTEX_POINT('',#6690);
#2657=VERTEX_POINT('',#6692);
#2658=VERTEX_POINT('',#6694);
#2659=VERTEX_POINT('',#6698);
#2660=VERTEX_POINT('',#6699);
#2661=VERTEX_POINT('',#6701);
#2662=VERTEX_POINT('',#6703);
#2663=VERTEX_POINT('',#6705);
#2664=VERTEX_POINT('',#6707);
#2665=VERTEX_POINT('',#6709);
#2666=VERTEX_POINT('',#6711);
#2667=VERTEX_POINT('',#6713);
#2668=VERTEX_POINT('',#6715);
#2669=VERTEX_POINT('',#6717);
#2670=VERTEX_POINT('',#6719);
#2671=VERTEX_POINT('',#6721);
#2672=VERTEX_POINT('',#6723);
#2673=VERTEX_POINT('',#6725);
#2674=VERTEX_POINT('',#6727);
#2675=VERTEX_POINT('',#6729);
#2676=VERTEX_POINT('',#6731);
#2677=VERTEX_POINT('',#6733);
#2678=VERTEX_POINT('',#6735);
#2679=VERTEX_POINT('',#6737);
#2680=VERTEX_POINT('',#6739);
#2681=VERTEX_POINT('',#6741);
#2682=VERTEX_POINT('',#6743);
#2683=VERTEX_POINT('',#6745);
#2684=VERTEX_POINT('',#6747);
#2685=VERTEX_POINT('',#6749);
#2686=VERTEX_POINT('',#6751);
#2687=VERTEX_POINT('',#6753);
#2688=VERTEX_POINT('',#6755);
#2689=VERTEX_POINT('',#6757);
#2690=VERTEX_POINT('',#6759);
#2691=VERTEX_POINT('',#6761);
#2692=VERTEX_POINT('',#6763);
#2693=VERTEX_POINT('',#6765);
#2694=VERTEX_POINT('',#6767);
#2695=VERTEX_POINT('',#6769);
#2696=VERTEX_POINT('',#6771);
#2697=VERTEX_POINT('',#6773);
#2698=VERTEX_POINT('',#6775);
#2699=VERTEX_POINT('',#6777);
#2700=VERTEX_POINT('',#6779);
#2701=VERTEX_POINT('',#6781);
#2702=VERTEX_POINT('',#6783);
#2703=VERTEX_POINT('',#6785);
#2704=VERTEX_POINT('',#6787);
#2705=VERTEX_POINT('',#6789);
#2706=VERTEX_POINT('',#6791);
#2707=VERTEX_POINT('',#6793);
#2708=VERTEX_POINT('',#6795);
#2709=VERTEX_POINT('',#6797);
#2710=VERTEX_POINT('',#6799);
#2711=VERTEX_POINT('',#6801);
#2712=VERTEX_POINT('',#6803);
#2713=VERTEX_POINT('',#6805);
#2714=VERTEX_POINT('',#6807);
#2715=VERTEX_POINT('',#6810);
#2716=VERTEX_POINT('',#6812);
#2717=VERTEX_POINT('',#6814);
#2718=VERTEX_POINT('',#6816);
#2719=VERTEX_POINT('',#6818);
#2720=VERTEX_POINT('',#6821);
#2721=VERTEX_POINT('',#6823);
#2722=VERTEX_POINT('',#6824);
#2723=VERTEX_POINT('',#6826);
#2724=VERTEX_POINT('',#6828);
#2725=VERTEX_POINT('',#6830);
#2726=VERTEX_POINT('',#6832);
#2727=VERTEX_POINT('',#6834);
#2728=VERTEX_POINT('',#6836);
#2729=VERTEX_POINT('',#6838);
#2730=VERTEX_POINT('',#6840);
#2731=VERTEX_POINT('',#6842);
#2732=VERTEX_POINT('',#6844);
#2733=VERTEX_POINT('',#6848);
#2734=VERTEX_POINT('',#6850);
#2735=VERTEX_POINT('',#6852);
#2736=VERTEX_POINT('',#6854);
#2737=VERTEX_POINT('',#6856);
#2738=VERTEX_POINT('',#6858);
#2739=VERTEX_POINT('',#6860);
#2740=VERTEX_POINT('',#6862);
#2741=VERTEX_POINT('',#6864);
#2742=VERTEX_POINT('',#6866);
#2743=VERTEX_POINT('',#6868);
#2744=VERTEX_POINT('',#6870);
#2745=VERTEX_POINT('',#6872);
#2746=VERTEX_POINT('',#6874);
#2747=VERTEX_POINT('',#6876);
#2748=VERTEX_POINT('',#6878);
#2749=VERTEX_POINT('',#6880);
#2750=VERTEX_POINT('',#6882);
#2751=VERTEX_POINT('',#6884);
#2752=VERTEX_POINT('',#6886);
#2753=VERTEX_POINT('',#6888);
#2754=VERTEX_POINT('',#6889);
#2755=VERTEX_POINT('',#6897);
#2756=VERTEX_POINT('',#6899);
#2757=VERTEX_POINT('',#6901);
#2758=VERTEX_POINT('',#6903);
#2759=VERTEX_POINT('',#6905);
#2760=VERTEX_POINT('',#6907);
#2761=VERTEX_POINT('',#6916);
#2762=VERTEX_POINT('',#6918);
#2763=VERTEX_POINT('',#6926);
#2764=VERTEX_POINT('',#6928);
#2765=VERTEX_POINT('',#6930);
#2766=VERTEX_POINT('',#6932);
#2767=VERTEX_POINT('',#6934);
#2768=VERTEX_POINT('',#6936);
#2769=VERTEX_POINT('',#6945);
#2770=VERTEX_POINT('',#6947);
#2771=VERTEX_POINT('',#6955);
#2772=VERTEX_POINT('',#6957);
#2773=VERTEX_POINT('',#6959);
#2774=VERTEX_POINT('',#6961);
#2775=VERTEX_POINT('',#6963);
#2776=VERTEX_POINT('',#6965);
#2777=VERTEX_POINT('',#6974);
#2778=VERTEX_POINT('',#6976);
#2779=VERTEX_POINT('',#6984);
#2780=VERTEX_POINT('',#6986);
#2781=VERTEX_POINT('',#6988);
#2782=VERTEX_POINT('',#6990);
#2783=VERTEX_POINT('',#6992);
#2784=VERTEX_POINT('',#6994);
#2785=VERTEX_POINT('',#7003);
#2786=VERTEX_POINT('',#7005);
#2787=VERTEX_POINT('',#7013);
#2788=VERTEX_POINT('',#7015);
#2789=VERTEX_POINT('',#7017);
#2790=VERTEX_POINT('',#7019);
#2791=VERTEX_POINT('',#7021);
#2792=VERTEX_POINT('',#7023);
#2793=VERTEX_POINT('',#7034);
#2794=VERTEX_POINT('',#7036);
#2795=VERTEX_POINT('',#7040);
#2796=VERTEX_POINT('',#7043);
#2797=VERTEX_POINT('',#7045);
#2798=VERTEX_POINT('',#7049);
#2799=VERTEX_POINT('',#7051);
#2800=VERTEX_POINT('',#7055);
#2801=VERTEX_POINT('',#7058);
#2802=VERTEX_POINT('',#7060);
#2803=VERTEX_POINT('',#7064);
#2804=VERTEX_POINT('',#7066);
#2805=VERTEX_POINT('',#7070);
#2806=VERTEX_POINT('',#7073);
#2807=VERTEX_POINT('',#7074);
#2808=VERTEX_POINT('',#7076);
#2809=VERTEX_POINT('',#7078);
#2810=VERTEX_POINT('',#7082);
#2811=VERTEX_POINT('',#7084);
#2812=VERTEX_POINT('',#7088);
#2813=VERTEX_POINT('',#7091);
#2814=VERTEX_POINT('',#7092);
#2815=VERTEX_POINT('',#7094);
#2816=VERTEX_POINT('',#7096);
#2817=VERTEX_POINT('',#7100);
#2818=VERTEX_POINT('',#7102);
#2819=VERTEX_POINT('',#7106);
#2820=VERTEX_POINT('',#7107);
#2821=VERTEX_POINT('',#7109);
#2822=VERTEX_POINT('',#7112);
#2823=VERTEX_POINT('',#7114);
#2824=VERTEX_POINT('',#7117);
#2825=VERTEX_POINT('',#7119);
#2826=VERTEX_POINT('',#7121);
#2827=VERTEX_POINT('',#7145);
#2828=VERTEX_POINT('',#7146);
#2829=VERTEX_POINT('',#7148);
#2830=VERTEX_POINT('',#7150);
#2831=VERTEX_POINT('',#7157);
#2832=VERTEX_POINT('',#7158);
#2833=VERTEX_POINT('',#7160);
#2834=VERTEX_POINT('',#7162);
#2835=VERTEX_POINT('',#7169);
#2836=VERTEX_POINT('',#7170);
#2837=VERTEX_POINT('',#7172);
#2838=VERTEX_POINT('',#7174);
#2839=VERTEX_POINT('',#7181);
#2840=VERTEX_POINT('',#7182);
#2841=VERTEX_POINT('',#7184);
#2842=VERTEX_POINT('',#7186);
#2843=VERTEX_POINT('',#7193);
#2844=VERTEX_POINT('',#7194);
#2845=VERTEX_POINT('',#7196);
#2846=VERTEX_POINT('',#7198);
#2847=VERTEX_POINT('',#7200);
#2848=VERTEX_POINT('',#7202);
#2849=VERTEX_POINT('',#7204);
#2850=VERTEX_POINT('',#7206);
#2851=VERTEX_POINT('',#7208);
#2852=VERTEX_POINT('',#7210);
#2853=VERTEX_POINT('',#7212);
#2854=VERTEX_POINT('',#7214);
#2855=VERTEX_POINT('',#7216);
#2856=VERTEX_POINT('',#7218);
#2857=VERTEX_POINT('',#7220);
#2858=VERTEX_POINT('',#7222);
#2859=VERTEX_POINT('',#7224);
#2860=VERTEX_POINT('',#7226);
#2861=VERTEX_POINT('',#7228);
#2862=VERTEX_POINT('',#7230);
#2863=VERTEX_POINT('',#7232);
#2864=VERTEX_POINT('',#7234);
#2865=VERTEX_POINT('',#7236);
#2866=VERTEX_POINT('',#7238);
#2867=VERTEX_POINT('',#7240);
#2868=VERTEX_POINT('',#7242);
#2869=VERTEX_POINT('',#7244);
#2870=VERTEX_POINT('',#7246);
#2871=VERTEX_POINT('',#7248);
#2872=VERTEX_POINT('',#7250);
#2873=VERTEX_POINT('',#7252);
#2874=VERTEX_POINT('',#7254);
#2875=VERTEX_POINT('',#7258);
#2876=VERTEX_POINT('',#7259);
#2877=VERTEX_POINT('',#7261);
#2878=VERTEX_POINT('',#7263);
#2879=VERTEX_POINT('',#7267);
#2880=VERTEX_POINT('',#7268);
#2881=VERTEX_POINT('',#7270);
#2882=VERTEX_POINT('',#7272);
#2883=VERTEX_POINT('',#7276);
#2884=VERTEX_POINT('',#7277);
#2885=VERTEX_POINT('',#7279);
#2886=VERTEX_POINT('',#7281);
#2887=VERTEX_POINT('',#7285);
#2888=VERTEX_POINT('',#7286);
#2889=VERTEX_POINT('',#7288);
#2890=VERTEX_POINT('',#7290);
#2891=VERTEX_POINT('',#7294);
#2892=VERTEX_POINT('',#7295);
#2893=VERTEX_POINT('',#7297);
#2894=VERTEX_POINT('',#7299);
#2895=VERTEX_POINT('',#7303);
#2896=VERTEX_POINT('',#7304);
#2897=VERTEX_POINT('',#7306);
#2898=VERTEX_POINT('',#7308);
#2899=VERTEX_POINT('',#7312);
#2900=VERTEX_POINT('',#7313);
#2901=VERTEX_POINT('',#7315);
#2902=VERTEX_POINT('',#7317);
#2903=VERTEX_POINT('',#7321);
#2904=VERTEX_POINT('',#7322);
#2905=VERTEX_POINT('',#7324);
#2906=VERTEX_POINT('',#7326);
#2907=VERTEX_POINT('',#7330);
#2908=VERTEX_POINT('',#7331);
#2909=VERTEX_POINT('',#7333);
#2910=VERTEX_POINT('',#7335);
#2911=VERTEX_POINT('',#7339);
#2912=VERTEX_POINT('',#7340);
#2913=VERTEX_POINT('',#7342);
#2914=VERTEX_POINT('',#7344);
#2915=VERTEX_POINT('',#7367);
#2916=VERTEX_POINT('',#7372);
#2917=VERTEX_POINT('',#7389);
#2918=VERTEX_POINT('',#7394);
#2919=VERTEX_POINT('',#7455);
#2920=VERTEX_POINT('',#7456);
#2921=VERTEX_POINT('',#7465);
#2922=VERTEX_POINT('',#7470);
#2923=VERTEX_POINT('',#7490);
#2924=VERTEX_POINT('',#7495);
#2925=VERTEX_POINT('',#7510);
#2926=VERTEX_POINT('',#7515);
#2927=VERTEX_POINT('',#7884);
#2928=VERTEX_POINT('',#7887);
#2929=VERTEX_POINT('',#7890);
#2930=VERTEX_POINT('',#7893);
#2931=VERTEX_POINT('',#7896);
#2932=VERTEX_POINT('',#7899);
#2933=VERTEX_POINT('',#7901);
#2934=VERTEX_POINT('',#7903);
#2935=VERTEX_POINT('',#7905);
#2936=VERTEX_POINT('',#7907);
#2937=VERTEX_POINT('',#7909);
#2938=VERTEX_POINT('',#7911);
#2939=VERTEX_POINT('',#7917);
#2940=VERTEX_POINT('',#7921);
#2941=VERTEX_POINT('',#7928);
#2942=VERTEX_POINT('',#7930);
#2943=VERTEX_POINT('',#7935);
#2944=VERTEX_POINT('',#7939);
#2945=VERTEX_POINT('',#7951);
#2946=VERTEX_POINT('',#7955);
#2947=VERTEX_POINT('',#7959);
#2948=VERTEX_POINT('',#7960);
#2949=VERTEX_POINT('',#7965);
#2950=VERTEX_POINT('',#7973);
#2951=VERTEX_POINT('',#7985);
#2952=VERTEX_POINT('',#7989);
#2953=VERTEX_POINT('',#7996);
#2954=VERTEX_POINT('',#7998);
#2955=VERTEX_POINT('',#8003);
#2956=VERTEX_POINT('',#8007);
#2957=VERTEX_POINT('',#8019);
#2958=VERTEX_POINT('',#8023);
#2959=VERTEX_POINT('',#8027);
#2960=VERTEX_POINT('',#8028);
#2961=VERTEX_POINT('',#8033);
#2962=VERTEX_POINT('',#8041);
#2963=VERTEX_POINT('',#8053);
#2964=VERTEX_POINT('',#8057);
#2965=VERTEX_POINT('',#8064);
#2966=VERTEX_POINT('',#8066);
#2967=VERTEX_POINT('',#8071);
#2968=VERTEX_POINT('',#8075);
#2969=VERTEX_POINT('',#8084);
#2970=VERTEX_POINT('',#8086);
#2971=VERTEX_POINT('',#8089);
#2972=VERTEX_POINT('',#8091);
#2973=VERTEX_POINT('',#8094);
#2974=VERTEX_POINT('',#8097);
#2975=VERTEX_POINT('',#8100);
#2976=VERTEX_POINT('',#8102);
#2977=VERTEX_POINT('',#8105);
#2978=VERTEX_POINT('',#8107);
#2979=VERTEX_POINT('',#8110);
#2980=VERTEX_POINT('',#8113);
#2981=VERTEX_POINT('',#8116);
#2982=VERTEX_POINT('',#8118);
#2983=VERTEX_POINT('',#8121);
#2984=VERTEX_POINT('',#8123);
#2985=VERTEX_POINT('',#8126);
#2986=VERTEX_POINT('',#8129);
#2987=VERTEX_POINT('',#8132);
#2988=VERTEX_POINT('',#8134);
#2989=VERTEX_POINT('',#8137);
#2990=VERTEX_POINT('',#8139);
#2991=VERTEX_POINT('',#8142);
#2992=VERTEX_POINT('',#8145);
#2993=VERTEX_POINT('',#8148);
#2994=VERTEX_POINT('',#8150);
#2995=VERTEX_POINT('',#8153);
#2996=VERTEX_POINT('',#8155);
#2997=VERTEX_POINT('',#8158);
#2998=VERTEX_POINT('',#8161);
#2999=VERTEX_POINT('',#8164);
#3000=VERTEX_POINT('',#8165);
#3001=VERTEX_POINT('',#8178);
#3002=VERTEX_POINT('',#8180);
#3003=VERTEX_POINT('',#8193);
#3004=VERTEX_POINT('',#8195);
#3005=VERTEX_POINT('',#8208);
#3006=VERTEX_POINT('',#8210);
#3007=VERTEX_POINT('',#8223);
#3008=VERTEX_POINT('',#8225);
#3009=VERTEX_POINT('',#8239);
#3010=VERTEX_POINT('',#8250);
#3011=VERTEX_POINT('',#8251);
#3012=VERTEX_POINT('',#8266);
#3013=VERTEX_POINT('',#8278);
#3014=VERTEX_POINT('',#8279);
#3015=VERTEX_POINT('',#8294);
#3016=VERTEX_POINT('',#8309);
#3017=VERTEX_POINT('',#8315);
#3018=VERTEX_POINT('',#8317);
#3019=VERTEX_POINT('',#8323);
#3020=VERTEX_POINT('',#8338);
#3021=VERTEX_POINT('',#8339);
#3022=VERTEX_POINT('',#8345);
#3023=VERTEX_POINT('',#8370);
#3024=VERTEX_POINT('',#8371);
#3025=VERTEX_POINT('',#8386);
#3026=VERTEX_POINT('',#8397);
#3027=VERTEX_POINT('',#8403);
#3028=VERTEX_POINT('',#8405);
#3029=VERTEX_POINT('',#8411);
#3030=VERTEX_POINT('',#8426);
#3031=VERTEX_POINT('',#8427);
#3032=VERTEX_POINT('',#8442);
#3033=VERTEX_POINT('',#8458);
#3034=VERTEX_POINT('',#8459);
#3035=VERTEX_POINT('',#8465);
#3036=VERTEX_POINT('',#8485);
#3037=VERTEX_POINT('',#8491);
#3038=VERTEX_POINT('',#8493);
#3039=VERTEX_POINT('',#8499);
#3040=VERTEX_POINT('',#8514);
#3041=VERTEX_POINT('',#8515);
#3042=VERTEX_POINT('',#8521);
#3043=VERTEX_POINT('',#8546);
#3044=VERTEX_POINT('',#8547);
#3045=VERTEX_POINT('',#8562);
#3046=VERTEX_POINT('',#8573);
#3047=VERTEX_POINT('',#8579);
#3048=VERTEX_POINT('',#8581);
#3049=VERTEX_POINT('',#8587);
#3050=VERTEX_POINT('',#8598);
#3051=VERTEX_POINT('',#8599);
#3052=VERTEX_POINT('',#8614);
#3053=VERTEX_POINT('',#8634);
#3054=VERTEX_POINT('',#8635);
#3055=VERTEX_POINT('',#8650);
#3056=VERTEX_POINT('',#8661);
#3057=VERTEX_POINT('',#8667);
#3058=VERTEX_POINT('',#8669);
#3059=VERTEX_POINT('',#8675);
#3060=VERTEX_POINT('',#9058);
#3061=VERTEX_POINT('',#9061);
#3062=VERTEX_POINT('',#9064);
#3063=VERTEX_POINT('',#9067);
#3064=VERTEX_POINT('',#9070);
#3065=VERTEX_POINT('',#9072);
#3066=VERTEX_POINT('',#9074);
#3067=VERTEX_POINT('',#9076);
#3068=VERTEX_POINT('',#9078);
#3069=VERTEX_POINT('',#9080);
#3070=CIRCLE('',#4627,0.0041);
#3071=CIRCLE('',#4628,0.0041);
#3072=CIRCLE('',#4630,0.0041);
#3073=CIRCLE('',#4631,0.0041);
#3074=CIRCLE('',#4637,0.00125);
#3075=CIRCLE('',#4638,0.00125);
#3076=CIRCLE('',#4639,0.00625);
#3077=CIRCLE('',#4640,0.00025);
#3078=CIRCLE('',#4641,0.004875);
#3079=CIRCLE('',#4642,0.00025);
#3080=CIRCLE('',#4643,0.00625);
#3081=CIRCLE('',#4644,0.00025);
#3082=CIRCLE('',#4645,0.004875);
#3083=CIRCLE('',#4646,0.00025);
#3084=CIRCLE('',#4647,0.00625);
#3085=CIRCLE('',#4648,0.00125);
#3086=CIRCLE('',#4649,0.00125);
#3087=CIRCLE('',#4650,0.00275);
#3088=CIRCLE('',#4651,0.001225);
#3089=CIRCLE('',#4652,0.00275);
#3090=CIRCLE('',#4653,0.00125);
#3091=CIRCLE('',#4654,0.00825);
#3092=CIRCLE('',#4655,0.00125);
#3093=CIRCLE('',#4656,0.00275);
#3094=CIRCLE('',#4657,0.001225);
#3095=CIRCLE('',#4658,0.00275);
#3096=CIRCLE('',#4659,0.00125);
#3097=CIRCLE('',#4660,0.00125);
#3098=CIRCLE('',#4661,0.00625);
#3099=CIRCLE('',#4662,0.00025);
#3100=CIRCLE('',#4663,0.004875);
#3101=CIRCLE('',#4664,0.00025);
#3102=CIRCLE('',#4665,0.00625);
#3103=CIRCLE('',#4666,0.00025);
#3104=CIRCLE('',#4667,0.004875);
#3105=CIRCLE('',#4668,0.00025);
#3106=CIRCLE('',#4669,0.00625);
#3107=CIRCLE('',#4670,0.00125);
#3108=CIRCLE('',#4671,0.00125);
#3109=CIRCLE('',#4672,0.00275);
#3110=CIRCLE('',#4673,0.001225);
#3111=CIRCLE('',#4674,0.00275);
#3112=CIRCLE('',#4675,0.00125);
#3113=CIRCLE('',#4676,0.00825);
#3114=CIRCLE('',#4677,0.00125);
#3115=CIRCLE('',#4678,0.00275);
#3116=CIRCLE('',#4679,0.001225);
#3117=CIRCLE('',#4680,0.00275);
#3118=CIRCLE('',#4681,0.0345517754113885);
#3119=CIRCLE('',#4682,0.000975);
#3120=CIRCLE('',#4683,0.000975);
#3121=CIRCLE('',#4684,0.000975);
#3122=CIRCLE('',#4685,0.000975);
#3123=CIRCLE('',#4687,0.0055);
#3124=CIRCLE('',#4688,0.0055);
#3125=CIRCLE('',#4689,0.0055);
#3126=CIRCLE('',#4690,0.0055);
#3127=CIRCLE('',#4691,0.0055);
#3128=CIRCLE('',#4692,0.0055);
#3129=CIRCLE('',#4693,0.0055);
#3130=CIRCLE('',#4695,0.0028);
#3131=CIRCLE('',#4696,0.0028);
#3132=CIRCLE('',#4697,0.0028);
#3133=CIRCLE('',#4698,0.0028);
#3134=CIRCLE('',#4699,0.0028);
#3135=CIRCLE('',#4700,0.002);
#3136=CIRCLE('',#4701,0.002);
#3137=CIRCLE('',#4702,0.002);
#3138=CIRCLE('',#4703,0.002);
#3139=CIRCLE('',#4704,0.002);
#3140=CIRCLE('',#4705,0.002);
#3141=CIRCLE('',#4706,0.000975);
#3142=CIRCLE('',#4707,0.000975);
#3143=CIRCLE('',#4708,0.000975);
#3144=CIRCLE('',#4709,0.000975);
#3145=CIRCLE('',#4710,0.0055);
#3146=CIRCLE('',#4711,0.00225);
#3147=CIRCLE('',#4712,0.00225);
#3148=CIRCLE('',#4713,0.00225);
#3149=CIRCLE('',#4714,0.00225);
#3150=CIRCLE('',#4715,0.041705778566375);
#3151=CIRCLE('',#4716,0.02);
#3152=CIRCLE('',#4717,0.0075);
#3153=CIRCLE('',#4718,0.02);
#3154=CIRCLE('',#4719,0.041705778566375);
#3155=CIRCLE('',#4720,0.02);
#3156=CIRCLE('',#4721,0.0075);
#3157=CIRCLE('',#4722,0.02);
#3158=CIRCLE('',#4723,0.0417057785663751);
#3159=CIRCLE('',#4724,0.02);
#3160=CIRCLE('',#4725,0.0075);
#3161=CIRCLE('',#4726,0.02);
#3162=CIRCLE('',#4727,0.0417057785663751);
#3163=CIRCLE('',#4728,0.02);
#3164=CIRCLE('',#4729,0.0075);
#3165=CIRCLE('',#4730,0.02);
#3166=CIRCLE('',#4731,0.0417057785663751);
#3167=CIRCLE('',#4732,0.02);
#3168=CIRCLE('',#4733,0.0075);
#3169=CIRCLE('',#4734,0.02);
#3170=CIRCLE('',#4736,0.039);
#3171=CIRCLE('',#4737,0.0354410779654015);
#3172=CIRCLE('',#4740,0.00225);
#3173=CIRCLE('',#4742,0.001);
#3174=CIRCLE('',#4743,0.004125);
#3175=CIRCLE('',#4744,0.001);
#3176=CIRCLE('',#4746,0.004125);
#3177=CIRCLE('',#4748,0.00225);
#3178=CIRCLE('',#4750,0.001);
#3179=CIRCLE('',#4751,0.004125);
#3180=CIRCLE('',#4752,0.001);
#3181=CIRCLE('',#4754,0.004125);
#3182=CIRCLE('',#4756,0.00225);
#3183=CIRCLE('',#4758,0.0055);
#3184=CIRCLE('',#4759,0.001);
#3185=CIRCLE('',#4760,0.004125);
#3186=CIRCLE('',#4761,0.001);
#3187=CIRCLE('',#4763,0.004125);
#3188=CIRCLE('',#4765,0.00225);
#3189=CIRCLE('',#4767,0.0055);
#3190=CIRCLE('',#4768,0.001);
#3191=CIRCLE('',#4769,0.004125);
#3192=CIRCLE('',#4770,0.001);
#3193=CIRCLE('',#4772,0.004125);
#3194=CIRCLE('',#4774,0.0055);
#3195=CIRCLE('',#4775,0.0055);
#3196=CIRCLE('',#4776,0.0055);
#3197=CIRCLE('',#4777,0.0055);
#3198=CIRCLE('',#4779,0.001);
#3199=CIRCLE('',#4781,0.001);
#3200=CIRCLE('',#4783,0.001);
#3201=CIRCLE('',#4785,0.001);
#3202=CIRCLE('',#4787,0.001);
#3203=CIRCLE('',#4789,0.001);
#3204=CIRCLE('',#4791,0.001);
#3205=CIRCLE('',#4793,0.001);
#3206=CIRCLE('',#4803,0.0095);
#3207=CIRCLE('',#4804,0.003);
#3208=CIRCLE('',#4805,0.001);
#3209=CIRCLE('',#4806,0.002975);
#3210=CIRCLE('',#4807,0.001);
#3211=CIRCLE('',#4808,0.003);
#3212=CIRCLE('',#4809,0.0065);
#3213=CIRCLE('',#4810,0.003);
#3214=CIRCLE('',#4811,0.001);
#3215=CIRCLE('',#4812,0.002975);
#3216=CIRCLE('',#4813,0.001);
#3217=CIRCLE('',#4814,0.003);
#3218=CIRCLE('',#4815,0.0095);
#3219=CIRCLE('',#4816,0.003);
#3220=CIRCLE('',#4817,0.001);
#3221=CIRCLE('',#4818,0.002975);
#3222=CIRCLE('',#4819,0.001);
#3223=CIRCLE('',#4820,0.003);
#3224=CIRCLE('',#4821,0.0065);
#3225=CIRCLE('',#4822,0.003);
#3226=CIRCLE('',#4823,0.001);
#3227=CIRCLE('',#4824,0.002975);
#3228=CIRCLE('',#4825,0.001);
#3229=CIRCLE('',#4826,0.003);
#3230=CIRCLE('',#4829,0.001975);
#3231=CIRCLE('',#4830,0.001975);
#3232=CIRCLE('',#4832,0.001975);
#3233=CIRCLE('',#4833,0.001975);
#3234=CIRCLE('',#4837,0.001975);
#3235=CIRCLE('',#4838,0.001975);
#3236=CIRCLE('',#4840,0.001975);
#3237=CIRCLE('',#4841,0.001975);
#3238=CIRCLE('',#4844,0.0075);
#3239=CIRCLE('',#4845,0.0075);
#3240=CIRCLE('',#4847,0.0075);
#3241=CIRCLE('',#4848,0.0075);
#3242=CIRCLE('',#4850,0.002);
#3243=CIRCLE('',#4851,0.002);
#3244=CIRCLE('',#4853,0.002);
#3245=CIRCLE('',#4854,0.002);
#3246=CIRCLE('',#4856,0.002);
#3247=CIRCLE('',#4857,0.002);
#3248=CIRCLE('',#4859,0.002);
#3249=CIRCLE('',#4860,0.002);
#3250=CIRCLE('',#4862,0.002);
#3251=CIRCLE('',#4863,0.002);
#3252=CIRCLE('',#4865,0.002);
#3253=CIRCLE('',#4866,0.002);
#3254=CIRCLE('',#4868,0.002);
#3255=CIRCLE('',#4869,0.002);
#3256=CIRCLE('',#4871,0.002);
#3257=CIRCLE('',#4872,0.002);
#3258=CIRCLE('',#4874,0.002);
#3259=CIRCLE('',#4875,0.002);
#3260=CIRCLE('',#4877,0.002);
#3261=CIRCLE('',#4878,0.002);
#3262=CIRCLE('',#4880,0.002);
#3263=CIRCLE('',#4881,0.002);
#3264=CIRCLE('',#4883,0.002);
#3265=CIRCLE('',#4884,0.002);
#3266=CIRCLE('',#4886,0.002);
#3267=CIRCLE('',#4887,0.002);
#3268=CIRCLE('',#4889,0.002);
#3269=CIRCLE('',#4890,0.002);
#3270=CIRCLE('',#4892,0.002);
#3271=CIRCLE('',#4893,0.002);
#3272=CIRCLE('',#4895,0.002);
#3273=CIRCLE('',#4896,0.002);
#3274=CIRCLE('',#4898,0.002);
#3275=CIRCLE('',#4900,0.002);
#3276=CIRCLE('',#4902,0.002);
#3277=CIRCLE('',#4904,0.002);
#3278=CIRCLE('',#4907,0.001);
#3279=CIRCLE('',#4908,0.001);
#3280=CIRCLE('',#4909,0.001);
#3281=CIRCLE('',#4911,0.001);
#3282=CIRCLE('',#4913,0.001);
#3283=CIRCLE('',#4915,0.001);
#3284=CIRCLE('',#4917,0.001);
#3285=CIRCLE('',#4919,0.001);
#3286=CIRCLE('',#4921,0.001);
#3287=CIRCLE('',#4923,0.001);
#3288=CIRCLE('',#4925,0.001);
#3289=CIRCLE('',#4927,0.001);
#3290=CIRCLE('',#4929,0.001);
#3291=CIRCLE('',#4931,0.001);
#3292=CIRCLE('',#4933,0.001);
#3293=CIRCLE('',#4935,0.001);
#3294=CIRCLE('',#4937,0.001);
#3295=CIRCLE('',#4939,0.001);
#3296=CIRCLE('',#4940,0.001);
#3297=CIRCLE('',#4941,0.001);
#3298=CIRCLE('',#4942,0.001);
#3299=CIRCLE('',#4943,0.001);
#3300=CIRCLE('',#4944,0.001);
#3301=CIRCLE('',#4946,0.001);
#3302=CIRCLE('',#4948,0.001);
#3303=CIRCLE('',#4950,0.001);
#3304=CIRCLE('',#4952,0.001);
#3305=CIRCLE('',#4954,0.001);
#3306=CIRCLE('',#4956,0.001);
#3307=CIRCLE('',#4958,0.001);
#3308=CIRCLE('',#4960,0.001);
#3309=CIRCLE('',#4962,0.001);
#3310=CIRCLE('',#4964,0.001);
#3311=CIRCLE('',#4966,0.001);
#3312=CIRCLE('',#4968,0.001);
#3313=CIRCLE('',#4970,0.001);
#3314=CIRCLE('',#4972,0.001);
#3315=CIRCLE('',#4974,0.001);
#3316=CIRCLE('',#4975,0.001);
#3317=CIRCLE('',#4976,0.001);
#3318=CIRCLE('',#5034,0.002);
#3319=CIRCLE('',#5036,0.002);
#3320=CIRCLE('',#5038,0.002);
#3321=CIRCLE('',#5040,0.002);
#3322=CIRCLE('',#5042,0.002);
#3323=CIRCLE('',#5044,0.002);
#3324=CIRCLE('',#5053,0.0754983443527076);
#3325=CIRCLE('',#5055,0.0075);
#3326=CIRCLE('',#5057,0.0754983443527076);
#3327=CIRCLE('',#5061,0.0754983443527076);
#3328=CIRCLE('',#5063,0.0075);
#3329=CIRCLE('',#5065,0.0754983443527076);
#3330=CIRCLE('',#5069,0.0754983443527076);
#3331=CIRCLE('',#5071,0.0075);
#3332=CIRCLE('',#5073,0.0754983443527076);
#3333=CIRCLE('',#5077,0.0754983443527076);
#3334=CIRCLE('',#5079,0.0075);
#3335=CIRCLE('',#5081,0.0754983443527076);
#3336=CIRCLE('',#5085,0.0754983443527077);
#3337=CIRCLE('',#5087,0.0075);
#3338=CIRCLE('',#5089,0.0754983443527076);
#3339=CIRCLE('',#5092,0.0017);
#3340=CIRCLE('',#5093,0.0017);
#3341=CIRCLE('',#5095,0.0017);
#3342=CIRCLE('',#5096,0.0017);
#3343=CIRCLE('',#5098,0.00325);
#3344=CIRCLE('',#5100,0.00325);
#3345=CIRCLE('',#5102,0.0017);
#3346=CIRCLE('',#5103,0.0017);
#3347=CIRCLE('',#5105,0.0017);
#3348=CIRCLE('',#5106,0.0017);
#3349=CIRCLE('',#5108,0.00325);
#3350=CIRCLE('',#5110,0.00325);
#3351=CIRCLE('',#5112,0.0017);
#3352=CIRCLE('',#5113,0.0017);
#3353=CIRCLE('',#5115,0.0017);
#3354=CIRCLE('',#5116,0.0017);
#3355=CIRCLE('',#5118,0.00325);
#3356=CIRCLE('',#5120,0.00325);
#3357=CIRCLE('',#5122,0.0017);
#3358=CIRCLE('',#5123,0.0017);
#3359=CIRCLE('',#5125,0.0017);
#3360=CIRCLE('',#5126,0.0017);
#3361=CIRCLE('',#5128,0.00325);
#3362=CIRCLE('',#5130,0.00325);
#3363=CIRCLE('',#5132,0.0017);
#3364=CIRCLE('',#5133,0.0017);
#3365=CIRCLE('',#5135,0.0017);
#3366=CIRCLE('',#5136,0.0017);
#3367=CIRCLE('',#5138,0.00325);
#3368=CIRCLE('',#5140,0.00325);
#3369=CIRCLE('',#5142,0.0555327385753172);
#3370=CIRCLE('',#5143,0.0555327385753172);
#3371=CIRCLE('',#5144,0.0555327385753172);
#3372=CIRCLE('',#5145,0.0555327385753172);
#3373=CIRCLE('',#5146,0.0555327385753172);
#3374=CIRCLE('',#5147,0.039);
#3375=CIRCLE('',#5151,0.0657566225007454);
#3376=CIRCLE('',#5152,0.0442461112250268);
#3377=CIRCLE('',#5153,0.0657566225007454);
#3378=CIRCLE('',#5157,0.0657566225007454);
#3379=CIRCLE('',#5158,0.0442461112250268);
#3380=CIRCLE('',#5159,0.0657566225007454);
#3381=CIRCLE('',#5163,0.0657566225007454);
#3382=CIRCLE('',#5164,0.0442461112250268);
#3383=CIRCLE('',#5165,0.0657566225007454);
#3384=CIRCLE('',#5169,0.0657566225007454);
#3385=CIRCLE('',#5170,0.0442461112250268);
#3386=CIRCLE('',#5171,0.0657566225007454);
#3387=CIRCLE('',#5175,0.0657566225007454);
#3388=CIRCLE('',#5176,0.0442461112250268);
#3389=CIRCLE('',#5177,0.0657566225007454);
#3390=CIRCLE('',#5179,0.01);
#3391=CIRCLE('',#5181,0.01);
#3392=CIRCLE('',#5182,0.01);
#3393=CIRCLE('',#5184,0.01);
#3394=CIRCLE('',#5185,0.01);
#3395=CIRCLE('',#5187,0.01);
#3396=CIRCLE('',#5188,0.01);
#3397=CIRCLE('',#5190,0.01);
#3398=CIRCLE('',#5191,0.01);
#3399=CIRCLE('',#5193,0.01);
#3400=CIRCLE('',#5194,0.01);
#3401=CIRCLE('',#5196,0.01);
#3402=CIRCLE('',#5197,0.01);
#3403=CIRCLE('',#5199,0.01);
#3404=CIRCLE('',#5200,0.01);
#3405=CIRCLE('',#5202,0.01);
#3406=CIRCLE('',#5203,0.01);
#3407=CIRCLE('',#5205,0.01);
#3408=CIRCLE('',#5206,0.01);
#3409=CIRCLE('',#5208,0.01);
#3410=CIRCLE('',#5209,0.01);
#3411=CIRCLE('',#5211,0.01);
#3412=CIRCLE('',#5212,0.01);
#3413=CIRCLE('',#5214,0.01);
#3414=CIRCLE('',#5215,0.01);
#3415=CIRCLE('',#5217,0.01);
#3416=CIRCLE('',#5218,0.01);
#3417=CIRCLE('',#5220,0.01);
#3418=CIRCLE('',#5221,0.01);
#3419=CIRCLE('',#5223,0.01);
#3420=CIRCLE('',#5225,0.0028);
#3421=CIRCLE('',#5227,0.0028);
#3422=CIRCLE('',#5229,0.0028);
#3423=CIRCLE('',#5231,0.0028);
#3424=CIRCLE('',#5233,0.0028);
#3425=EDGE_LOOP('',(#686));
#3426=EDGE_LOOP('',(#687));
#3427=EDGE_LOOP('',(#688));
#3428=EDGE_LOOP('',(#689));
#3429=EDGE_LOOP('',(#690,#691,#692,#693));
#3430=EDGE_LOOP('',(#694,#695,#696,#697));
#3431=EDGE_LOOP('',(#698,#699,#700,#701));
#3432=EDGE_LOOP('',(#702,#703,#704,#705));
#3433=EDGE_LOOP('',(#706,#707,#708,#709,#710,#711,#712,#713,#714,#715,#716,
#717,#718,#719,#720,#721,#722,#723,#724,#725,#726,#727,#728,#729,#730,#731,
#732,#733,#734,#735,#736,#737,#738,#739,#740,#741,#742,#743,#744,#745,#746,
#747,#748,#749,#750,#751,#752,#753,#754,#755,#756,#757,#758,#759,#760,#761));
#3434=EDGE_LOOP('',(#762));
#3435=EDGE_LOOP('',(#763));
#3436=EDGE_LOOP('',(#764));
#3437=EDGE_LOOP('',(#765));
#3438=EDGE_LOOP('',(#766));
#3439=EDGE_LOOP('',(#767));
#3440=EDGE_LOOP('',(#768,#769,#770,#771,#772,#773,#774,#775,#776,#777,#778,
#779));
#3441=EDGE_LOOP('',(#780));
#3442=EDGE_LOOP('',(#781));
#3443=EDGE_LOOP('',(#782));
#3444=EDGE_LOOP('',(#783));
#3445=EDGE_LOOP('',(#784));
#3446=EDGE_LOOP('',(#785));
#3447=EDGE_LOOP('',(#786));
#3448=EDGE_LOOP('',(#787));
#3449=EDGE_LOOP('',(#788));
#3450=EDGE_LOOP('',(#789));
#3451=EDGE_LOOP('',(#790));
#3452=EDGE_LOOP('',(#791));
#3453=EDGE_LOOP('',(#792));
#3454=EDGE_LOOP('',(#793));
#3455=EDGE_LOOP('',(#794));
#3456=EDGE_LOOP('',(#795));
#3457=EDGE_LOOP('',(#796));
#3458=EDGE_LOOP('',(#797));
#3459=EDGE_LOOP('',(#798));
#3460=EDGE_LOOP('',(#799));
#3461=EDGE_LOOP('',(#800));
#3462=EDGE_LOOP('',(#801));
#3463=EDGE_LOOP('',(#802));
#3464=EDGE_LOOP('',(#803,#804,#805,#806,#807,#808,#809,#810,#811,#812,#813,
#814,#815,#816,#817,#818,#819,#820,#821,#822,#823,#824,#825,#826,#827,#828,
#829,#830,#831,#832,#833,#834,#835,#836,#837,#838,#839,#840,#841,#842));
#3465=EDGE_LOOP('',(#843));
#3466=EDGE_LOOP('',(#844));
#3467=EDGE_LOOP('',(#845));
#3468=EDGE_LOOP('',(#846));
#3469=EDGE_LOOP('',(#847));
#3470=EDGE_LOOP('',(#848));
#3471=EDGE_LOOP('',(#849,#850,#851,#852));
#3472=EDGE_LOOP('',(#853));
#3473=EDGE_LOOP('',(#854,#855,#856,#857));
#3474=EDGE_LOOP('',(#858));
#3475=EDGE_LOOP('',(#859));
#3476=EDGE_LOOP('',(#860,#861,#862,#863));
#3477=EDGE_LOOP('',(#864));
#3478=EDGE_LOOP('',(#865,#866,#867,#868));
#3479=EDGE_LOOP('',(#869));
#3480=EDGE_LOOP('',(#870));
#3481=EDGE_LOOP('',(#871,#872,#873,#874));
#3482=EDGE_LOOP('',(#875));
#3483=EDGE_LOOP('',(#876,#877,#878,#879));
#3484=EDGE_LOOP('',(#880));
#3485=EDGE_LOOP('',(#881));
#3486=EDGE_LOOP('',(#882,#883,#884,#885));
#3487=EDGE_LOOP('',(#886));
#3488=EDGE_LOOP('',(#887,#888,#889,#890));
#3489=EDGE_LOOP('',(#891));
#3490=EDGE_LOOP('',(#892,#893,#894,#895,#896,#897,#898,#899,#900,#901,#902,
#903));
#3491=EDGE_LOOP('',(#904,#905,#906,#907));
#3492=EDGE_LOOP('',(#908,#909,#910,#911));
#3493=EDGE_LOOP('',(#912,#913,#914,#915));
#3494=EDGE_LOOP('',(#916,#917,#918,#919));
#3495=EDGE_LOOP('',(#920,#921,#922,#923));
#3496=EDGE_LOOP('',(#924,#925,#926,#927));
#3497=EDGE_LOOP('',(#928,#929,#930,#931));
#3498=EDGE_LOOP('',(#932,#933,#934,#935));
#3499=EDGE_LOOP('',(#936));
#3500=EDGE_LOOP('',(#937));
#3501=EDGE_LOOP('',(#938));
#3502=EDGE_LOOP('',(#939));
#3503=EDGE_LOOP('',(#940));
#3504=EDGE_LOOP('',(#941));
#3505=EDGE_LOOP('',(#942));
#3506=EDGE_LOOP('',(#943));
#3507=EDGE_LOOP('',(#944,#945,#946,#947));
#3508=EDGE_LOOP('',(#948,#949,#950,#951));
#3509=EDGE_LOOP('',(#952,#953,#954,#955));
#3510=EDGE_LOOP('',(#956,#957,#958,#959));
#3511=EDGE_LOOP('',(#960,#961,#962,#963,#964,#965,#966,#967,#968,#969,#970,
#971,#972,#973,#974,#975,#976,#977,#978,#979,#980,#981,#982,#983,#984,#985,
#986,#987,#988,#989,#990,#991));
#3512=EDGE_LOOP('',(#992));
#3513=EDGE_LOOP('',(#993));
#3514=EDGE_LOOP('',(#994,#995,#996,#997));
#3515=EDGE_LOOP('',(#998,#999,#1000,#1001));
#3516=EDGE_LOOP('',(#1002,#1003,#1004,#1005));
#3517=EDGE_LOOP('',(#1006,#1007,#1008,#1009));
#3518=EDGE_LOOP('',(#1010,#1011,#1012,#1013));
#3519=EDGE_LOOP('',(#1014,#1015,#1016,#1017));
#3520=EDGE_LOOP('',(#1018,#1019,#1020,#1021));
#3521=EDGE_LOOP('',(#1022,#1023,#1024,#1025));
#3522=EDGE_LOOP('',(#1026,#1027,#1028,#1029));
#3523=EDGE_LOOP('',(#1030,#1031,#1032,#1033));
#3524=EDGE_LOOP('',(#1034,#1035,#1036,#1037));
#3525=EDGE_LOOP('',(#1038,#1039,#1040,#1041));
#3526=EDGE_LOOP('',(#1042,#1043,#1044,#1045));
#3527=EDGE_LOOP('',(#1046,#1047,#1048,#1049));
#3528=EDGE_LOOP('',(#1050,#1051,#1052,#1053,#1054));
#3529=EDGE_LOOP('',(#1055,#1056,#1057,#1058,#1059));
#3530=EDGE_LOOP('',(#1060,#1061,#1062,#1063,#1064));
#3531=EDGE_LOOP('',(#1065,#1066,#1067,#1068,#1069));
#3532=EDGE_LOOP('',(#1070,#1071,#1072,#1073));
#3533=EDGE_LOOP('',(#1074,#1075,#1076,#1077));
#3534=EDGE_LOOP('',(#1078,#1079,#1080,#1081));
#3535=EDGE_LOOP('',(#1082,#1083,#1084,#1085));
#3536=EDGE_LOOP('',(#1086,#1087,#1088,#1089));
#3537=EDGE_LOOP('',(#1090,#1091,#1092,#1093));
#3538=EDGE_LOOP('',(#1094,#1095,#1096,#1097));
#3539=EDGE_LOOP('',(#1098,#1099,#1100,#1101));
#3540=EDGE_LOOP('',(#1102,#1103,#1104,#1105));
#3541=EDGE_LOOP('',(#1106,#1107,#1108,#1109));
#3542=EDGE_LOOP('',(#1110,#1111,#1112,#1113));
#3543=EDGE_LOOP('',(#1114,#1115,#1116,#1117));
#3544=EDGE_LOOP('',(#1118,#1119,#1120,#1121,#1122,#1123,#1124,#1125));
#3545=EDGE_LOOP('',(#1126,#1127,#1128,#1129,#1130,#1131,#1132,#1133));
#3546=EDGE_LOOP('',(#1134,#1135,#1136));
#3547=EDGE_LOOP('',(#1137,#1138,#1139,#1140));
#3548=EDGE_LOOP('',(#1141,#1142,#1143,#1144));
#3549=EDGE_LOOP('',(#1145,#1146,#1147,#1148));
#3550=EDGE_LOOP('',(#1149,#1150,#1151,#1152));
#3551=EDGE_LOOP('',(#1153,#1154,#1155,#1156));
#3552=EDGE_LOOP('',(#1157,#1158,#1159,#1160));
#3553=EDGE_LOOP('',(#1161,#1162,#1163,#1164));
#3554=EDGE_LOOP('',(#1165,#1166,#1167,#1168));
#3555=EDGE_LOOP('',(#1169,#1170,#1171,#1172));
#3556=EDGE_LOOP('',(#1173,#1174,#1175,#1176));
#3557=EDGE_LOOP('',(#1177,#1178,#1179,#1180));
#3558=EDGE_LOOP('',(#1181,#1182,#1183,#1184));
#3559=EDGE_LOOP('',(#1185,#1186,#1187,#1188));
#3560=EDGE_LOOP('',(#1189,#1190,#1191,#1192));
#3561=EDGE_LOOP('',(#1193,#1194,#1195,#1196));
#3562=EDGE_LOOP('',(#1197,#1198,#1199,#1200));
#3563=EDGE_LOOP('',(#1201,#1202,#1203,#1204));
#3564=EDGE_LOOP('',(#1205,#1206,#1207,#1208));
#3565=EDGE_LOOP('',(#1209,#1210,#1211,#1212));
#3566=EDGE_LOOP('',(#1213,#1214,#1215));
#3567=EDGE_LOOP('',(#1216,#1217,#1218));
#3568=EDGE_LOOP('',(#1219,#1220,#1221,#1222));
#3569=EDGE_LOOP('',(#1223,#1224,#1225,#1226));
#3570=EDGE_LOOP('',(#1227,#1228,#1229,#1230));
#3571=EDGE_LOOP('',(#1231,#1232,#1233,#1234));
#3572=EDGE_LOOP('',(#1235,#1236,#1237,#1238));
#3573=EDGE_LOOP('',(#1239,#1240,#1241,#1242));
#3574=EDGE_LOOP('',(#1243,#1244,#1245,#1246));
#3575=EDGE_LOOP('',(#1247,#1248,#1249,#1250));
#3576=EDGE_LOOP('',(#1251,#1252,#1253,#1254));
#3577=EDGE_LOOP('',(#1255,#1256,#1257,#1258));
#3578=EDGE_LOOP('',(#1259,#1260,#1261,#1262));
#3579=EDGE_LOOP('',(#1263,#1264,#1265,#1266));
#3580=EDGE_LOOP('',(#1267,#1268,#1269,#1270));
#3581=EDGE_LOOP('',(#1271,#1272,#1273,#1274));
#3582=EDGE_LOOP('',(#1275,#1276,#1277,#1278));
#3583=EDGE_LOOP('',(#1279,#1280,#1281,#1282));
#3584=EDGE_LOOP('',(#1283,#1284,#1285,#1286));
#3585=EDGE_LOOP('',(#1287,#1288,#1289,#1290));
#3586=EDGE_LOOP('',(#1291,#1292,#1293,#1294));
#3587=EDGE_LOOP('',(#1295,#1296,#1297));
#3588=EDGE_LOOP('',(#1298,#1299,#1300,#1301));
#3589=EDGE_LOOP('',(#1302,#1303,#1304,#1305));
#3590=EDGE_LOOP('',(#1306,#1307,#1308,#1309));
#3591=EDGE_LOOP('',(#1310,#1311,#1312,#1313));
#3592=EDGE_LOOP('',(#1314,#1315,#1316,#1317));
#3593=EDGE_LOOP('',(#1318,#1319,#1320,#1321));
#3594=EDGE_LOOP('',(#1322,#1323,#1324,#1325));
#3595=EDGE_LOOP('',(#1326,#1327,#1328,#1329));
#3596=EDGE_LOOP('',(#1330,#1331,#1332,#1333));
#3597=EDGE_LOOP('',(#1334,#1335,#1336,#1337));
#3598=EDGE_LOOP('',(#1338,#1339,#1340,#1341));
#3599=EDGE_LOOP('',(#1342,#1343,#1344,#1345));
#3600=EDGE_LOOP('',(#1346,#1347,#1348,#1349));
#3601=EDGE_LOOP('',(#1350,#1351,#1352,#1353));
#3602=EDGE_LOOP('',(#1354,#1355,#1356,#1357));
#3603=EDGE_LOOP('',(#1358,#1359,#1360,#1361));
#3604=EDGE_LOOP('',(#1362,#1363,#1364,#1365));
#3605=EDGE_LOOP('',(#1366,#1367,#1368,#1369));
#3606=EDGE_LOOP('',(#1370,#1371,#1372,#1373));
#3607=EDGE_LOOP('',(#1374,#1375,#1376,#1377));
#3608=EDGE_LOOP('',(#1378,#1379,#1380,#1381));
#3609=EDGE_LOOP('',(#1382,#1383,#1384,#1385));
#3610=EDGE_LOOP('',(#1386,#1387,#1388,#1389));
#3611=EDGE_LOOP('',(#1390,#1391,#1392,#1393));
#3612=EDGE_LOOP('',(#1394,#1395,#1396,#1397));
#3613=EDGE_LOOP('',(#1398,#1399,#1400,#1401));
#3614=EDGE_LOOP('',(#1402,#1403,#1404,#1405));
#3615=EDGE_LOOP('',(#1406,#1407,#1408,#1409));
#3616=EDGE_LOOP('',(#1410,#1411,#1412,#1413));
#3617=EDGE_LOOP('',(#1414,#1415,#1416,#1417));
#3618=EDGE_LOOP('',(#1418,#1419,#1420,#1421));
#3619=EDGE_LOOP('',(#1422,#1423,#1424,#1425));
#3620=EDGE_LOOP('',(#1426,#1427,#1428,#1429));
#3621=EDGE_LOOP('',(#1430,#1431,#1432,#1433));
#3622=EDGE_LOOP('',(#1434,#1435,#1436,#1437));
#3623=EDGE_LOOP('',(#1438,#1439,#1440,#1441));
#3624=EDGE_LOOP('',(#1442,#1443,#1444,#1445));
#3625=EDGE_LOOP('',(#1446,#1447,#1448,#1449));
#3626=EDGE_LOOP('',(#1450,#1451,#1452,#1453));
#3627=EDGE_LOOP('',(#1454,#1455,#1456,#1457));
#3628=EDGE_LOOP('',(#1458,#1459,#1460,#1461));
#3629=EDGE_LOOP('',(#1462,#1463,#1464,#1465));
#3630=EDGE_LOOP('',(#1466,#1467,#1468,#1469));
#3631=EDGE_LOOP('',(#1470,#1471,#1472,#1473));
#3632=EDGE_LOOP('',(#1474,#1475,#1476,#1477));
#3633=EDGE_LOOP('',(#1478,#1479,#1480,#1481));
#3634=EDGE_LOOP('',(#1482,#1483,#1484,#1485));
#3635=EDGE_LOOP('',(#1486,#1487,#1488,#1489));
#3636=EDGE_LOOP('',(#1490,#1491,#1492,#1493));
#3637=EDGE_LOOP('',(#1494,#1495,#1496,#1497));
#3638=EDGE_LOOP('',(#1498,#1499,#1500,#1501));
#3639=EDGE_LOOP('',(#1502,#1503,#1504,#1505));
#3640=EDGE_LOOP('',(#1506,#1507,#1508,#1509));
#3641=EDGE_LOOP('',(#1510,#1511,#1512,#1513));
#3642=EDGE_LOOP('',(#1514,#1515,#1516,#1517));
#3643=EDGE_LOOP('',(#1518,#1519,#1520,#1521));
#3644=EDGE_LOOP('',(#1522));
#3645=EDGE_LOOP('',(#1523));
#3646=EDGE_LOOP('',(#1524));
#3647=EDGE_LOOP('',(#1525));
#3648=EDGE_LOOP('',(#1526));
#3649=EDGE_LOOP('',(#1527));
#3650=EDGE_LOOP('',(#1528));
#3651=EDGE_LOOP('',(#1529));
#3652=EDGE_LOOP('',(#1530));
#3653=EDGE_LOOP('',(#1531));
#3654=EDGE_LOOP('',(#1532));
#3655=EDGE_LOOP('',(#1533));
#3656=EDGE_LOOP('',(#1534));
#3657=EDGE_LOOP('',(#1535));
#3658=EDGE_LOOP('',(#1536));
#3659=EDGE_LOOP('',(#1537));
#3660=EDGE_LOOP('',(#1538));
#3661=EDGE_LOOP('',(#1539));
#3662=EDGE_LOOP('',(#1540,#1541,#1542));
#3663=EDGE_LOOP('',(#1543,#1544,#1545,#1546));
#3664=EDGE_LOOP('',(#1547,#1548,#1549,#1550,#1551,#1552));
#3665=EDGE_LOOP('',(#1553,#1554,#1555,#1556));
#3666=EDGE_LOOP('',(#1557,#1558,#1559));
#3667=EDGE_LOOP('',(#1560,#1561,#1562));
#3668=EDGE_LOOP('',(#1563,#1564,#1565,#1566));
#3669=EDGE_LOOP('',(#1567,#1568,#1569,#1570,#1571,#1572));
#3670=EDGE_LOOP('',(#1573,#1574,#1575,#1576));
#3671=EDGE_LOOP('',(#1577,#1578,#1579));
#3672=EDGE_LOOP('',(#1580,#1581,#1582));
#3673=EDGE_LOOP('',(#1583,#1584,#1585,#1586));
#3674=EDGE_LOOP('',(#1587,#1588,#1589,#1590,#1591,#1592));
#3675=EDGE_LOOP('',(#1593,#1594,#1595,#1596));
#3676=EDGE_LOOP('',(#1597,#1598,#1599));
#3677=EDGE_LOOP('',(#1600,#1601,#1602));
#3678=EDGE_LOOP('',(#1603,#1604,#1605,#1606));
#3679=EDGE_LOOP('',(#1607,#1608,#1609,#1610,#1611,#1612));
#3680=EDGE_LOOP('',(#1613,#1614,#1615,#1616));
#3681=EDGE_LOOP('',(#1617,#1618,#1619));
#3682=EDGE_LOOP('',(#1620,#1621,#1622));
#3683=EDGE_LOOP('',(#1623,#1624,#1625,#1626));
#3684=EDGE_LOOP('',(#1627,#1628,#1629,#1630,#1631,#1632));
#3685=EDGE_LOOP('',(#1633,#1634,#1635,#1636));
#3686=EDGE_LOOP('',(#1637,#1638,#1639));
#3687=EDGE_LOOP('',(#1640));
#3688=EDGE_LOOP('',(#1641));
#3689=EDGE_LOOP('',(#1642));
#3690=EDGE_LOOP('',(#1643));
#3691=EDGE_LOOP('',(#1644));
#3692=EDGE_LOOP('',(#1645));
#3693=EDGE_LOOP('',(#1646));
#3694=EDGE_LOOP('',(#1647));
#3695=EDGE_LOOP('',(#1648));
#3696=EDGE_LOOP('',(#1649));
#3697=EDGE_LOOP('',(#1650));
#3698=EDGE_LOOP('',(#1651));
#3699=EDGE_LOOP('',(#1652));
#3700=EDGE_LOOP('',(#1653));
#3701=EDGE_LOOP('',(#1654));
#3702=EDGE_LOOP('',(#1655));
#3703=EDGE_LOOP('',(#1656));
#3704=EDGE_LOOP('',(#1657));
#3705=EDGE_LOOP('',(#1658));
#3706=EDGE_LOOP('',(#1659));
#3707=EDGE_LOOP('',(#1660));
#3708=EDGE_LOOP('',(#1661));
#3709=EDGE_LOOP('',(#1662));
#3710=EDGE_LOOP('',(#1663));
#3711=EDGE_LOOP('',(#1664));
#3712=EDGE_LOOP('',(#1665));
#3713=EDGE_LOOP('',(#1666));
#3714=EDGE_LOOP('',(#1667));
#3715=EDGE_LOOP('',(#1668));
#3716=EDGE_LOOP('',(#1669));
#3717=EDGE_LOOP('',(#1670));
#3718=EDGE_LOOP('',(#1671));
#3719=EDGE_LOOP('',(#1672));
#3720=EDGE_LOOP('',(#1673));
#3721=EDGE_LOOP('',(#1674));
#3722=EDGE_LOOP('',(#1675));
#3723=EDGE_LOOP('',(#1676));
#3724=EDGE_LOOP('',(#1677));
#3725=EDGE_LOOP('',(#1678));
#3726=EDGE_LOOP('',(#1679));
#3727=EDGE_LOOP('',(#1680,#1681,#1682,#1683,#1684,#1685,#1686,#1687,#1688,
#1689,#1690,#1691,#1692,#1693,#1694,#1695,#1696,#1697,#1698,#1699));
#3728=EDGE_LOOP('',(#1700));
#3729=EDGE_LOOP('',(#1701));
#3730=EDGE_LOOP('',(#1702));
#3731=EDGE_LOOP('',(#1703));
#3732=EDGE_LOOP('',(#1704));
#3733=EDGE_LOOP('',(#1705));
#3734=EDGE_LOOP('',(#1706));
#3735=EDGE_LOOP('',(#1707));
#3736=EDGE_LOOP('',(#1708));
#3737=EDGE_LOOP('',(#1709));
#3738=EDGE_LOOP('',(#1710));
#3739=EDGE_LOOP('',(#1711,#1712,#1713));
#3740=EDGE_LOOP('',(#1714));
#3741=EDGE_LOOP('',(#1715,#1716,#1717));
#3742=EDGE_LOOP('',(#1718));
#3743=EDGE_LOOP('',(#1719,#1720,#1721,#1722,#1723,#1724,#1725,#1726,#1727,
#1728));
#3744=EDGE_LOOP('',(#1729,#1730,#1731));
#3745=EDGE_LOOP('',(#1732));
#3746=EDGE_LOOP('',(#1733,#1734,#1735));
#3747=EDGE_LOOP('',(#1736));
#3748=EDGE_LOOP('',(#1737,#1738,#1739,#1740,#1741,#1742,#1743,#1744,#1745,
#1746));
#3749=EDGE_LOOP('',(#1747,#1748,#1749));
#3750=EDGE_LOOP('',(#1750));
#3751=EDGE_LOOP('',(#1751,#1752,#1753));
#3752=EDGE_LOOP('',(#1754));
#3753=EDGE_LOOP('',(#1755,#1756,#1757,#1758,#1759,#1760,#1761,#1762,#1763,
#1764));
#3754=EDGE_LOOP('',(#1765,#1766,#1767));
#3755=EDGE_LOOP('',(#1768));
#3756=EDGE_LOOP('',(#1769,#1770,#1771));
#3757=EDGE_LOOP('',(#1772));
#3758=EDGE_LOOP('',(#1773,#1774,#1775,#1776,#1777,#1778,#1779,#1780,#1781,
#1782));
#3759=EDGE_LOOP('',(#1783,#1784,#1785));
#3760=EDGE_LOOP('',(#1786));
#3761=EDGE_LOOP('',(#1787,#1788,#1789));
#3762=EDGE_LOOP('',(#1790));
#3763=EDGE_LOOP('',(#1791,#1792,#1793,#1794,#1795,#1796,#1797,#1798,#1799,
#1800));
#3764=EDGE_LOOP('',(#1801));
#3765=EDGE_LOOP('',(#1802));
#3766=EDGE_LOOP('',(#1803,#1804,#1805,#1806));
#3767=EDGE_LOOP('',(#1807,#1808,#1809,#1810,#1811));
#3768=EDGE_LOOP('',(#1812,#1813,#1814,#1815,#1816,#1817));
#3769=EDGE_LOOP('',(#1818,#1819,#1820,#1821));
#3770=EDGE_LOOP('',(#1822,#1823,#1824,#1825,#1826,#1827));
#3771=EDGE_LOOP('',(#1828,#1829,#1830,#1831,#1832));
#3772=EDGE_LOOP('',(#1833,#1834,#1835,#1836));
#3773=EDGE_LOOP('',(#1837,#1838,#1839,#1840));
#3774=EDGE_LOOP('',(#1841,#1842,#1843,#1844,#1845));
#3775=EDGE_LOOP('',(#1846,#1847,#1848,#1849,#1850,#1851));
#3776=EDGE_LOOP('',(#1852,#1853,#1854,#1855));
#3777=EDGE_LOOP('',(#1856,#1857,#1858,#1859,#1860,#1861));
#3778=EDGE_LOOP('',(#1862,#1863,#1864,#1865,#1866));
#3779=EDGE_LOOP('',(#1867,#1868,#1869,#1870));
#3780=EDGE_LOOP('',(#1871,#1872,#1873,#1874));
#3781=EDGE_LOOP('',(#1875,#1876,#1877,#1878,#1879));
#3782=EDGE_LOOP('',(#1880,#1881,#1882,#1883,#1884,#1885));
#3783=EDGE_LOOP('',(#1886,#1887,#1888,#1889));
#3784=EDGE_LOOP('',(#1890,#1891,#1892,#1893,#1894,#1895));
#3785=EDGE_LOOP('',(#1896,#1897,#1898,#1899,#1900));
#3786=EDGE_LOOP('',(#1901,#1902,#1903,#1904));
#3787=EDGE_LOOP('',(#1905,#1906,#1907,#1908));
#3788=EDGE_LOOP('',(#1909,#1910,#1911,#1912,#1913));
#3789=EDGE_LOOP('',(#1914,#1915,#1916,#1917,#1918,#1919));
#3790=EDGE_LOOP('',(#1920,#1921,#1922,#1923));
#3791=EDGE_LOOP('',(#1924,#1925,#1926,#1927,#1928,#1929));
#3792=EDGE_LOOP('',(#1930,#1931,#1932,#1933,#1934));
#3793=EDGE_LOOP('',(#1935,#1936,#1937,#1938));
#3794=EDGE_LOOP('',(#1939,#1940,#1941,#1942));
#3795=EDGE_LOOP('',(#1943,#1944,#1945,#1946,#1947));
#3796=EDGE_LOOP('',(#1948,#1949,#1950,#1951,#1952,#1953));
#3797=EDGE_LOOP('',(#1954,#1955,#1956,#1957));
#3798=EDGE_LOOP('',(#1958,#1959,#1960,#1961,#1962,#1963));
#3799=EDGE_LOOP('',(#1964,#1965,#1966,#1967,#1968));
#3800=EDGE_LOOP('',(#1969,#1970,#1971,#1972));
#3801=EDGE_LOOP('',(#1973));
#3802=EDGE_LOOP('',(#1974));
#3803=EDGE_LOOP('',(#1975));
#3804=EDGE_LOOP('',(#1976));
#3805=EDGE_LOOP('',(#1977));
#3806=EDGE_LOOP('',(#1978));
#3807=EDGE_LOOP('',(#1979));
#3808=EDGE_LOOP('',(#1980));
#3809=EDGE_LOOP('',(#1981));
#3810=EDGE_LOOP('',(#1982));
#3811=EDGE_LOOP('',(#1983));
#3812=EDGE_LOOP('',(#1984));
#3813=EDGE_LOOP('',(#1985));
#3814=EDGE_LOOP('',(#1986));
#3815=EDGE_LOOP('',(#1987));
#3816=FACE_BOUND('',#3425,.T.);
#3817=FACE_BOUND('',#3426,.T.);
#3818=FACE_BOUND('',#3427,.T.);
#3819=FACE_BOUND('',#3428,.T.);
#3820=FACE_BOUND('',#3429,.T.);
#3821=FACE_BOUND('',#3430,.T.);
#3822=FACE_BOUND('',#3431,.T.);
#3823=FACE_BOUND('',#3432,.T.);
#3824=FACE_BOUND('',#3433,.T.);
#3825=FACE_BOUND('',#3434,.T.);
#3826=FACE_BOUND('',#3435,.T.);
#3827=FACE_BOUND('',#3436,.T.);
#3828=FACE_BOUND('',#3437,.T.);
#3829=FACE_BOUND('',#3438,.T.);
#3830=FACE_BOUND('',#3439,.T.);
#3831=FACE_BOUND('',#3440,.T.);
#3832=FACE_BOUND('',#3441,.T.);
#3833=FACE_BOUND('',#3442,.T.);
#3834=FACE_BOUND('',#3443,.T.);
#3835=FACE_BOUND('',#3444,.T.);
#3836=FACE_BOUND('',#3445,.T.);
#3837=FACE_BOUND('',#3446,.T.);
#3838=FACE_BOUND('',#3447,.T.);
#3839=FACE_BOUND('',#3448,.T.);
#3840=FACE_BOUND('',#3449,.T.);
#3841=FACE_BOUND('',#3450,.T.);
#3842=FACE_BOUND('',#3451,.T.);
#3843=FACE_BOUND('',#3452,.T.);
#3844=FACE_BOUND('',#3453,.T.);
#3845=FACE_BOUND('',#3454,.T.);
#3846=FACE_BOUND('',#3455,.T.);
#3847=FACE_BOUND('',#3456,.T.);
#3848=FACE_BOUND('',#3457,.T.);
#3849=FACE_BOUND('',#3458,.T.);
#3850=FACE_BOUND('',#3459,.T.);
#3851=FACE_BOUND('',#3460,.T.);
#3852=FACE_BOUND('',#3461,.T.);
#3853=FACE_BOUND('',#3462,.T.);
#3854=FACE_BOUND('',#3463,.T.);
#3855=FACE_BOUND('',#3464,.T.);
#3856=FACE_BOUND('',#3465,.T.);
#3857=FACE_BOUND('',#3466,.T.);
#3858=FACE_BOUND('',#3467,.T.);
#3859=FACE_BOUND('',#3468,.T.);
#3860=FACE_BOUND('',#3469,.T.);
#3861=FACE_BOUND('',#3470,.T.);
#3862=FACE_BOUND('',#3471,.T.);
#3863=FACE_BOUND('',#3472,.T.);
#3864=FACE_BOUND('',#3473,.T.);
#3865=FACE_BOUND('',#3474,.T.);
#3866=FACE_BOUND('',#3475,.T.);
#3867=FACE_BOUND('',#3476,.T.);
#3868=FACE_BOUND('',#3477,.T.);
#3869=FACE_BOUND('',#3478,.T.);
#3870=FACE_BOUND('',#3479,.T.);
#3871=FACE_BOUND('',#3480,.T.);
#3872=FACE_BOUND('',#3481,.T.);
#3873=FACE_BOUND('',#3482,.T.);
#3874=FACE_BOUND('',#3483,.T.);
#3875=FACE_BOUND('',#3484,.T.);
#3876=FACE_BOUND('',#3485,.T.);
#3877=FACE_BOUND('',#3486,.T.);
#3878=FACE_BOUND('',#3487,.T.);
#3879=FACE_BOUND('',#3488,.T.);
#3880=FACE_BOUND('',#3489,.T.);
#3881=FACE_BOUND('',#3490,.T.);
#3882=FACE_BOUND('',#3491,.T.);
#3883=FACE_BOUND('',#3492,.T.);
#3884=FACE_BOUND('',#3493,.T.);
#3885=FACE_BOUND('',#3494,.T.);
#3886=FACE_BOUND('',#3495,.T.);
#3887=FACE_BOUND('',#3496,.T.);
#3888=FACE_BOUND('',#3497,.T.);
#3889=FACE_BOUND('',#3498,.T.);
#3890=FACE_BOUND('',#3499,.T.);
#3891=FACE_BOUND('',#3500,.T.);
#3892=FACE_BOUND('',#3501,.T.);
#3893=FACE_BOUND('',#3502,.T.);
#3894=FACE_BOUND('',#3503,.T.);
#3895=FACE_BOUND('',#3504,.T.);
#3896=FACE_BOUND('',#3505,.T.);
#3897=FACE_BOUND('',#3506,.T.);
#3898=FACE_BOUND('',#3507,.T.);
#3899=FACE_BOUND('',#3508,.T.);
#3900=FACE_BOUND('',#3509,.T.);
#3901=FACE_BOUND('',#3510,.T.);
#3902=FACE_BOUND('',#3511,.T.);
#3903=FACE_BOUND('',#3512,.T.);
#3904=FACE_BOUND('',#3513,.T.);
#3905=FACE_BOUND('',#3514,.T.);
#3906=FACE_BOUND('',#3515,.T.);
#3907=FACE_BOUND('',#3516,.T.);
#3908=FACE_BOUND('',#3517,.T.);
#3909=FACE_BOUND('',#3518,.T.);
#3910=FACE_BOUND('',#3519,.T.);
#3911=FACE_BOUND('',#3520,.T.);
#3912=FACE_BOUND('',#3521,.T.);
#3913=FACE_BOUND('',#3522,.T.);
#3914=FACE_BOUND('',#3523,.T.);
#3915=FACE_BOUND('',#3524,.T.);
#3916=FACE_BOUND('',#3525,.T.);
#3917=FACE_BOUND('',#3526,.T.);
#3918=FACE_BOUND('',#3527,.T.);
#3919=FACE_BOUND('',#3528,.T.);
#3920=FACE_BOUND('',#3529,.T.);
#3921=FACE_BOUND('',#3530,.T.);
#3922=FACE_BOUND('',#3531,.T.);
#3923=FACE_BOUND('',#3532,.T.);
#3924=FACE_BOUND('',#3533,.T.);
#3925=FACE_BOUND('',#3534,.T.);
#3926=FACE_BOUND('',#3535,.T.);
#3927=FACE_BOUND('',#3536,.T.);
#3928=FACE_BOUND('',#3537,.T.);
#3929=FACE_BOUND('',#3538,.T.);
#3930=FACE_BOUND('',#3539,.T.);
#3931=FACE_BOUND('',#3540,.T.);
#3932=FACE_BOUND('',#3541,.T.);
#3933=FACE_BOUND('',#3542,.T.);
#3934=FACE_BOUND('',#3543,.T.);
#3935=FACE_BOUND('',#3544,.T.);
#3936=FACE_BOUND('',#3545,.T.);
#3937=FACE_BOUND('',#3546,.T.);
#3938=FACE_BOUND('',#3547,.T.);
#3939=FACE_BOUND('',#3548,.T.);
#3940=FACE_BOUND('',#3549,.T.);
#3941=FACE_BOUND('',#3550,.T.);
#3942=FACE_BOUND('',#3551,.T.);
#3943=FACE_BOUND('',#3552,.T.);
#3944=FACE_BOUND('',#3553,.T.);
#3945=FACE_BOUND('',#3554,.T.);
#3946=FACE_BOUND('',#3555,.T.);
#3947=FACE_BOUND('',#3556,.T.);
#3948=FACE_BOUND('',#3557,.T.);
#3949=FACE_BOUND('',#3558,.T.);
#3950=FACE_BOUND('',#3559,.T.);
#3951=FACE_BOUND('',#3560,.T.);
#3952=FACE_BOUND('',#3561,.T.);
#3953=FACE_BOUND('',#3562,.T.);
#3954=FACE_BOUND('',#3563,.T.);
#3955=FACE_BOUND('',#3564,.T.);
#3956=FACE_BOUND('',#3565,.T.);
#3957=FACE_BOUND('',#3566,.T.);
#3958=FACE_BOUND('',#3567,.T.);
#3959=FACE_BOUND('',#3568,.T.);
#3960=FACE_BOUND('',#3569,.T.);
#3961=FACE_BOUND('',#3570,.T.);
#3962=FACE_BOUND('',#3571,.T.);
#3963=FACE_BOUND('',#3572,.T.);
#3964=FACE_BOUND('',#3573,.T.);
#3965=FACE_BOUND('',#3574,.T.);
#3966=FACE_BOUND('',#3575,.T.);
#3967=FACE_BOUND('',#3576,.T.);
#3968=FACE_BOUND('',#3577,.T.);
#3969=FACE_BOUND('',#3578,.T.);
#3970=FACE_BOUND('',#3579,.T.);
#3971=FACE_BOUND('',#3580,.T.);
#3972=FACE_BOUND('',#3581,.T.);
#3973=FACE_BOUND('',#3582,.T.);
#3974=FACE_BOUND('',#3583,.T.);
#3975=FACE_BOUND('',#3584,.T.);
#3976=FACE_BOUND('',#3585,.T.);
#3977=FACE_BOUND('',#3586,.T.);
#3978=FACE_BOUND('',#3587,.T.);
#3979=FACE_BOUND('',#3588,.T.);
#3980=FACE_BOUND('',#3589,.T.);
#3981=FACE_BOUND('',#3590,.T.);
#3982=FACE_BOUND('',#3591,.T.);
#3983=FACE_BOUND('',#3592,.T.);
#3984=FACE_BOUND('',#3593,.T.);
#3985=FACE_BOUND('',#3594,.T.);
#3986=FACE_BOUND('',#3595,.T.);
#3987=FACE_BOUND('',#3596,.T.);
#3988=FACE_BOUND('',#3597,.T.);
#3989=FACE_BOUND('',#3598,.T.);
#3990=FACE_BOUND('',#3599,.T.);
#3991=FACE_BOUND('',#3600,.T.);
#3992=FACE_BOUND('',#3601,.T.);
#3993=FACE_BOUND('',#3602,.T.);
#3994=FACE_BOUND('',#3603,.T.);
#3995=FACE_BOUND('',#3604,.T.);
#3996=FACE_BOUND('',#3605,.T.);
#3997=FACE_BOUND('',#3606,.T.);
#3998=FACE_BOUND('',#3607,.T.);
#3999=FACE_BOUND('',#3608,.T.);
#4000=FACE_BOUND('',#3609,.T.);
#4001=FACE_BOUND('',#3610,.T.);
#4002=FACE_BOUND('',#3611,.T.);
#4003=FACE_BOUND('',#3612,.T.);
#4004=FACE_BOUND('',#3613,.T.);
#4005=FACE_BOUND('',#3614,.T.);
#4006=FACE_BOUND('',#3615,.T.);
#4007=FACE_BOUND('',#3616,.T.);
#4008=FACE_BOUND('',#3617,.T.);
#4009=FACE_BOUND('',#3618,.T.);
#4010=FACE_BOUND('',#3619,.T.);
#4011=FACE_BOUND('',#3620,.T.);
#4012=FACE_BOUND('',#3621,.T.);
#4013=FACE_BOUND('',#3622,.T.);
#4014=FACE_BOUND('',#3623,.T.);
#4015=FACE_BOUND('',#3624,.T.);
#4016=FACE_BOUND('',#3625,.T.);
#4017=FACE_BOUND('',#3626,.T.);
#4018=FACE_BOUND('',#3627,.T.);
#4019=FACE_BOUND('',#3628,.T.);
#4020=FACE_BOUND('',#3629,.T.);
#4021=FACE_BOUND('',#3630,.T.);
#4022=FACE_BOUND('',#3631,.T.);
#4023=FACE_BOUND('',#3632,.T.);
#4024=FACE_BOUND('',#3633,.T.);
#4025=FACE_BOUND('',#3634,.T.);
#4026=FACE_BOUND('',#3635,.T.);
#4027=FACE_BOUND('',#3636,.T.);
#4028=FACE_BOUND('',#3637,.T.);
#4029=FACE_BOUND('',#3638,.T.);
#4030=FACE_BOUND('',#3639,.T.);
#4031=FACE_BOUND('',#3640,.T.);
#4032=FACE_BOUND('',#3641,.T.);
#4033=FACE_BOUND('',#3642,.T.);
#4034=FACE_BOUND('',#3643,.T.);
#4035=FACE_BOUND('',#3644,.T.);
#4036=FACE_BOUND('',#3645,.T.);
#4037=FACE_BOUND('',#3646,.T.);
#4038=FACE_BOUND('',#3647,.T.);
#4039=FACE_BOUND('',#3648,.T.);
#4040=FACE_BOUND('',#3649,.T.);
#4041=FACE_BOUND('',#3650,.T.);
#4042=FACE_BOUND('',#3651,.T.);
#4043=FACE_BOUND('',#3652,.T.);
#4044=FACE_BOUND('',#3653,.T.);
#4045=FACE_BOUND('',#3654,.T.);
#4046=FACE_BOUND('',#3655,.T.);
#4047=FACE_BOUND('',#3656,.T.);
#4048=FACE_BOUND('',#17,.T.);
#4049=FACE_BOUND('',#3657,.T.);
#4050=FACE_BOUND('',#18,.T.);
#4051=FACE_BOUND('',#3658,.T.);
#4052=FACE_BOUND('',#19,.T.);
#4053=FACE_BOUND('',#3659,.T.);
#4054=FACE_BOUND('',#20,.T.);
#4055=FACE_BOUND('',#3660,.T.);
#4056=FACE_BOUND('',#21,.T.);
#4057=FACE_BOUND('',#3661,.T.);
#4058=FACE_BOUND('',#22,.T.);
#4059=FACE_BOUND('',#3662,.T.);
#4060=FACE_BOUND('',#3663,.T.);
#4061=FACE_BOUND('',#3664,.T.);
#4062=FACE_BOUND('',#3665,.T.);
#4063=FACE_BOUND('',#3666,.T.);
#4064=FACE_BOUND('',#3667,.T.);
#4065=FACE_BOUND('',#3668,.T.);
#4066=FACE_BOUND('',#3669,.T.);
#4067=FACE_BOUND('',#3670,.T.);
#4068=FACE_BOUND('',#3671,.T.);
#4069=FACE_BOUND('',#3672,.T.);
#4070=FACE_BOUND('',#3673,.T.);
#4071=FACE_BOUND('',#3674,.T.);
#4072=FACE_BOUND('',#3675,.T.);
#4073=FACE_BOUND('',#3676,.T.);
#4074=FACE_BOUND('',#3677,.T.);
#4075=FACE_BOUND('',#3678,.T.);
#4076=FACE_BOUND('',#3679,.T.);
#4077=FACE_BOUND('',#3680,.T.);
#4078=FACE_BOUND('',#3681,.T.);
#4079=FACE_BOUND('',#3682,.T.);
#4080=FACE_BOUND('',#3683,.T.);
#4081=FACE_BOUND('',#3684,.T.);
#4082=FACE_BOUND('',#3685,.T.);
#4083=FACE_BOUND('',#3686,.T.);
#4084=FACE_BOUND('',#3687,.T.);
#4085=FACE_BOUND('',#3688,.T.);
#4086=FACE_BOUND('',#3689,.T.);
#4087=FACE_BOUND('',#3690,.T.);
#4088=FACE_BOUND('',#3691,.T.);
#4089=FACE_BOUND('',#3692,.T.);
#4090=FACE_BOUND('',#3693,.T.);
#4091=FACE_BOUND('',#3694,.T.);
#4092=FACE_BOUND('',#3695,.T.);
#4093=FACE_BOUND('',#3696,.T.);
#4094=FACE_BOUND('',#3697,.T.);
#4095=FACE_BOUND('',#3698,.T.);
#4096=FACE_BOUND('',#3699,.T.);
#4097=FACE_BOUND('',#3700,.T.);
#4098=FACE_BOUND('',#3701,.T.);
#4099=FACE_BOUND('',#3702,.T.);
#4100=FACE_BOUND('',#3703,.T.);
#4101=FACE_BOUND('',#3704,.T.);
#4102=FACE_BOUND('',#3705,.T.);
#4103=FACE_BOUND('',#3706,.T.);
#4104=FACE_BOUND('',#3707,.T.);
#4105=FACE_BOUND('',#3708,.T.);
#4106=FACE_BOUND('',#3709,.T.);
#4107=FACE_BOUND('',#3710,.T.);
#4108=FACE_BOUND('',#3711,.T.);
#4109=FACE_BOUND('',#3712,.T.);
#4110=FACE_BOUND('',#3713,.T.);
#4111=FACE_BOUND('',#3714,.T.);
#4112=FACE_BOUND('',#3715,.T.);
#4113=FACE_BOUND('',#3716,.T.);
#4114=FACE_BOUND('',#3717,.T.);
#4115=FACE_BOUND('',#3718,.T.);
#4116=FACE_BOUND('',#3719,.T.);
#4117=FACE_BOUND('',#3720,.T.);
#4118=FACE_BOUND('',#3721,.T.);
#4119=FACE_BOUND('',#3722,.T.);
#4120=FACE_BOUND('',#3723,.T.);
#4121=FACE_BOUND('',#3724,.T.);
#4122=FACE_BOUND('',#3725,.T.);
#4123=FACE_BOUND('',#3726,.T.);
#4124=FACE_BOUND('',#3727,.T.);
#4125=FACE_BOUND('',#3728,.T.);
#4126=FACE_BOUND('',#3729,.T.);
#4127=FACE_BOUND('',#3730,.T.);
#4128=FACE_BOUND('',#3731,.T.);
#4129=FACE_BOUND('',#3732,.T.);
#4130=FACE_BOUND('',#3733,.T.);
#4131=FACE_BOUND('',#3734,.T.);
#4132=FACE_BOUND('',#3735,.T.);
#4133=FACE_BOUND('',#3736,.T.);
#4134=FACE_BOUND('',#3737,.T.);
#4135=FACE_BOUND('',#3738,.T.);
#4136=FACE_BOUND('',#3739,.T.);
#4137=FACE_BOUND('',#3740,.T.);
#4138=FACE_BOUND('',#3741,.T.);
#4139=FACE_BOUND('',#3742,.T.);
#4140=FACE_BOUND('',#3743,.T.);
#4141=FACE_BOUND('',#3744,.T.);
#4142=FACE_BOUND('',#3745,.T.);
#4143=FACE_BOUND('',#3746,.T.);
#4144=FACE_BOUND('',#3747,.T.);
#4145=FACE_BOUND('',#3748,.T.);
#4146=FACE_BOUND('',#3749,.T.);
#4147=FACE_BOUND('',#3750,.T.);
#4148=FACE_BOUND('',#3751,.T.);
#4149=FACE_BOUND('',#3752,.T.);
#4150=FACE_BOUND('',#3753,.T.);
#4151=FACE_BOUND('',#3754,.T.);
#4152=FACE_BOUND('',#3755,.T.);
#4153=FACE_BOUND('',#3756,.T.);
#4154=FACE_BOUND('',#3757,.T.);
#4155=FACE_BOUND('',#3758,.T.);
#4156=FACE_BOUND('',#3759,.T.);
#4157=FACE_BOUND('',#3760,.T.);
#4158=FACE_BOUND('',#3761,.T.);
#4159=FACE_BOUND('',#3762,.T.);
#4160=FACE_BOUND('',#3763,.T.);
#4161=FACE_BOUND('',#3764,.T.);
#4162=FACE_BOUND('',#3765,.T.);
#4163=FACE_BOUND('',#3766,.T.);
#4164=FACE_BOUND('',#3767,.T.);
#4165=FACE_BOUND('',#3768,.T.);
#4166=FACE_BOUND('',#3769,.T.);
#4167=FACE_BOUND('',#3770,.T.);
#4168=FACE_BOUND('',#3771,.T.);
#4169=FACE_BOUND('',#3772,.T.);
#4170=FACE_BOUND('',#3773,.T.);
#4171=FACE_BOUND('',#3774,.T.);
#4172=FACE_BOUND('',#3775,.T.);
#4173=FACE_BOUND('',#3776,.T.);
#4174=FACE_BOUND('',#3777,.T.);
#4175=FACE_BOUND('',#3778,.T.);
#4176=FACE_BOUND('',#3779,.T.);
#4177=FACE_BOUND('',#3780,.T.);
#4178=FACE_BOUND('',#3781,.T.);
#4179=FACE_BOUND('',#3782,.T.);
#4180=FACE_BOUND('',#3783,.T.);
#4181=FACE_BOUND('',#3784,.T.);
#4182=FACE_BOUND('',#3785,.T.);
#4183=FACE_BOUND('',#3786,.T.);
#4184=FACE_BOUND('',#3787,.T.);
#4185=FACE_BOUND('',#3788,.T.);
#4186=FACE_BOUND('',#3789,.T.);
#4187=FACE_BOUND('',#3790,.T.);
#4188=FACE_BOUND('',#3791,.T.);
#4189=FACE_BOUND('',#3792,.T.);
#4190=FACE_BOUND('',#3793,.T.);
#4191=FACE_BOUND('',#3794,.T.);
#4192=FACE_BOUND('',#3795,.T.);
#4193=FACE_BOUND('',#3796,.T.);
#4194=FACE_BOUND('',#3797,.T.);
#4195=FACE_BOUND('',#3798,.T.);
#4196=FACE_BOUND('',#3799,.T.);
#4197=FACE_BOUND('',#3800,.T.);
#4198=FACE_BOUND('',#3801,.T.);
#4199=FACE_BOUND('',#3802,.T.);
#4200=FACE_BOUND('',#3803,.T.);
#4201=FACE_BOUND('',#3804,.T.);
#4202=FACE_BOUND('',#3805,.T.);
#4203=FACE_BOUND('',#3806,.T.);
#4204=FACE_BOUND('',#3807,.T.);
#4205=FACE_BOUND('',#3808,.T.);
#4206=FACE_BOUND('',#3809,.T.);
#4207=FACE_BOUND('',#3810,.T.);
#4208=FACE_BOUND('',#3811,.T.);
#4209=FACE_BOUND('',#23,.T.);
#4210=FACE_BOUND('',#3812,.T.);
#4211=FACE_BOUND('',#24,.T.);
#4212=FACE_BOUND('',#3813,.T.);
#4213=FACE_BOUND('',#25,.T.);
#4214=FACE_BOUND('',#3814,.T.);
#4215=FACE_BOUND('',#26,.T.);
#4216=FACE_BOUND('',#3815,.T.);
#4217=FACE_BOUND('',#27,.T.);
#4218=CYLINDRICAL_SURFACE('',#4626,0.0041);
#4219=CYLINDRICAL_SURFACE('',#4629,0.0041);
#4220=CYLINDRICAL_SURFACE('',#4686,0.0055);
#4221=CYLINDRICAL_SURFACE('',#4739,0.00225);
#4222=CYLINDRICAL_SURFACE('',#4745,0.004125);
#4223=CYLINDRICAL_SURFACE('',#4747,0.00225);
#4224=CYLINDRICAL_SURFACE('',#4753,0.004125);
#4225=CYLINDRICAL_SURFACE('',#4755,0.00225);
#4226=CYLINDRICAL_SURFACE('',#4762,0.004125);
#4227=CYLINDRICAL_SURFACE('',#4764,0.00225);
#4228=CYLINDRICAL_SURFACE('',#4771,0.004125);
#4229=CYLINDRICAL_SURFACE('',#4773,0.0055);
#4230=CYLINDRICAL_SURFACE('',#4778,0.001);
#4231=CYLINDRICAL_SURFACE('',#4780,0.001);
#4232=CYLINDRICAL_SURFACE('',#4782,0.001);
#4233=CYLINDRICAL_SURFACE('',#4784,0.001);
#4234=CYLINDRICAL_SURFACE('',#4786,0.001);
#4235=CYLINDRICAL_SURFACE('',#4788,0.001);
#4236=CYLINDRICAL_SURFACE('',#4790,0.001);
#4237=CYLINDRICAL_SURFACE('',#4792,0.001);
#4238=CYLINDRICAL_SURFACE('',#4794,0.000975);
#4239=CYLINDRICAL_SURFACE('',#4795,0.000975);
#4240=CYLINDRICAL_SURFACE('',#4796,0.000975);
#4241=CYLINDRICAL_SURFACE('',#4797,0.000975);
#4242=CYLINDRICAL_SURFACE('',#4828,0.001975);
#4243=CYLINDRICAL_SURFACE('',#4831,0.001975);
#4244=CYLINDRICAL_SURFACE('',#4836,0.001975);
#4245=CYLINDRICAL_SURFACE('',#4839,0.001975);
#4246=CYLINDRICAL_SURFACE('',#4843,0.0075);
#4247=CYLINDRICAL_SURFACE('',#4846,0.0075);
#4248=CYLINDRICAL_SURFACE('',#4849,0.002);
#4249=CYLINDRICAL_SURFACE('',#4852,0.002);
#4250=CYLINDRICAL_SURFACE('',#4855,0.002);
#4251=CYLINDRICAL_SURFACE('',#4858,0.002);
#4252=CYLINDRICAL_SURFACE('',#4861,0.002);
#4253=CYLINDRICAL_SURFACE('',#4864,0.002);
#4254=CYLINDRICAL_SURFACE('',#4867,0.002);
#4255=CYLINDRICAL_SURFACE('',#4870,0.002);
#4256=CYLINDRICAL_SURFACE('',#4873,0.002);
#4257=CYLINDRICAL_SURFACE('',#4876,0.002);
#4258=CYLINDRICAL_SURFACE('',#4879,0.002);
#4259=CYLINDRICAL_SURFACE('',#4882,0.002);
#4260=CYLINDRICAL_SURFACE('',#4885,0.002);
#4261=CYLINDRICAL_SURFACE('',#4888,0.002);
#4262=CYLINDRICAL_SURFACE('',#4891,0.002);
#4263=CYLINDRICAL_SURFACE('',#4894,0.002);
#4264=CYLINDRICAL_SURFACE('',#4897,0.002);
#4265=CYLINDRICAL_SURFACE('',#4899,0.002);
#4266=CYLINDRICAL_SURFACE('',#4901,0.002);
#4267=CYLINDRICAL_SURFACE('',#4903,0.002);
#4268=CYLINDRICAL_SURFACE('',#4912,0.001);
#4269=CYLINDRICAL_SURFACE('',#4920,0.001);
#4270=CYLINDRICAL_SURFACE('',#4928,0.001);
#4271=CYLINDRICAL_SURFACE('',#4936,0.001);
#4272=CYLINDRICAL_SURFACE('',#4947,0.001);
#4273=CYLINDRICAL_SURFACE('',#4955,0.001);
#4274=CYLINDRICAL_SURFACE('',#4963,0.001);
#4275=CYLINDRICAL_SURFACE('',#4971,0.001);
#4276=CYLINDRICAL_SURFACE('',#5033,0.002);
#4277=CYLINDRICAL_SURFACE('',#5035,0.002);
#4278=CYLINDRICAL_SURFACE('',#5037,0.002);
#4279=CYLINDRICAL_SURFACE('',#5039,0.002);
#4280=CYLINDRICAL_SURFACE('',#5041,0.002);
#4281=CYLINDRICAL_SURFACE('',#5043,0.002);
#4282=CYLINDRICAL_SURFACE('',#5051,0.02);
#4283=CYLINDRICAL_SURFACE('',#5054,0.0075);
#4284=CYLINDRICAL_SURFACE('',#5058,0.02);
#4285=CYLINDRICAL_SURFACE('',#5059,0.02);
#4286=CYLINDRICAL_SURFACE('',#5062,0.0075);
#4287=CYLINDRICAL_SURFACE('',#5066,0.02);
#4288=CYLINDRICAL_SURFACE('',#5067,0.02);
#4289=CYLINDRICAL_SURFACE('',#5070,0.0075);
#4290=CYLINDRICAL_SURFACE('',#5074,0.02);
#4291=CYLINDRICAL_SURFACE('',#5075,0.02);
#4292=CYLINDRICAL_SURFACE('',#5078,0.0075);
#4293=CYLINDRICAL_SURFACE('',#5082,0.02);
#4294=CYLINDRICAL_SURFACE('',#5083,0.02);
#4295=CYLINDRICAL_SURFACE('',#5086,0.0075);
#4296=CYLINDRICAL_SURFACE('',#5090,0.02);
#4297=CYLINDRICAL_SURFACE('',#5091,0.0017);
#4298=CYLINDRICAL_SURFACE('',#5094,0.0017);
#4299=CYLINDRICAL_SURFACE('',#5101,0.0017);
#4300=CYLINDRICAL_SURFACE('',#5104,0.0017);
#4301=CYLINDRICAL_SURFACE('',#5111,0.0017);
#4302=CYLINDRICAL_SURFACE('',#5114,0.0017);
#4303=CYLINDRICAL_SURFACE('',#5121,0.0017);
#4304=CYLINDRICAL_SURFACE('',#5124,0.0017);
#4305=CYLINDRICAL_SURFACE('',#5131,0.0017);
#4306=CYLINDRICAL_SURFACE('',#5134,0.0017);
#4307=CYLINDRICAL_SURFACE('',#5148,0.00325);
#4308=CYLINDRICAL_SURFACE('',#5149,0.00325);
#4309=CYLINDRICAL_SURFACE('',#5154,0.00325);
#4310=CYLINDRICAL_SURFACE('',#5155,0.00325);
#4311=CYLINDRICAL_SURFACE('',#5160,0.00325);
#4312=CYLINDRICAL_SURFACE('',#5161,0.00325);
#4313=CYLINDRICAL_SURFACE('',#5166,0.00325);
#4314=CYLINDRICAL_SURFACE('',#5167,0.00325);
#4315=CYLINDRICAL_SURFACE('',#5172,0.00325);
#4316=CYLINDRICAL_SURFACE('',#5173,0.00325);
#4317=CYLINDRICAL_SURFACE('',#5178,0.039);
#4318=CYLINDRICAL_SURFACE('',#5224,0.0028);
#4319=CYLINDRICAL_SURFACE('',#5226,0.0028);
#4320=CYLINDRICAL_SURFACE('',#5228,0.0028);
#4321=CYLINDRICAL_SURFACE('',#5230,0.0028);
#4322=CYLINDRICAL_SURFACE('',#5232,0.0028);
#4323=ADVANCED_FACE('',(#3816,#3817),#4218,.F.);
#4324=ADVANCED_FACE('',(#3818,#3819),#4219,.F.);
#4325=ADVANCED_FACE('',(#3820),#634,.T.);
#4326=ADVANCED_FACE('',(#3821),#635,.T.);
#4327=ADVANCED_FACE('',(#3822),#636,.F.);
#4328=ADVANCED_FACE('',(#3823),#637,.F.);
#4329=ADVANCED_FACE('',(#3824,#3825,#3826,#3827,#3828,#3829),#638,.F.);
#4330=ADVANCED_FACE('',(#3830,#3831),#4220,.F.);
#4331=ADVANCED_FACE('',(#3832,#3833,#3834,#3835,#3836,#3837,#3838,#3839,
#3840,#3841,#3842,#3843,#3844,#3845,#3846,#3847,#3848,#3849,#3850,#3851,
#3852,#3853,#3854,#3855),#639,.T.);
#4332=ADVANCED_FACE('',(#3856,#3857),#100,.F.);
#4333=ADVANCED_FACE('',(#3858,#3859),#60,.F.);
#4334=ADVANCED_FACE('',(#3860,#3861),#4221,.F.);
#4335=ADVANCED_FACE('',(#3862,#3863),#640,.T.);
#4336=ADVANCED_FACE('',(#3864),#4222,.F.);
#4337=ADVANCED_FACE('',(#3865,#3866),#4223,.F.);
#4338=ADVANCED_FACE('',(#3867,#3868),#641,.T.);
#4339=ADVANCED_FACE('',(#3869),#4224,.F.);
#4340=ADVANCED_FACE('',(#3870,#3871),#4225,.F.);
#4341=ADVANCED_FACE('',(#3872,#3873),#642,.T.);
#4342=ADVANCED_FACE('',(#3874),#4226,.F.);
#4343=ADVANCED_FACE('',(#3875,#3876),#4227,.F.);
#4344=ADVANCED_FACE('',(#3877,#3878),#643,.T.);
#4345=ADVANCED_FACE('',(#3879),#4228,.F.);
#4346=ADVANCED_FACE('',(#3880,#3881),#4229,.F.);
#4347=ADVANCED_FACE('',(#3882),#4230,.T.);
#4348=ADVANCED_FACE('',(#3883),#4231,.T.);
#4349=ADVANCED_FACE('',(#3884),#4232,.T.);
#4350=ADVANCED_FACE('',(#3885),#4233,.T.);
#4351=ADVANCED_FACE('',(#3886),#4234,.T.);
#4352=ADVANCED_FACE('',(#3887),#4235,.T.);
#4353=ADVANCED_FACE('',(#3888),#4236,.T.);
#4354=ADVANCED_FACE('',(#3889),#4237,.T.);
#4355=ADVANCED_FACE('',(#3890,#3891),#4238,.F.);
#4356=ADVANCED_FACE('',(#3892,#3893),#4239,.F.);
#4357=ADVANCED_FACE('',(#3894,#3895),#4240,.F.);
#4358=ADVANCED_FACE('',(#3896,#3897),#4241,.F.);
#4359=ADVANCED_FACE('',(#3898),#644,.F.);
#4360=ADVANCED_FACE('',(#3899),#645,.T.);
#4361=ADVANCED_FACE('',(#3900),#646,.T.);
#4362=ADVANCED_FACE('',(#3901),#647,.F.);
#4363=ADVANCED_FACE('',(#3902,#3903,#3904),#648,.T.);
#4364=ADVANCED_FACE('',(#3905),#649,.T.);
#4365=ADVANCED_FACE('',(#3906),#4242,.T.);
#4366=ADVANCED_FACE('',(#3907),#4243,.T.);
#4367=ADVANCED_FACE('',(#3908),#650,.F.);
#4368=ADVANCED_FACE('',(#3909),#651,.F.);
#4369=ADVANCED_FACE('',(#3910),#4244,.T.);
#4370=ADVANCED_FACE('',(#3911),#4245,.T.);
#4371=ADVANCED_FACE('',(#3912),#652,.T.);
#4372=ADVANCED_FACE('',(#3913),#4246,.F.);
#4373=ADVANCED_FACE('',(#3914),#4247,.F.);
#4374=ADVANCED_FACE('',(#3915),#4248,.T.);
#4375=ADVANCED_FACE('',(#3916),#4249,.T.);
#4376=ADVANCED_FACE('',(#3917),#4250,.T.);
#4377=ADVANCED_FACE('',(#3918),#4251,.T.);
#4378=ADVANCED_FACE('',(#3919),#4252,.T.);
#4379=ADVANCED_FACE('',(#3920),#4253,.T.);
#4380=ADVANCED_FACE('',(#3921),#4254,.T.);
#4381=ADVANCED_FACE('',(#3922),#4255,.T.);
#4382=ADVANCED_FACE('',(#3923),#4256,.F.);
#4383=ADVANCED_FACE('',(#3924),#4257,.F.);
#4384=ADVANCED_FACE('',(#3925),#4258,.F.);
#4385=ADVANCED_FACE('',(#3926),#4259,.F.);
#4386=ADVANCED_FACE('',(#3927),#4260,.F.);
#4387=ADVANCED_FACE('',(#3928),#4261,.F.);
#4388=ADVANCED_FACE('',(#3929),#4262,.F.);
#4389=ADVANCED_FACE('',(#3930),#4263,.F.);
#4390=ADVANCED_FACE('',(#3931),#4264,.T.);
#4391=ADVANCED_FACE('',(#3932),#4265,.T.);
#4392=ADVANCED_FACE('',(#3933),#4266,.T.);
#4393=ADVANCED_FACE('',(#3934),#4267,.T.);
#4394=ADVANCED_FACE('',(#3935),#61,.T.);
#4395=ADVANCED_FACE('',(#3936),#62,.T.);
#4396=ADVANCED_FACE('',(#3937),#28,.F.);
#4397=ADVANCED_FACE('',(#3938),#29,.F.);
#4398=ADVANCED_FACE('',(#3939),#30,.F.);
#4399=ADVANCED_FACE('',(#3940),#63,.F.);
#4400=ADVANCED_FACE('',(#3941),#4268,.F.);
#4401=ADVANCED_FACE('',(#3942),#64,.F.);
#4402=ADVANCED_FACE('',(#3943),#65,.F.);
#4403=ADVANCED_FACE('',(#3944),#66,.F.);
#4404=ADVANCED_FACE('',(#3945),#4269,.F.);
#4405=ADVANCED_FACE('',(#3946),#67,.F.);
#4406=ADVANCED_FACE('',(#3947),#68,.F.);
#4407=ADVANCED_FACE('',(#3948),#69,.F.);
#4408=ADVANCED_FACE('',(#3949),#4270,.F.);
#4409=ADVANCED_FACE('',(#3950),#70,.F.);
#4410=ADVANCED_FACE('',(#3951),#71,.F.);
#4411=ADVANCED_FACE('',(#3952),#72,.F.);
#4412=ADVANCED_FACE('',(#3953),#4271,.F.);
#4413=ADVANCED_FACE('',(#3954),#73,.F.);
#4414=ADVANCED_FACE('',(#3955),#31,.F.);
#4415=ADVANCED_FACE('',(#3956),#32,.F.);
#4416=ADVANCED_FACE('',(#3957),#33,.F.);
#4417=ADVANCED_FACE('',(#3958),#34,.F.);
#4418=ADVANCED_FACE('',(#3959),#35,.F.);
#4419=ADVANCED_FACE('',(#3960),#36,.F.);
#4420=ADVANCED_FACE('',(#3961),#74,.F.);
#4421=ADVANCED_FACE('',(#3962),#4272,.F.);
#4422=ADVANCED_FACE('',(#3963),#75,.F.);
#4423=ADVANCED_FACE('',(#3964),#76,.F.);
#4424=ADVANCED_FACE('',(#3965),#77,.F.);
#4425=ADVANCED_FACE('',(#3966),#4273,.F.);
#4426=ADVANCED_FACE('',(#3967),#78,.F.);
#4427=ADVANCED_FACE('',(#3968),#79,.F.);
#4428=ADVANCED_FACE('',(#3969),#80,.F.);
#4429=ADVANCED_FACE('',(#3970),#4274,.F.);
#4430=ADVANCED_FACE('',(#3971),#81,.F.);
#4431=ADVANCED_FACE('',(#3972),#82,.F.);
#4432=ADVANCED_FACE('',(#3973),#83,.F.);
#4433=ADVANCED_FACE('',(#3974),#4275,.F.);
#4434=ADVANCED_FACE('',(#3975),#84,.F.);
#4435=ADVANCED_FACE('',(#3976),#37,.F.);
#4436=ADVANCED_FACE('',(#3977),#38,.F.);
#4437=ADVANCED_FACE('',(#3978),#39,.F.);
#4438=ADVANCED_FACE('',(#3979),#653,.F.);
#4439=ADVANCED_FACE('',(#3980),#101,.T.);
#4440=ADVANCED_FACE('',(#3981),#102,.T.);
#4441=ADVANCED_FACE('',(#3982),#654,.T.);
#4442=ADVANCED_FACE('',(#3983),#103,.F.);
#4443=ADVANCED_FACE('',(#3984),#104,.F.);
#4444=ADVANCED_FACE('',(#3985),#105,.T.);
#4445=ADVANCED_FACE('',(#3986),#106,.T.);
#4446=ADVANCED_FACE('',(#3987),#107,.F.);
#4447=ADVANCED_FACE('',(#3988),#108,.F.);
#4448=ADVANCED_FACE('',(#3989),#109,.T.);
#4449=ADVANCED_FACE('',(#3990),#655,.T.);
#4450=ADVANCED_FACE('',(#3991),#110,.F.);
#4451=ADVANCED_FACE('',(#3992),#111,.T.);
#4452=ADVANCED_FACE('',(#3993),#112,.T.);
#4453=ADVANCED_FACE('',(#3994),#113,.F.);
#4454=ADVANCED_FACE('',(#3995),#114,.F.);
#4455=ADVANCED_FACE('',(#3996),#115,.T.);
#4456=ADVANCED_FACE('',(#3997),#116,.T.);
#4457=ADVANCED_FACE('',(#3998),#656,.T.);
#4458=ADVANCED_FACE('',(#3999),#117,.F.);
#4459=ADVANCED_FACE('',(#4000),#118,.F.);
#4460=ADVANCED_FACE('',(#4001),#119,.T.);
#4461=ADVANCED_FACE('',(#4002),#120,.T.);
#4462=ADVANCED_FACE('',(#4003),#657,.T.);
#4463=ADVANCED_FACE('',(#4004),#121,.F.);
#4464=ADVANCED_FACE('',(#4005),#122,.T.);
#4465=ADVANCED_FACE('',(#4006),#658,.F.);
#4466=ADVANCED_FACE('',(#4007),#659,.T.);
#4467=ADVANCED_FACE('',(#4008),#123,.T.);
#4468=ADVANCED_FACE('',(#4009),#124,.F.);
#4469=ADVANCED_FACE('',(#4010),#660,.T.);
#4470=ADVANCED_FACE('',(#4011),#125,.T.);
#4471=ADVANCED_FACE('',(#4012),#126,.T.);
#4472=ADVANCED_FACE('',(#4013),#127,.F.);
#4473=ADVANCED_FACE('',(#4014),#128,.F.);
#4474=ADVANCED_FACE('',(#4015),#661,.F.);
#4475=ADVANCED_FACE('',(#4016),#129,.T.);
#4476=ADVANCED_FACE('',(#4017),#130,.T.);
#4477=ADVANCED_FACE('',(#4018),#131,.F.);
#4478=ADVANCED_FACE('',(#4019),#132,.F.);
#4479=ADVANCED_FACE('',(#4020),#133,.T.);
#4480=ADVANCED_FACE('',(#4021),#134,.T.);
#4481=ADVANCED_FACE('',(#4022),#135,.F.);
#4482=ADVANCED_FACE('',(#4023),#662,.F.);
#4483=ADVANCED_FACE('',(#4024),#136,.T.);
#4484=ADVANCED_FACE('',(#4025),#137,.F.);
#4485=ADVANCED_FACE('',(#4026),#138,.F.);
#4486=ADVANCED_FACE('',(#4027),#139,.T.);
#4487=ADVANCED_FACE('',(#4028),#140,.T.);
#4488=ADVANCED_FACE('',(#4029),#141,.F.);
#4489=ADVANCED_FACE('',(#4030),#142,.F.);
#4490=ADVANCED_FACE('',(#4031),#663,.F.);
#4491=ADVANCED_FACE('',(#4032),#143,.T.);
#4492=ADVANCED_FACE('',(#4033),#144,.T.);
#4493=ADVANCED_FACE('',(#4034),#664,.F.);
#4494=ADVANCED_FACE('',(#4035,#4036),#4276,.F.);
#4495=ADVANCED_FACE('',(#4037,#4038),#4277,.F.);
#4496=ADVANCED_FACE('',(#4039,#4040),#4278,.F.);
#4497=ADVANCED_FACE('',(#4041,#4042),#4279,.F.);
#4498=ADVANCED_FACE('',(#4043,#4044),#4280,.F.);
#4499=ADVANCED_FACE('',(#4045,#4046),#4281,.F.);
#4500=ADVANCED_FACE('',(#4047,#4048),#145,.F.);
#4501=ADVANCED_FACE('',(#4049,#4050),#146,.F.);
#4502=ADVANCED_FACE('',(#4051,#4052),#147,.F.);
#4503=ADVANCED_FACE('',(#4053,#4054),#148,.F.);
#4504=ADVANCED_FACE('',(#4055,#4056),#149,.F.);
#4505=ADVANCED_FACE('',(#4057,#4058),#150,.F.);
#4506=ADVANCED_FACE('',(#4059),#4282,.F.);
#4507=ADVANCED_FACE('',(#4060),#665,.F.);
#4508=ADVANCED_FACE('',(#4061),#4283,.T.);
#4509=ADVANCED_FACE('',(#4062),#666,.T.);
#4510=ADVANCED_FACE('',(#4063),#4284,.F.);
#4511=ADVANCED_FACE('',(#4064),#4285,.F.);
#4512=ADVANCED_FACE('',(#4065),#667,.F.);
#4513=ADVANCED_FACE('',(#4066),#4286,.T.);
#4514=ADVANCED_FACE('',(#4067),#668,.T.);
#4515=ADVANCED_FACE('',(#4068),#4287,.F.);
#4516=ADVANCED_FACE('',(#4069),#4288,.F.);
#4517=ADVANCED_FACE('',(#4070),#669,.F.);
#4518=ADVANCED_FACE('',(#4071),#4289,.T.);
#4519=ADVANCED_FACE('',(#4072),#670,.T.);
#4520=ADVANCED_FACE('',(#4073),#4290,.F.);
#4521=ADVANCED_FACE('',(#4074),#4291,.F.);
#4522=ADVANCED_FACE('',(#4075),#671,.F.);
#4523=ADVANCED_FACE('',(#4076),#4292,.T.);
#4524=ADVANCED_FACE('',(#4077),#672,.T.);
#4525=ADVANCED_FACE('',(#4078),#4293,.F.);
#4526=ADVANCED_FACE('',(#4079),#4294,.F.);
#4527=ADVANCED_FACE('',(#4080),#673,.F.);
#4528=ADVANCED_FACE('',(#4081),#4295,.T.);
#4529=ADVANCED_FACE('',(#4082),#674,.T.);
#4530=ADVANCED_FACE('',(#4083),#4296,.F.);
#4531=ADVANCED_FACE('',(#4084,#4085),#4297,.F.);
#4532=ADVANCED_FACE('',(#4086,#4087),#4298,.F.);
#4533=ADVANCED_FACE('',(#4088,#4089),#675,.T.);
#4534=ADVANCED_FACE('',(#4090,#4091),#676,.T.);
#4535=ADVANCED_FACE('',(#4092,#4093),#4299,.F.);
#4536=ADVANCED_FACE('',(#4094,#4095),#4300,.F.);
#4537=ADVANCED_FACE('',(#4096,#4097),#677,.T.);
#4538=ADVANCED_FACE('',(#4098,#4099),#678,.T.);
#4539=ADVANCED_FACE('',(#4100,#4101),#4301,.F.);
#4540=ADVANCED_FACE('',(#4102,#4103),#4302,.F.);
#4541=ADVANCED_FACE('',(#4104,#4105),#679,.T.);
#4542=ADVANCED_FACE('',(#4106,#4107),#680,.T.);
#4543=ADVANCED_FACE('',(#4108,#4109),#4303,.F.);
#4544=ADVANCED_FACE('',(#4110,#4111),#4304,.F.);
#4545=ADVANCED_FACE('',(#4112,#4113),#681,.T.);
#4546=ADVANCED_FACE('',(#4114,#4115),#682,.T.);
#4547=ADVANCED_FACE('',(#4116,#4117),#4305,.F.);
#4548=ADVANCED_FACE('',(#4118,#4119),#4306,.F.);
#4549=ADVANCED_FACE('',(#4120,#4121),#683,.T.);
#4550=ADVANCED_FACE('',(#4122,#4123),#684,.T.);
#4551=ADVANCED_FACE('',(#4124,#4125,#4126,#4127,#4128,#4129,#4130,#4131,
#4132,#4133,#4134,#4135),#685,.F.);
#4552=ADVANCED_FACE('',(#4136,#4137),#4307,.F.);
#4553=ADVANCED_FACE('',(#4138,#4139),#4308,.F.);
#4554=ADVANCED_FACE('',(#4140),#12,.T.);
#4555=ADVANCED_FACE('',(#4141,#4142),#4309,.F.);
#4556=ADVANCED_FACE('',(#4143,#4144),#4310,.F.);
#4557=ADVANCED_FACE('',(#4145),#13,.T.);
#4558=ADVANCED_FACE('',(#4146,#4147),#4311,.F.);
#4559=ADVANCED_FACE('',(#4148,#4149),#4312,.F.);
#4560=ADVANCED_FACE('',(#4150),#14,.T.);
#4561=ADVANCED_FACE('',(#4151,#4152),#4313,.F.);
#4562=ADVANCED_FACE('',(#4153,#4154),#4314,.F.);
#4563=ADVANCED_FACE('',(#4155),#15,.T.);
#4564=ADVANCED_FACE('',(#4156,#4157),#4315,.F.);
#4565=ADVANCED_FACE('',(#4158,#4159),#4316,.F.);
#4566=ADVANCED_FACE('',(#4160),#16,.T.);
#4567=ADVANCED_FACE('',(#4161,#4162),#4317,.F.);
#4568=ADVANCED_FACE('',(#4163),#40,.F.);
#4569=ADVANCED_FACE('',(#4164),#85,.F.);
#4570=ADVANCED_FACE('',(#4165),#41,.F.);
#4571=ADVANCED_FACE('',(#4166),#86,.F.);
#4572=ADVANCED_FACE('',(#4167),#42,.F.);
#4573=ADVANCED_FACE('',(#4168),#87,.F.);
#4574=ADVANCED_FACE('',(#4169),#43,.F.);
#4575=ADVANCED_FACE('',(#4170),#44,.F.);
#4576=ADVANCED_FACE('',(#4171),#88,.F.);
#4577=ADVANCED_FACE('',(#4172),#45,.F.);
#4578=ADVANCED_FACE('',(#4173),#89,.F.);
#4579=ADVANCED_FACE('',(#4174),#46,.F.);
#4580=ADVANCED_FACE('',(#4175),#90,.F.);
#4581=ADVANCED_FACE('',(#4176),#47,.F.);
#4582=ADVANCED_FACE('',(#4177),#48,.F.);
#4583=ADVANCED_FACE('',(#4178),#91,.F.);
#4584=ADVANCED_FACE('',(#4179),#49,.F.);
#4585=ADVANCED_FACE('',(#4180),#92,.F.);
#4586=ADVANCED_FACE('',(#4181),#50,.F.);
#4587=ADVANCED_FACE('',(#4182),#93,.F.);
#4588=ADVANCED_FACE('',(#4183),#51,.F.);
#4589=ADVANCED_FACE('',(#4184),#52,.F.);
#4590=ADVANCED_FACE('',(#4185),#94,.F.);
#4591=ADVANCED_FACE('',(#4186),#53,.F.);
#4592=ADVANCED_FACE('',(#4187),#95,.F.);
#4593=ADVANCED_FACE('',(#4188),#54,.F.);
#4594=ADVANCED_FACE('',(#4189),#96,.F.);
#4595=ADVANCED_FACE('',(#4190),#55,.F.);
#4596=ADVANCED_FACE('',(#4191),#56,.F.);
#4597=ADVANCED_FACE('',(#4192),#97,.F.);
#4598=ADVANCED_FACE('',(#4193),#57,.F.);
#4599=ADVANCED_FACE('',(#4194),#98,.F.);
#4600=ADVANCED_FACE('',(#4195),#58,.F.);
#4601=ADVANCED_FACE('',(#4196),#99,.F.);
#4602=ADVANCED_FACE('',(#4197),#59,.F.);
#4603=ADVANCED_FACE('',(#4198,#4199),#4318,.F.);
#4604=ADVANCED_FACE('',(#4200,#4201),#4319,.F.);
#4605=ADVANCED_FACE('',(#4202,#4203),#4320,.F.);
#4606=ADVANCED_FACE('',(#4204,#4205),#4321,.F.);
#4607=ADVANCED_FACE('',(#4206,#4207),#4322,.F.);
#4608=ADVANCED_FACE('',(#4208,#4209),#151,.F.);
#4609=ADVANCED_FACE('',(#4210,#4211),#152,.F.);
#4610=ADVANCED_FACE('',(#4212,#4213),#153,.F.);
#4611=ADVANCED_FACE('',(#4214,#4215),#154,.F.);
#4612=ADVANCED_FACE('',(#4216,#4217),#155,.F.);
#4613=CLOSED_SHELL('',(#4323,#4324,#4325,#4326,#4327,#4328,#4329,#4330,
#4331,#4332,#4333,#4334,#4335,#4336,#4337,#4338,#4339,#4340,#4341,#4342,
#4343,#4344,#4345,#4346,#4347,#4348,#4349,#4350,#4351,#4352,#4353,#4354,
#4355,#4356,#4357,#4358,#4359,#4360,#4361,#4362,#4363,#4364,#4365,#4366,
#4367,#4368,#4369,#4370,#4371,#4372,#4373,#4374,#4375,#4376,#4377,#4378,
#4379,#4380,#4381,#4382,#4383,#4384,#4385,#4386,#4387,#4388,#4389,#4390,
#4391,#4392,#4393,#4394,#4395,#4396,#4397,#4398,#4399,#4400,#4401,#4402,
#4403,#4404,#4405,#4406,#4407,#4408,#4409,#4410,#4411,#4412,#4413,#4414,
#4415,#4416,#4417,#4418,#4419,#4420,#4421,#4422,#4423,#4424,#4425,#4426,
#4427,#4428,#4429,#4430,#4431,#4432,#4433,#4434,#4435,#4436,#4437,#4438,
#4439,#4440,#4441,#4442,#4443,#4444,#4445,#4446,#4447,#4448,#4449,#4450,
#4451,#4452,#4453,#4454,#4455,#4456,#4457,#4458,#4459,#4460,#4461,#4462,
#4463,#4464,#4465,#4466,#4467,#4468,#4469,#4470,#4471,#4472,#4473,#4474,
#4475,#4476,#4477,#4478,#4479,#4480,#4481,#4482,#4483,#4484,#4485,#4486,
#4487,#4488,#4489,#4490,#4491,#4492,#4493,#4494,#4495,#4496,#4497,#4498,
#4499,#4500,#4501,#4502,#4503,#4504,#4505,#4506,#4507,#4508,#4509,#4510,
#4511,#4512,#4513,#4514,#4515,#4516,#4517,#4518,#4519,#4520,#4521,#4522,
#4523,#4524,#4525,#4526,#4527,#4528,#4529,#4530,#4531,#4532,#4533,#4534,
#4535,#4536,#4537,#4538,#4539,#4540,#4541,#4542,#4543,#4544,#4545,#4546,
#4547,#4548,#4549,#4550,#4551,#4552,#4553,#4554,#4555,#4556,#4557,#4558,
#4559,#4560,#4561,#4562,#4563,#4564,#4565,#4566,#4567,#4568,#4569,#4570,
#4571,#4572,#4573,#4574,#4575,#4576,#4577,#4578,#4579,#4580,#4581,#4582,
#4583,#4584,#4585,#4586,#4587,#4588,#4589,#4590,#4591,#4592,#4593,#4594,
#4595,#4596,#4597,#4598,#4599,#4600,#4601,#4602,#4603,#4604,#4605,#4606,
#4607,#4608,#4609,#4610,#4611,#4612));
#4614=STYLED_ITEM('',(#4615),#4622);
#4615=PRESENTATION_STYLE_ASSIGNMENT((#4616));
#4616=SURFACE_STYLE_USAGE(.BOTH.,#4617);
#4617=SURFACE_SIDE_STYLE('',(#4618));
#4618=SURFACE_STYLE_FILL_AREA(#4619);
#4619=FILL_AREA_STYLE('',(#4620));
#4620=FILL_AREA_STYLE_COLOUR('',#4621);
#4621=COLOUR_RGB('',0.909803921568627,0.572549019607843,0.164705882352941);
#4622=MANIFOLD_SOLID_BREP('Base',#4613);
#4623=SHAPE_DEFINITION_REPRESENTATION(#9087,#4624);
#4624=SHAPE_REPRESENTATION('Base',(#4625),#9082);
#4625=AXIS2_PLACEMENT_3D('',#6649,#5239,#5240);
#4626=AXIS2_PLACEMENT_3D('',#6650,#5241,#5242);
#4627=AXIS2_PLACEMENT_3D('',#6651,#5243,#5244);
#4628=AXIS2_PLACEMENT_3D('',#6653,#5245,#5246);
#4629=AXIS2_PLACEMENT_3D('',#6655,#5247,#5248);
#4630=AXIS2_PLACEMENT_3D('',#6656,#5249,#5250);
#4631=AXIS2_PLACEMENT_3D('',#6658,#5251,#5252);
#4632=AXIS2_PLACEMENT_3D('',#6660,#5253,#5254);
#4633=AXIS2_PLACEMENT_3D('',#6669,#5259,#5260);
#4634=AXIS2_PLACEMENT_3D('',#6678,#5265,#5266);
#4635=AXIS2_PLACEMENT_3D('',#6687,#5271,#5272);
#4636=AXIS2_PLACEMENT_3D('',#6696,#5277,#5278);
#4637=AXIS2_PLACEMENT_3D('',#6697,#5279,#5280);
#4638=AXIS2_PLACEMENT_3D('',#6702,#5282,#5283);
#4639=AXIS2_PLACEMENT_3D('',#6704,#5284,#5285);
#4640=AXIS2_PLACEMENT_3D('',#6706,#5286,#5287);
#4641=AXIS2_PLACEMENT_3D('',#6708,#5288,#5289);
#4642=AXIS2_PLACEMENT_3D('',#6710,#5290,#5291);
#4643=AXIS2_PLACEMENT_3D('',#6712,#5292,#5293);
#4644=AXIS2_PLACEMENT_3D('',#6714,#5294,#5295);
#4645=AXIS2_PLACEMENT_3D('',#6716,#5296,#5297);
#4646=AXIS2_PLACEMENT_3D('',#6718,#5298,#5299);
#4647=AXIS2_PLACEMENT_3D('',#6720,#5300,#5301);
#4648=AXIS2_PLACEMENT_3D('',#6722,#5302,#5303);
#4649=AXIS2_PLACEMENT_3D('',#6726,#5305,#5306);
#4650=AXIS2_PLACEMENT_3D('',#6730,#5308,#5309);
#4651=AXIS2_PLACEMENT_3D('',#6732,#5310,#5311);
#4652=AXIS2_PLACEMENT_3D('',#6734,#5312,#5313);
#4653=AXIS2_PLACEMENT_3D('',#6738,#5315,#5316);
#4654=AXIS2_PLACEMENT_3D('',#6740,#5317,#5318);
#4655=AXIS2_PLACEMENT_3D('',#6742,#5319,#5320);
#4656=AXIS2_PLACEMENT_3D('',#6746,#5322,#5323);
#4657=AXIS2_PLACEMENT_3D('',#6748,#5324,#5325);
#4658=AXIS2_PLACEMENT_3D('',#6750,#5326,#5327);
#4659=AXIS2_PLACEMENT_3D('',#6754,#5329,#5330);
#4660=AXIS2_PLACEMENT_3D('',#6758,#5332,#5333);
#4661=AXIS2_PLACEMENT_3D('',#6760,#5334,#5335);
#4662=AXIS2_PLACEMENT_3D('',#6762,#5336,#5337);
#4663=AXIS2_PLACEMENT_3D('',#6764,#5338,#5339);
#4664=AXIS2_PLACEMENT_3D('',#6766,#5340,#5341);
#4665=AXIS2_PLACEMENT_3D('',#6768,#5342,#5343);
#4666=AXIS2_PLACEMENT_3D('',#6770,#5344,#5345);
#4667=AXIS2_PLACEMENT_3D('',#6772,#5346,#5347);
#4668=AXIS2_PLACEMENT_3D('',#6774,#5348,#5349);
#4669=AXIS2_PLACEMENT_3D('',#6776,#5350,#5351);
#4670=AXIS2_PLACEMENT_3D('',#6778,#5352,#5353);
#4671=AXIS2_PLACEMENT_3D('',#6782,#5355,#5356);
#4672=AXIS2_PLACEMENT_3D('',#6786,#5358,#5359);
#4673=AXIS2_PLACEMENT_3D('',#6788,#5360,#5361);
#4674=AXIS2_PLACEMENT_3D('',#6790,#5362,#5363);
#4675=AXIS2_PLACEMENT_3D('',#6794,#5365,#5366);
#4676=AXIS2_PLACEMENT_3D('',#6796,#5367,#5368);
#4677=AXIS2_PLACEMENT_3D('',#6798,#5369,#5370);
#4678=AXIS2_PLACEMENT_3D('',#6802,#5372,#5373);
#4679=AXIS2_PLACEMENT_3D('',#6804,#5374,#5375);
#4680=AXIS2_PLACEMENT_3D('',#6806,#5376,#5377);
#4681=AXIS2_PLACEMENT_3D('',#6809,#5379,#5380);
#4682=AXIS2_PLACEMENT_3D('',#6811,#5381,#5382);
#4683=AXIS2_PLACEMENT_3D('',#6813,#5383,#5384);
#4684=AXIS2_PLACEMENT_3D('',#6815,#5385,#5386);
#4685=AXIS2_PLACEMENT_3D('',#6817,#5387,#5388);
#4686=AXIS2_PLACEMENT_3D('',#6819,#5389,#5390);
#4687=AXIS2_PLACEMENT_3D('',#6820,#5391,#5392);
#4688=AXIS2_PLACEMENT_3D('',#6825,#5394,#5395);
#4689=AXIS2_PLACEMENT_3D('',#6829,#5397,#5398);
#4690=AXIS2_PLACEMENT_3D('',#6833,#5400,#5401);
#4691=AXIS2_PLACEMENT_3D('',#6837,#5403,#5404);
#4692=AXIS2_PLACEMENT_3D('',#6841,#5406,#5407);
#4693=AXIS2_PLACEMENT_3D('',#6845,#5409,#5410);
#4694=AXIS2_PLACEMENT_3D('',#6846,#5411,#5412);
#4695=AXIS2_PLACEMENT_3D('',#6847,#5413,#5414);
#4696=AXIS2_PLACEMENT_3D('',#6849,#5415,#5416);
#4697=AXIS2_PLACEMENT_3D('',#6851,#5417,#5418);
#4698=AXIS2_PLACEMENT_3D('',#6853,#5419,#5420);
#4699=AXIS2_PLACEMENT_3D('',#6855,#5421,#5422);
#4700=AXIS2_PLACEMENT_3D('',#6857,#5423,#5424);
#4701=AXIS2_PLACEMENT_3D('',#6859,#5425,#5426);
#4702=AXIS2_PLACEMENT_3D('',#6861,#5427,#5428);
#4703=AXIS2_PLACEMENT_3D('',#6863,#5429,#5430);
#4704=AXIS2_PLACEMENT_3D('',#6865,#5431,#5432);
#4705=AXIS2_PLACEMENT_3D('',#6867,#5433,#5434);
#4706=AXIS2_PLACEMENT_3D('',#6869,#5435,#5436);
#4707=AXIS2_PLACEMENT_3D('',#6871,#5437,#5438);
#4708=AXIS2_PLACEMENT_3D('',#6873,#5439,#5440);
#4709=AXIS2_PLACEMENT_3D('',#6875,#5441,#5442);
#4710=AXIS2_PLACEMENT_3D('',#6877,#5443,#5444);
#4711=AXIS2_PLACEMENT_3D('',#6879,#5445,#5446);
#4712=AXIS2_PLACEMENT_3D('',#6881,#5447,#5448);
#4713=AXIS2_PLACEMENT_3D('',#6883,#5449,#5450);
#4714=AXIS2_PLACEMENT_3D('',#6885,#5451,#5452);
#4715=AXIS2_PLACEMENT_3D('',#6887,#5453,#5454);
#4716=AXIS2_PLACEMENT_3D('',#6898,#5455,#5456);
#4717=AXIS2_PLACEMENT_3D('',#6902,#5458,#5459);
#4718=AXIS2_PLACEMENT_3D('',#6906,#5461,#5462);
#4719=AXIS2_PLACEMENT_3D('',#6917,#5463,#5464);
#4720=AXIS2_PLACEMENT_3D('',#6927,#5465,#5466);
#4721=AXIS2_PLACEMENT_3D('',#6931,#5468,#5469);
#4722=AXIS2_PLACEMENT_3D('',#6935,#5471,#5472);
#4723=AXIS2_PLACEMENT_3D('',#6946,#5473,#5474);
#4724=AXIS2_PLACEMENT_3D('',#6956,#5475,#5476);
#4725=AXIS2_PLACEMENT_3D('',#6960,#5478,#5479);
#4726=AXIS2_PLACEMENT_3D('',#6964,#5481,#5482);
#4727=AXIS2_PLACEMENT_3D('',#6975,#5483,#5484);
#4728=AXIS2_PLACEMENT_3D('',#6985,#5485,#5486);
#4729=AXIS2_PLACEMENT_3D('',#6989,#5488,#5489);
#4730=AXIS2_PLACEMENT_3D('',#6993,#5491,#5492);
#4731=AXIS2_PLACEMENT_3D('',#7004,#5493,#5494);
#4732=AXIS2_PLACEMENT_3D('',#7014,#5495,#5496);
#4733=AXIS2_PLACEMENT_3D('',#7018,#5498,#5499);
#4734=AXIS2_PLACEMENT_3D('',#7022,#5501,#5502);
#4735=AXIS2_PLACEMENT_3D('',#7032,#5503,#5504);
#4736=AXIS2_PLACEMENT_3D('',#7033,#5505,#5506);
#4737=AXIS2_PLACEMENT_3D('',#7035,#5507,#5508);
#4738=AXIS2_PLACEMENT_3D('',#7037,#5509,#5510);
#4739=AXIS2_PLACEMENT_3D('',#7038,#5511,#5512);
#4740=AXIS2_PLACEMENT_3D('',#7039,#5513,#5514);
#4741=AXIS2_PLACEMENT_3D('',#7041,#5515,#5516);
#4742=AXIS2_PLACEMENT_3D('',#7042,#5517,#5518);
#4743=AXIS2_PLACEMENT_3D('',#7044,#5519,#5520);
#4744=AXIS2_PLACEMENT_3D('',#7046,#5521,#5522);
#4745=AXIS2_PLACEMENT_3D('',#7047,#5523,#5524);
#4746=AXIS2_PLACEMENT_3D('',#7050,#5526,#5527);
#4747=AXIS2_PLACEMENT_3D('',#7053,#5529,#5530);
#4748=AXIS2_PLACEMENT_3D('',#7054,#5531,#5532);
#4749=AXIS2_PLACEMENT_3D('',#7056,#5533,#5534);
#4750=AXIS2_PLACEMENT_3D('',#7057,#5535,#5536);
#4751=AXIS2_PLACEMENT_3D('',#7059,#5537,#5538);
#4752=AXIS2_PLACEMENT_3D('',#7061,#5539,#5540);
#4753=AXIS2_PLACEMENT_3D('',#7062,#5541,#5542);
#4754=AXIS2_PLACEMENT_3D('',#7065,#5544,#5545);
#4755=AXIS2_PLACEMENT_3D('',#7068,#5547,#5548);
#4756=AXIS2_PLACEMENT_3D('',#7069,#5549,#5550);
#4757=AXIS2_PLACEMENT_3D('',#7071,#5551,#5552);
#4758=AXIS2_PLACEMENT_3D('',#7072,#5553,#5554);
#4759=AXIS2_PLACEMENT_3D('',#7075,#5555,#5556);
#4760=AXIS2_PLACEMENT_3D('',#7077,#5557,#5558);
#4761=AXIS2_PLACEMENT_3D('',#7079,#5559,#5560);
#4762=AXIS2_PLACEMENT_3D('',#7080,#5561,#5562);
#4763=AXIS2_PLACEMENT_3D('',#7083,#5564,#5565);
#4764=AXIS2_PLACEMENT_3D('',#7086,#5567,#5568);
#4765=AXIS2_PLACEMENT_3D('',#7087,#5569,#5570);
#4766=AXIS2_PLACEMENT_3D('',#7089,#5571,#5572);
#4767=AXIS2_PLACEMENT_3D('',#7090,#5573,#5574);
#4768=AXIS2_PLACEMENT_3D('',#7093,#5575,#5576);
#4769=AXIS2_PLACEMENT_3D('',#7095,#5577,#5578);
#4770=AXIS2_PLACEMENT_3D('',#7097,#5579,#5580);
#4771=AXIS2_PLACEMENT_3D('',#7098,#5581,#5582);
#4772=AXIS2_PLACEMENT_3D('',#7101,#5584,#5585);
#4773=AXIS2_PLACEMENT_3D('',#7104,#5587,#5588);
#4774=AXIS2_PLACEMENT_3D('',#7108,#5590,#5591);
#4775=AXIS2_PLACEMENT_3D('',#7113,#5594,#5595);
#4776=AXIS2_PLACEMENT_3D('',#7118,#5598,#5599);
#4777=AXIS2_PLACEMENT_3D('',#7122,#5601,#5602);
#4778=AXIS2_PLACEMENT_3D('',#7123,#5603,#5604);
#4779=AXIS2_PLACEMENT_3D('',#7124,#5605,#5606);
#4780=AXIS2_PLACEMENT_3D('',#7125,#5607,#5608);
#4781=AXIS2_PLACEMENT_3D('',#7126,#5609,#5610);
#4782=AXIS2_PLACEMENT_3D('',#7127,#5611,#5612);
#4783=AXIS2_PLACEMENT_3D('',#7128,#5613,#5614);
#4784=AXIS2_PLACEMENT_3D('',#7129,#5615,#5616);
#4785=AXIS2_PLACEMENT_3D('',#7130,#5617,#5618);
#4786=AXIS2_PLACEMENT_3D('',#7131,#5619,#5620);
#4787=AXIS2_PLACEMENT_3D('',#7132,#5621,#5622);
#4788=AXIS2_PLACEMENT_3D('',#7133,#5623,#5624);
#4789=AXIS2_PLACEMENT_3D('',#7134,#5625,#5626);
#4790=AXIS2_PLACEMENT_3D('',#7135,#5627,#5628);
#4791=AXIS2_PLACEMENT_3D('',#7136,#5629,#5630);
#4792=AXIS2_PLACEMENT_3D('',#7137,#5631,#5632);
#4793=AXIS2_PLACEMENT_3D('',#7138,#5633,#5634);
#4794=AXIS2_PLACEMENT_3D('',#7139,#5635,#5636);
#4795=AXIS2_PLACEMENT_3D('',#7140,#5637,#5638);
#4796=AXIS2_PLACEMENT_3D('',#7141,#5639,#5640);
#4797=AXIS2_PLACEMENT_3D('',#7142,#5641,#5642);
#4798=AXIS2_PLACEMENT_3D('',#7143,#5643,#5644);
#4799=AXIS2_PLACEMENT_3D('',#7155,#5648,#5649);
#4800=AXIS2_PLACEMENT_3D('',#7167,#5653,#5654);
#4801=AXIS2_PLACEMENT_3D('',#7179,#5658,#5659);
#4802=AXIS2_PLACEMENT_3D('',#7191,#5663,#5664);
#4803=AXIS2_PLACEMENT_3D('',#7192,#5665,#5666);
#4804=AXIS2_PLACEMENT_3D('',#7195,#5667,#5668);
#4805=AXIS2_PLACEMENT_3D('',#7199,#5670,#5671);
#4806=AXIS2_PLACEMENT_3D('',#7201,#5672,#5673);
#4807=AXIS2_PLACEMENT_3D('',#7203,#5674,#5675);
#4808=AXIS2_PLACEMENT_3D('',#7207,#5677,#5678);
#4809=AXIS2_PLACEMENT_3D('',#7209,#5679,#5680);
#4810=AXIS2_PLACEMENT_3D('',#7211,#5681,#5682);
#4811=AXIS2_PLACEMENT_3D('',#7215,#5684,#5685);
#4812=AXIS2_PLACEMENT_3D('',#7217,#5686,#5687);
#4813=AXIS2_PLACEMENT_3D('',#7219,#5688,#5689);
#4814=AXIS2_PLACEMENT_3D('',#7223,#5691,#5692);
#4815=AXIS2_PLACEMENT_3D('',#7225,#5693,#5694);
#4816=AXIS2_PLACEMENT_3D('',#7227,#5695,#5696);
#4817=AXIS2_PLACEMENT_3D('',#7231,#5698,#5699);
#4818=AXIS2_PLACEMENT_3D('',#7233,#5700,#5701);
#4819=AXIS2_PLACEMENT_3D('',#7235,#5702,#5703);
#4820=AXIS2_PLACEMENT_3D('',#7239,#5705,#5706);
#4821=AXIS2_PLACEMENT_3D('',#7241,#5707,#5708);
#4822=AXIS2_PLACEMENT_3D('',#7243,#5709,#5710);
#4823=AXIS2_PLACEMENT_3D('',#7247,#5712,#5713);
#4824=AXIS2_PLACEMENT_3D('',#7249,#5714,#5715);
#4825=AXIS2_PLACEMENT_3D('',#7251,#5716,#5717);
#4826=AXIS2_PLACEMENT_3D('',#7255,#5719,#5720);
#4827=AXIS2_PLACEMENT_3D('',#7256,#5721,#5722);
#4828=AXIS2_PLACEMENT_3D('',#7265,#5727,#5728);
#4829=AXIS2_PLACEMENT_3D('',#7269,#5730,#5731);
#4830=AXIS2_PLACEMENT_3D('',#7273,#5733,#5734);
#4831=AXIS2_PLACEMENT_3D('',#7274,#5735,#5736);
#4832=AXIS2_PLACEMENT_3D('',#7278,#5738,#5739);
#4833=AXIS2_PLACEMENT_3D('',#7282,#5741,#5742);
#4834=AXIS2_PLACEMENT_3D('',#7283,#5743,#5744);
#4835=AXIS2_PLACEMENT_3D('',#7292,#5749,#5750);
#4836=AXIS2_PLACEMENT_3D('',#7301,#5755,#5756);
#4837=AXIS2_PLACEMENT_3D('',#7305,#5758,#5759);
#4838=AXIS2_PLACEMENT_3D('',#7309,#5761,#5762);
#4839=AXIS2_PLACEMENT_3D('',#7310,#5763,#5764);
#4840=AXIS2_PLACEMENT_3D('',#7314,#5766,#5767);
#4841=AXIS2_PLACEMENT_3D('',#7318,#5769,#5770);
#4842=AXIS2_PLACEMENT_3D('',#7319,#5771,#5772);
#4843=AXIS2_PLACEMENT_3D('',#7328,#5777,#5778);
#4844=AXIS2_PLACEMENT_3D('',#7332,#5780,#5781);
#4845=AXIS2_PLACEMENT_3D('',#7336,#5783,#5784);
#4846=AXIS2_PLACEMENT_3D('',#7337,#5785,#5786);
#4847=AXIS2_PLACEMENT_3D('',#7341,#5788,#5789);
#4848=AXIS2_PLACEMENT_3D('',#7345,#5791,#5792);
#4849=AXIS2_PLACEMENT_3D('',#7346,#5793,#5794);
#4850=AXIS2_PLACEMENT_3D('',#7347,#5795,#5796);
#4851=AXIS2_PLACEMENT_3D('',#7348,#5797,#5798);
#4852=AXIS2_PLACEMENT_3D('',#7349,#5799,#5800);
#4853=AXIS2_PLACEMENT_3D('',#7350,#5801,#5802);
#4854=AXIS2_PLACEMENT_3D('',#7351,#5803,#5804);
#4855=AXIS2_PLACEMENT_3D('',#7352,#5805,#5806);
#4856=AXIS2_PLACEMENT_3D('',#7353,#5807,#5808);
#4857=AXIS2_PLACEMENT_3D('',#7354,#5809,#5810);
#4858=AXIS2_PLACEMENT_3D('',#7355,#5811,#5812);
#4859=AXIS2_PLACEMENT_3D('',#7356,#5813,#5814);
#4860=AXIS2_PLACEMENT_3D('',#7357,#5815,#5816);
#4861=AXIS2_PLACEMENT_3D('',#7358,#5817,#5818);
#4862=AXIS2_PLACEMENT_3D('',#7359,#5819,#5820);
#4863=AXIS2_PLACEMENT_3D('',#7368,#5821,#5822);
#4864=AXIS2_PLACEMENT_3D('',#7369,#5823,#5824);
#4865=AXIS2_PLACEMENT_3D('',#7370,#5825,#5826);
#4866=AXIS2_PLACEMENT_3D('',#7371,#5827,#5828);
#4867=AXIS2_PLACEMENT_3D('',#7380,#5829,#5830);
#4868=AXIS2_PLACEMENT_3D('',#7381,#5831,#5832);
#4869=AXIS2_PLACEMENT_3D('',#7390,#5833,#5834);
#4870=AXIS2_PLACEMENT_3D('',#7391,#5835,#5836);
#4871=AXIS2_PLACEMENT_3D('',#7392,#5837,#5838);
#4872=AXIS2_PLACEMENT_3D('',#7393,#5839,#5840);
#4873=AXIS2_PLACEMENT_3D('',#7402,#5841,#5842);
#4874=AXIS2_PLACEMENT_3D('',#7403,#5843,#5844);
#4875=AXIS2_PLACEMENT_3D('',#7404,#5845,#5846);
#4876=AXIS2_PLACEMENT_3D('',#7405,#5847,#5848);
#4877=AXIS2_PLACEMENT_3D('',#7406,#5849,#5850);
#4878=AXIS2_PLACEMENT_3D('',#7407,#5851,#5852);
#4879=AXIS2_PLACEMENT_3D('',#7408,#5853,#5854);
#4880=AXIS2_PLACEMENT_3D('',#7409,#5855,#5856);
#4881=AXIS2_PLACEMENT_3D('',#7410,#5857,#5858);
#4882=AXIS2_PLACEMENT_3D('',#7411,#5859,#5860);
#4883=AXIS2_PLACEMENT_3D('',#7412,#5861,#5862);
#4884=AXIS2_PLACEMENT_3D('',#7413,#5863,#5864);
#4885=AXIS2_PLACEMENT_3D('',#7414,#5865,#5866);
#4886=AXIS2_PLACEMENT_3D('',#7415,#5867,#5868);
#4887=AXIS2_PLACEMENT_3D('',#7416,#5869,#5870);
#4888=AXIS2_PLACEMENT_3D('',#7417,#5871,#5872);
#4889=AXIS2_PLACEMENT_3D('',#7418,#5873,#5874);
#4890=AXIS2_PLACEMENT_3D('',#7419,#5875,#5876);
#4891=AXIS2_PLACEMENT_3D('',#7420,#5877,#5878);
#4892=AXIS2_PLACEMENT_3D('',#7421,#5879,#5880);
#4893=AXIS2_PLACEMENT_3D('',#7422,#5881,#5882);
#4894=AXIS2_PLACEMENT_3D('',#7423,#5883,#5884);
#4895=AXIS2_PLACEMENT_3D('',#7424,#5885,#5886);
#4896=AXIS2_PLACEMENT_3D('',#7425,#5887,#5888);
#4897=AXIS2_PLACEMENT_3D('',#7426,#5889,#5890);
#4898=AXIS2_PLACEMENT_3D('',#7427,#5891,#5892);
#4899=AXIS2_PLACEMENT_3D('',#7432,#5893,#5894);
#4900=AXIS2_PLACEMENT_3D('',#7433,#5895,#5896);
#4901=AXIS2_PLACEMENT_3D('',#7438,#5897,#5898);
#4902=AXIS2_PLACEMENT_3D('',#7439,#5899,#5900);
#4903=AXIS2_PLACEMENT_3D('',#7444,#5901,#5902);
#4904=AXIS2_PLACEMENT_3D('',#7445,#5903,#5904);
#4905=AXIS2_PLACEMENT_3D('',#7450,#5905,#5906);
#4906=AXIS2_PLACEMENT_3D('',#7485,#5907,#5908);
#4907=AXIS2_PLACEMENT_3D('',#7532,#5909,#5910);
#4908=AXIS2_PLACEMENT_3D('',#7545,#5911,#5912);
#4909=AXIS2_PLACEMENT_3D('',#7567,#5913,#5914);
#4910=AXIS2_PLACEMENT_3D('',#7568,#5915,#5916);
#4911=AXIS2_PLACEMENT_3D('',#7569,#5917,#5918);
#4912=AXIS2_PLACEMENT_3D('',#7570,#5919,#5920);
#4913=AXIS2_PLACEMENT_3D('',#7571,#5921,#5922);
#4914=AXIS2_PLACEMENT_3D('',#7572,#5923,#5924);
#4915=AXIS2_PLACEMENT_3D('',#7573,#5925,#5926);
#4916=AXIS2_PLACEMENT_3D('',#7574,#5927,#5928);
#4917=AXIS2_PLACEMENT_3D('',#7575,#5929,#5930);
#4918=AXIS2_PLACEMENT_3D('',#7576,#5931,#5932);
#4919=AXIS2_PLACEMENT_3D('',#7577,#5933,#5934);
#4920=AXIS2_PLACEMENT_3D('',#7578,#5935,#5936);
#4921=AXIS2_PLACEMENT_3D('',#7579,#5937,#5938);
#4922=AXIS2_PLACEMENT_3D('',#7580,#5939,#5940);
#4923=AXIS2_PLACEMENT_3D('',#7581,#5941,#5942);
#4924=AXIS2_PLACEMENT_3D('',#7582,#5943,#5944);
#4925=AXIS2_PLACEMENT_3D('',#7583,#5945,#5946);
#4926=AXIS2_PLACEMENT_3D('',#7584,#5947,#5948);
#4927=AXIS2_PLACEMENT_3D('',#7585,#5949,#5950);
#4928=AXIS2_PLACEMENT_3D('',#7586,#5951,#5952);
#4929=AXIS2_PLACEMENT_3D('',#7587,#5953,#5954);
#4930=AXIS2_PLACEMENT_3D('',#7588,#5955,#5956);
#4931=AXIS2_PLACEMENT_3D('',#7589,#5957,#5958);
#4932=AXIS2_PLACEMENT_3D('',#7590,#5959,#5960);
#4933=AXIS2_PLACEMENT_3D('',#7591,#5961,#5962);
#4934=AXIS2_PLACEMENT_3D('',#7592,#5963,#5964);
#4935=AXIS2_PLACEMENT_3D('',#7593,#5965,#5966);
#4936=AXIS2_PLACEMENT_3D('',#7594,#5967,#5968);
#4937=AXIS2_PLACEMENT_3D('',#7595,#5969,#5970);
#4938=AXIS2_PLACEMENT_3D('',#7596,#5971,#5972);
#4939=AXIS2_PLACEMENT_3D('',#7597,#5973,#5974);
#4940=AXIS2_PLACEMENT_3D('',#7619,#5975,#5976);
#4941=AXIS2_PLACEMENT_3D('',#7632,#5977,#5978);
#4942=AXIS2_PLACEMENT_3D('',#7657,#5979,#5980);
#4943=AXIS2_PLACEMENT_3D('',#7670,#5981,#5982);
#4944=AXIS2_PLACEMENT_3D('',#7692,#5983,#5984);
#4945=AXIS2_PLACEMENT_3D('',#7693,#5985,#5986);
#4946=AXIS2_PLACEMENT_3D('',#7694,#5987,#5988);
#4947=AXIS2_PLACEMENT_3D('',#7695,#5989,#5990);
#4948=AXIS2_PLACEMENT_3D('',#7696,#5991,#5992);
#4949=AXIS2_PLACEMENT_3D('',#7697,#5993,#5994);
#4950=AXIS2_PLACEMENT_3D('',#7698,#5995,#5996);
#4951=AXIS2_PLACEMENT_3D('',#7699,#5997,#5998);
#4952=AXIS2_PLACEMENT_3D('',#7700,#5999,#6000);
#4953=AXIS2_PLACEMENT_3D('',#7701,#6001,#6002);
#4954=AXIS2_PLACEMENT_3D('',#7702,#6003,#6004);
#4955=AXIS2_PLACEMENT_3D('',#7703,#6005,#6006);
#4956=AXIS2_PLACEMENT_3D('',#7704,#6007,#6008);
#4957=AXIS2_PLACEMENT_3D('',#7705,#6009,#6010);
#4958=AXIS2_PLACEMENT_3D('',#7706,#6011,#6012);
#4959=AXIS2_PLACEMENT_3D('',#7707,#6013,#6014);
#4960=AXIS2_PLACEMENT_3D('',#7708,#6015,#6016);
#4961=AXIS2_PLACEMENT_3D('',#7709,#6017,#6018);
#4962=AXIS2_PLACEMENT_3D('',#7710,#6019,#6020);
#4963=AXIS2_PLACEMENT_3D('',#7711,#6021,#6022);
#4964=AXIS2_PLACEMENT_3D('',#7712,#6023,#6024);
#4965=AXIS2_PLACEMENT_3D('',#7713,#6025,#6026);
#4966=AXIS2_PLACEMENT_3D('',#7714,#6027,#6028);
#4967=AXIS2_PLACEMENT_3D('',#7715,#6029,#6030);
#4968=AXIS2_PLACEMENT_3D('',#7716,#6031,#6032);
#4969=AXIS2_PLACEMENT_3D('',#7717,#6033,#6034);
#4970=AXIS2_PLACEMENT_3D('',#7718,#6035,#6036);
#4971=AXIS2_PLACEMENT_3D('',#7719,#6037,#6038);
#4972=AXIS2_PLACEMENT_3D('',#7720,#6039,#6040);
#4973=AXIS2_PLACEMENT_3D('',#7721,#6041,#6042);
#4974=AXIS2_PLACEMENT_3D('',#7722,#6043,#6044);
#4975=AXIS2_PLACEMENT_3D('',#7744,#6045,#6046);
#4976=AXIS2_PLACEMENT_3D('',#7757,#6047,#6048);
#4977=AXIS2_PLACEMENT_3D('',#7770,#6049,#6050);
#4978=AXIS2_PLACEMENT_3D('',#7773,#6053,#6054);
#4979=AXIS2_PLACEMENT_3D('',#7775,#6056,#6057);
#4980=AXIS2_PLACEMENT_3D('',#7777,#6059,#6060);
#4981=AXIS2_PLACEMENT_3D('',#7779,#6062,#6063);
#4982=AXIS2_PLACEMENT_3D('',#7781,#6065,#6066);
#4983=AXIS2_PLACEMENT_3D('',#7783,#6068,#6069);
#4984=AXIS2_PLACEMENT_3D('',#7785,#6071,#6072);
#4985=AXIS2_PLACEMENT_3D('',#7787,#6074,#6075);
#4986=AXIS2_PLACEMENT_3D('',#7789,#6077,#6078);
#4987=AXIS2_PLACEMENT_3D('',#7791,#6080,#6081);
#4988=AXIS2_PLACEMENT_3D('',#7793,#6083,#6084);
#4989=AXIS2_PLACEMENT_3D('',#7795,#6086,#6087);
#4990=AXIS2_PLACEMENT_3D('',#7797,#6089,#6090);
#4991=AXIS2_PLACEMENT_3D('',#7799,#6092,#6093);
#4992=AXIS2_PLACEMENT_3D('',#7801,#6095,#6096);
#4993=AXIS2_PLACEMENT_3D('',#7803,#6098,#6099);
#4994=AXIS2_PLACEMENT_3D('',#7805,#6101,#6102);
#4995=AXIS2_PLACEMENT_3D('',#7807,#6104,#6105);
#4996=AXIS2_PLACEMENT_3D('',#7809,#6107,#6108);
#4997=AXIS2_PLACEMENT_3D('',#7811,#6110,#6111);
#4998=AXIS2_PLACEMENT_3D('',#7813,#6113,#6114);
#4999=AXIS2_PLACEMENT_3D('',#7815,#6116,#6117);
#5000=AXIS2_PLACEMENT_3D('',#7817,#6119,#6120);
#5001=AXIS2_PLACEMENT_3D('',#7819,#6122,#6123);
#5002=AXIS2_PLACEMENT_3D('',#7821,#6125,#6126);
#5003=AXIS2_PLACEMENT_3D('',#7823,#6128,#6129);
#5004=AXIS2_PLACEMENT_3D('',#7825,#6131,#6132);
#5005=AXIS2_PLACEMENT_3D('',#7827,#6134,#6135);
#5006=AXIS2_PLACEMENT_3D('',#7829,#6137,#6138);
#5007=AXIS2_PLACEMENT_3D('',#7831,#6140,#6141);
#5008=AXIS2_PLACEMENT_3D('',#7833,#6143,#6144);
#5009=AXIS2_PLACEMENT_3D('',#7835,#6146,#6147);
#5010=AXIS2_PLACEMENT_3D('',#7837,#6149,#6150);
#5011=AXIS2_PLACEMENT_3D('',#7839,#6152,#6153);
#5012=AXIS2_PLACEMENT_3D('',#7841,#6155,#6156);
#5013=AXIS2_PLACEMENT_3D('',#7843,#6158,#6159);
#5014=AXIS2_PLACEMENT_3D('',#7845,#6161,#6162);
#5015=AXIS2_PLACEMENT_3D('',#7847,#6164,#6165);
#5016=AXIS2_PLACEMENT_3D('',#7849,#6167,#6168);
#5017=AXIS2_PLACEMENT_3D('',#7851,#6170,#6171);
#5018=AXIS2_PLACEMENT_3D('',#7853,#6173,#6174);
#5019=AXIS2_PLACEMENT_3D('',#7855,#6176,#6177);
#5020=AXIS2_PLACEMENT_3D('',#7857,#6179,#6180);
#5021=AXIS2_PLACEMENT_3D('',#7859,#6182,#6183);
#5022=AXIS2_PLACEMENT_3D('',#7861,#6185,#6186);
#5023=AXIS2_PLACEMENT_3D('',#7863,#6188,#6189);
#5024=AXIS2_PLACEMENT_3D('',#7865,#6191,#6192);
#5025=AXIS2_PLACEMENT_3D('',#7867,#6194,#6195);
#5026=AXIS2_PLACEMENT_3D('',#7869,#6197,#6198);
#5027=AXIS2_PLACEMENT_3D('',#7871,#6200,#6201);
#5028=AXIS2_PLACEMENT_3D('',#7873,#6203,#6204);
#5029=AXIS2_PLACEMENT_3D('',#7875,#6206,#6207);
#5030=AXIS2_PLACEMENT_3D('',#7877,#6209,#6210);
#5031=AXIS2_PLACEMENT_3D('',#7879,#6212,#6213);
#5032=AXIS2_PLACEMENT_3D('',#7881,#6215,#6216);
#5033=AXIS2_PLACEMENT_3D('',#7882,#6217,#6218);
#5034=AXIS2_PLACEMENT_3D('',#7883,#6219,#6220);
#5035=AXIS2_PLACEMENT_3D('',#7885,#6221,#6222);
#5036=AXIS2_PLACEMENT_3D('',#7886,#6223,#6224);
#5037=AXIS2_PLACEMENT_3D('',#7888,#6225,#6226);
#5038=AXIS2_PLACEMENT_3D('',#7889,#6227,#6228);
#5039=AXIS2_PLACEMENT_3D('',#7891,#6229,#6230);
#5040=AXIS2_PLACEMENT_3D('',#7892,#6231,#6232);
#5041=AXIS2_PLACEMENT_3D('',#7894,#6233,#6234);
#5042=AXIS2_PLACEMENT_3D('',#7895,#6235,#6236);
#5043=AXIS2_PLACEMENT_3D('',#7897,#6237,#6238);
#5044=AXIS2_PLACEMENT_3D('',#7898,#6239,#6240);
#5045=AXIS2_PLACEMENT_3D('',#7900,#6241,#6242);
#5046=AXIS2_PLACEMENT_3D('',#7902,#6243,#6244);
#5047=AXIS2_PLACEMENT_3D('',#7904,#6245,#6246);
#5048=AXIS2_PLACEMENT_3D('',#7906,#6247,#6248);
#5049=AXIS2_PLACEMENT_3D('',#7908,#6249,#6250);
#5050=AXIS2_PLACEMENT_3D('',#7910,#6251,#6252);
#5051=AXIS2_PLACEMENT_3D('',#7912,#6253,#6254);
#5052=AXIS2_PLACEMENT_3D('',#7919,#6256,#6257);
#5053=AXIS2_PLACEMENT_3D('',#7920,#6258,#6259);
#5054=AXIS2_PLACEMENT_3D('',#7923,#6261,#6262);
#5055=AXIS2_PLACEMENT_3D('',#7929,#6263,#6264);
#5056=AXIS2_PLACEMENT_3D('',#7937,#6266,#6267);
#5057=AXIS2_PLACEMENT_3D('',#7938,#6268,#6269);
#5058=AXIS2_PLACEMENT_3D('',#7941,#6271,#6272);
#5059=AXIS2_PLACEMENT_3D('',#7946,#6273,#6274);
#5060=AXIS2_PLACEMENT_3D('',#7953,#6276,#6277);
#5061=AXIS2_PLACEMENT_3D('',#7954,#6278,#6279);
#5062=AXIS2_PLACEMENT_3D('',#7957,#6281,#6282);
#5063=AXIS2_PLACEMENT_3D('',#7958,#6283,#6284);
#5064=AXIS2_PLACEMENT_3D('',#7971,#6286,#6287);
#5065=AXIS2_PLACEMENT_3D('',#7972,#6288,#6289);
#5066=AXIS2_PLACEMENT_3D('',#7975,#6291,#6292);
#5067=AXIS2_PLACEMENT_3D('',#7980,#6293,#6294);
#5068=AXIS2_PLACEMENT_3D('',#7987,#6296,#6297);
#5069=AXIS2_PLACEMENT_3D('',#7988,#6298,#6299);
#5070=AXIS2_PLACEMENT_3D('',#7991,#6301,#6302);
#5071=AXIS2_PLACEMENT_3D('',#7997,#6303,#6304);
#5072=AXIS2_PLACEMENT_3D('',#8005,#6306,#6307);
#5073=AXIS2_PLACEMENT_3D('',#8006,#6308,#6309);
#5074=AXIS2_PLACEMENT_3D('',#8009,#6311,#6312);
#5075=AXIS2_PLACEMENT_3D('',#8014,#6313,#6314);
#5076=AXIS2_PLACEMENT_3D('',#8021,#6316,#6317);
#5077=AXIS2_PLACEMENT_3D('',#8022,#6318,#6319);
#5078=AXIS2_PLACEMENT_3D('',#8025,#6321,#6322);
#5079=AXIS2_PLACEMENT_3D('',#8026,#6323,#6324);
#5080=AXIS2_PLACEMENT_3D('',#8039,#6326,#6327);
#5081=AXIS2_PLACEMENT_3D('',#8040,#6328,#6329);
#5082=AXIS2_PLACEMENT_3D('',#8043,#6331,#6332);
#5083=AXIS2_PLACEMENT_3D('',#8048,#6333,#6334);
#5084=AXIS2_PLACEMENT_3D('',#8055,#6336,#6337);
#5085=AXIS2_PLACEMENT_3D('',#8056,#6338,#6339);
#5086=AXIS2_PLACEMENT_3D('',#8059,#6341,#6342);
#5087=AXIS2_PLACEMENT_3D('',#8065,#6343,#6344);
#5088=AXIS2_PLACEMENT_3D('',#8073,#6346,#6347);
#5089=AXIS2_PLACEMENT_3D('',#8074,#6348,#6349);
#5090=AXIS2_PLACEMENT_3D('',#8077,#6351,#6352);
#5091=AXIS2_PLACEMENT_3D('',#8082,#6353,#6354);
#5092=AXIS2_PLACEMENT_3D('',#8083,#6355,#6356);
#5093=AXIS2_PLACEMENT_3D('',#8085,#6357,#6358);
#5094=AXIS2_PLACEMENT_3D('',#8087,#6359,#6360);
#5095=AXIS2_PLACEMENT_3D('',#8088,#6361,#6362);
#5096=AXIS2_PLACEMENT_3D('',#8090,#6363,#6364);
#5097=AXIS2_PLACEMENT_3D('',#8092,#6365,#6366);
#5098=AXIS2_PLACEMENT_3D('',#8093,#6367,#6368);
#5099=AXIS2_PLACEMENT_3D('',#8095,#6369,#6370);
#5100=AXIS2_PLACEMENT_3D('',#8096,#6371,#6372);
#5101=AXIS2_PLACEMENT_3D('',#8098,#6373,#6374);
#5102=AXIS2_PLACEMENT_3D('',#8099,#6375,#6376);
#5103=AXIS2_PLACEMENT_3D('',#8101,#6377,#6378);
#5104=AXIS2_PLACEMENT_3D('',#8103,#6379,#6380);
#5105=AXIS2_PLACEMENT_3D('',#8104,#6381,#6382);
#5106=AXIS2_PLACEMENT_3D('',#8106,#6383,#6384);
#5107=AXIS2_PLACEMENT_3D('',#8108,#6385,#6386);
#5108=AXIS2_PLACEMENT_3D('',#8109,#6387,#6388);
#5109=AXIS2_PLACEMENT_3D('',#8111,#6389,#6390);
#5110=AXIS2_PLACEMENT_3D('',#8112,#6391,#6392);
#5111=AXIS2_PLACEMENT_3D('',#8114,#6393,#6394);
#5112=AXIS2_PLACEMENT_3D('',#8115,#6395,#6396);
#5113=AXIS2_PLACEMENT_3D('',#8117,#6397,#6398);
#5114=AXIS2_PLACEMENT_3D('',#8119,#6399,#6400);
#5115=AXIS2_PLACEMENT_3D('',#8120,#6401,#6402);
#5116=AXIS2_PLACEMENT_3D('',#8122,#6403,#6404);
#5117=AXIS2_PLACEMENT_3D('',#8124,#6405,#6406);
#5118=AXIS2_PLACEMENT_3D('',#8125,#6407,#6408);
#5119=AXIS2_PLACEMENT_3D('',#8127,#6409,#6410);
#5120=AXIS2_PLACEMENT_3D('',#8128,#6411,#6412);
#5121=AXIS2_PLACEMENT_3D('',#8130,#6413,#6414);
#5122=AXIS2_PLACEMENT_3D('',#8131,#6415,#6416);
#5123=AXIS2_PLACEMENT_3D('',#8133,#6417,#6418);
#5124=AXIS2_PLACEMENT_3D('',#8135,#6419,#6420);
#5125=AXIS2_PLACEMENT_3D('',#8136,#6421,#6422);
#5126=AXIS2_PLACEMENT_3D('',#8138,#6423,#6424);
#5127=AXIS2_PLACEMENT_3D('',#8140,#6425,#6426);
#5128=AXIS2_PLACEMENT_3D('',#8141,#6427,#6428);
#5129=AXIS2_PLACEMENT_3D('',#8143,#6429,#6430);
#5130=AXIS2_PLACEMENT_3D('',#8144,#6431,#6432);
#5131=AXIS2_PLACEMENT_3D('',#8146,#6433,#6434);
#5132=AXIS2_PLACEMENT_3D('',#8147,#6435,#6436);
#5133=AXIS2_PLACEMENT_3D('',#8149,#6437,#6438);
#5134=AXIS2_PLACEMENT_3D('',#8151,#6439,#6440);
#5135=AXIS2_PLACEMENT_3D('',#8152,#6441,#6442);
#5136=AXIS2_PLACEMENT_3D('',#8154,#6443,#6444);
#5137=AXIS2_PLACEMENT_3D('',#8156,#6445,#6446);
#5138=AXIS2_PLACEMENT_3D('',#8157,#6447,#6448);
#5139=AXIS2_PLACEMENT_3D('',#8159,#6449,#6450);
#5140=AXIS2_PLACEMENT_3D('',#8160,#6451,#6452);
#5141=AXIS2_PLACEMENT_3D('',#8162,#6453,#6454);
#5142=AXIS2_PLACEMENT_3D('',#8163,#6455,#6456);
#5143=AXIS2_PLACEMENT_3D('',#8179,#6457,#6458);
#5144=AXIS2_PLACEMENT_3D('',#8194,#6459,#6460);
#5145=AXIS2_PLACEMENT_3D('',#8209,#6461,#6462);
#5146=AXIS2_PLACEMENT_3D('',#8224,#6463,#6464);
#5147=AXIS2_PLACEMENT_3D('',#8238,#6465,#6466);
#5148=AXIS2_PLACEMENT_3D('',#8240,#6467,#6468);
#5149=AXIS2_PLACEMENT_3D('',#8272,#6469,#6470);
#5150=AXIS2_PLACEMENT_3D('',#8304,#6471,#6472);
#5151=AXIS2_PLACEMENT_3D('',#8310,#6473,#6474);
#5152=AXIS2_PLACEMENT_3D('',#8316,#6475,#6476);
#5153=AXIS2_PLACEMENT_3D('',#8322,#6477,#6478);
#5154=AXIS2_PLACEMENT_3D('',#8328,#6479,#6480);
#5155=AXIS2_PLACEMENT_3D('',#8360,#6481,#6482);
#5156=AXIS2_PLACEMENT_3D('',#8392,#6483,#6484);
#5157=AXIS2_PLACEMENT_3D('',#8398,#6485,#6486);
#5158=AXIS2_PLACEMENT_3D('',#8404,#6487,#6488);
#5159=AXIS2_PLACEMENT_3D('',#8410,#6489,#6490);
#5160=AXIS2_PLACEMENT_3D('',#8416,#6491,#6492);
#5161=AXIS2_PLACEMENT_3D('',#8448,#6493,#6494);
#5162=AXIS2_PLACEMENT_3D('',#8480,#6495,#6496);
#5163=AXIS2_PLACEMENT_3D('',#8486,#6497,#6498);
#5164=AXIS2_PLACEMENT_3D('',#8492,#6499,#6500);
#5165=AXIS2_PLACEMENT_3D('',#8498,#6501,#6502);
#5166=AXIS2_PLACEMENT_3D('',#8504,#6503,#6504);
#5167=AXIS2_PLACEMENT_3D('',#8536,#6505,#6506);
#5168=AXIS2_PLACEMENT_3D('',#8568,#6507,#6508);
#5169=AXIS2_PLACEMENT_3D('',#8574,#6509,#6510);
#5170=AXIS2_PLACEMENT_3D('',#8580,#6511,#6512);
#5171=AXIS2_PLACEMENT_3D('',#8586,#6513,#6514);
#5172=AXIS2_PLACEMENT_3D('',#8592,#6515,#6516);
#5173=AXIS2_PLACEMENT_3D('',#8624,#6517,#6518);
#5174=AXIS2_PLACEMENT_3D('',#8656,#6519,#6520);
#5175=AXIS2_PLACEMENT_3D('',#8662,#6521,#6522);
#5176=AXIS2_PLACEMENT_3D('',#8668,#6523,#6524);
#5177=AXIS2_PLACEMENT_3D('',#8674,#6525,#6526);
#5178=AXIS2_PLACEMENT_3D('',#8680,#6527,#6528);
#5179=AXIS2_PLACEMENT_3D('',#8693,#6529,#6530);
#5180=AXIS2_PLACEMENT_3D('',#8694,#6531,#6532);
#5181=AXIS2_PLACEMENT_3D('',#8695,#6533,#6534);
#5182=AXIS2_PLACEMENT_3D('',#8717,#6535,#6536);
#5183=AXIS2_PLACEMENT_3D('',#8718,#6537,#6538);
#5184=AXIS2_PLACEMENT_3D('',#8719,#6539,#6540);
#5185=AXIS2_PLACEMENT_3D('',#8741,#6541,#6542);
#5186=AXIS2_PLACEMENT_3D('',#8742,#6543,#6544);
#5187=AXIS2_PLACEMENT_3D('',#8743,#6545,#6546);
#5188=AXIS2_PLACEMENT_3D('',#8768,#6547,#6548);
#5189=AXIS2_PLACEMENT_3D('',#8769,#6549,#6550);
#5190=AXIS2_PLACEMENT_3D('',#8770,#6551,#6552);
#5191=AXIS2_PLACEMENT_3D('',#8792,#6553,#6554);
#5192=AXIS2_PLACEMENT_3D('',#8793,#6555,#6556);
#5193=AXIS2_PLACEMENT_3D('',#8794,#6557,#6558);
#5194=AXIS2_PLACEMENT_3D('',#8816,#6559,#6560);
#5195=AXIS2_PLACEMENT_3D('',#8817,#6561,#6562);
#5196=AXIS2_PLACEMENT_3D('',#8818,#6563,#6564);
#5197=AXIS2_PLACEMENT_3D('',#8843,#6565,#6566);
#5198=AXIS2_PLACEMENT_3D('',#8844,#6567,#6568);
#5199=AXIS2_PLACEMENT_3D('',#8845,#6569,#6570);
#5200=AXIS2_PLACEMENT_3D('',#8867,#6571,#6572);
#5201=AXIS2_PLACEMENT_3D('',#8868,#6573,#6574);
#5202=AXIS2_PLACEMENT_3D('',#8869,#6575,#6576);
#5203=AXIS2_PLACEMENT_3D('',#8891,#6577,#6578);
#5204=AXIS2_PLACEMENT_3D('',#8892,#6579,#6580);
#5205=AXIS2_PLACEMENT_3D('',#8893,#6581,#6582);
#5206=AXIS2_PLACEMENT_3D('',#8918,#6583,#6584);
#5207=AXIS2_PLACEMENT_3D('',#8919,#6585,#6586);
#5208=AXIS2_PLACEMENT_3D('',#8920,#6587,#6588);
#5209=AXIS2_PLACEMENT_3D('',#8942,#6589,#6590);
#5210=AXIS2_PLACEMENT_3D('',#8943,#6591,#6592);
#5211=AXIS2_PLACEMENT_3D('',#8944,#6593,#6594);
#5212=AXIS2_PLACEMENT_3D('',#8966,#6595,#6596);
#5213=AXIS2_PLACEMENT_3D('',#8967,#6597,#6598);
#5214=AXIS2_PLACEMENT_3D('',#8968,#6599,#6600);
#5215=AXIS2_PLACEMENT_3D('',#8993,#6601,#6602);
#5216=AXIS2_PLACEMENT_3D('',#8994,#6603,#6604);
#5217=AXIS2_PLACEMENT_3D('',#8995,#6605,#6606);
#5218=AXIS2_PLACEMENT_3D('',#9017,#6607,#6608);
#5219=AXIS2_PLACEMENT_3D('',#9018,#6609,#6610);
#5220=AXIS2_PLACEMENT_3D('',#9019,#6611,#6612);
#5221=AXIS2_PLACEMENT_3D('',#9041,#6613,#6614);
#5222=AXIS2_PLACEMENT_3D('',#9042,#6615,#6616);
#5223=AXIS2_PLACEMENT_3D('',#9043,#6617,#6618);
#5224=AXIS2_PLACEMENT_3D('',#9056,#6619,#6620);
#5225=AXIS2_PLACEMENT_3D('',#9057,#6621,#6622);
#5226=AXIS2_PLACEMENT_3D('',#9059,#6623,#6624);
#5227=AXIS2_PLACEMENT_3D('',#9060,#6625,#6626);
#5228=AXIS2_PLACEMENT_3D('',#9062,#6627,#6628);
#5229=AXIS2_PLACEMENT_3D('',#9063,#6629,#6630);
#5230=AXIS2_PLACEMENT_3D('',#9065,#6631,#6632);
#5231=AXIS2_PLACEMENT_3D('',#9066,#6633,#6634);
#5232=AXIS2_PLACEMENT_3D('',#9068,#6635,#6636);
#5233=AXIS2_PLACEMENT_3D('',#9069,#6637,#6638);
#5234=AXIS2_PLACEMENT_3D('',#9071,#6639,#6640);
#5235=AXIS2_PLACEMENT_3D('',#9073,#6641,#6642);
#5236=AXIS2_PLACEMENT_3D('',#9075,#6643,#6644);
#5237=AXIS2_PLACEMENT_3D('',#9077,#6645,#6646);
#5238=AXIS2_PLACEMENT_3D('',#9079,#6647,#6648);
#5239=DIRECTION('',(0.,0.,1.));
#5240=DIRECTION('',(1.,0.,0.));
#5241=DIRECTION('',(0.,0.,1.));
#5242=DIRECTION('',(1.,0.,0.));
#5243=DIRECTION('',(0.,0.,-1.));
#5244=DIRECTION('',(-1.,0.,0.));
#5245=DIRECTION('',(0.,0.,1.));
#5246=DIRECTION('',(1.,0.,0.));
#5247=DIRECTION('',(0.,0.,1.));
#5248=DIRECTION('',(1.,0.,0.));
#5249=DIRECTION('',(0.,0.,-1.));
#5250=DIRECTION('',(-1.,0.,0.));
#5251=DIRECTION('',(0.,0.,1.));
#5252=DIRECTION('',(1.,0.,0.));
#5253=DIRECTION('',(0.,-1.,0.));
#5254=DIRECTION('',(0.,0.,-1.));
#5255=DIRECTION('',(0.,0.,1.));
#5256=DIRECTION('',(-1.,0.,0.));
#5257=DIRECTION('',(0.,0.,-1.));
#5258=DIRECTION('',(1.,0.,0.));
#5259=DIRECTION('',(0.,-1.,0.));
#5260=DIRECTION('',(0.,0.,-1.));
#5261=DIRECTION('',(0.,0.,-1.));
#5262=DIRECTION('',(-1.,0.,0.));
#5263=DIRECTION('',(0.,0.,-1.));
#5264=DIRECTION('',(1.,0.,0.));
#5265=DIRECTION('',(0.,-1.,0.));
#5266=DIRECTION('',(0.,0.,-1.));
#5267=DIRECTION('',(0.,0.,1.));
#5268=DIRECTION('',(1.,0.,0.));
#5269=DIRECTION('',(0.,0.,1.));
#5270=DIRECTION('',(1.,0.,0.));
#5271=DIRECTION('',(0.,-1.,0.));
#5272=DIRECTION('',(0.,0.,-1.));
#5273=DIRECTION('',(0.,0.,1.));
#5274=DIRECTION('',(1.,0.,0.));
#5275=DIRECTION('',(0.,0.,-1.));
#5276=DIRECTION('',(1.,0.,0.));
#5277=DIRECTION('',(0.,0.,-1.));
#5278=DIRECTION('',(-1.,0.,0.));
#5279=DIRECTION('',(0.,0.,-1.));
#5280=DIRECTION('',(-1.,0.,0.));
#5281=DIRECTION('',(-1.,5.25595959568929E-16,0.));
#5282=DIRECTION('',(0.,0.,-1.));
#5283=DIRECTION('',(-1.,0.,0.));
#5284=DIRECTION('',(0.,0.,-1.));
#5285=DIRECTION('',(-1.,0.,0.));
#5286=DIRECTION('',(0.,0.,-1.));
#5287=DIRECTION('',(-1.,0.,0.));
#5288=DIRECTION('',(0.,0.,-1.));
#5289=DIRECTION('',(-1.,0.,0.));
#5290=DIRECTION('',(0.,0.,-1.));
#5291=DIRECTION('',(-1.,0.,0.));
#5292=DIRECTION('',(0.,0.,-1.));
#5293=DIRECTION('',(-1.,0.,0.));
#5294=DIRECTION('',(0.,0.,-1.));
#5295=DIRECTION('',(-1.,0.,0.));
#5296=DIRECTION('',(0.,0.,-1.));
#5297=DIRECTION('',(-1.,0.,0.));
#5298=DIRECTION('',(0.,0.,-1.));
#5299=DIRECTION('',(-1.,0.,0.));
#5300=DIRECTION('',(0.,0.,-1.));
#5301=DIRECTION('',(-1.,0.,0.));
#5302=DIRECTION('',(0.,0.,-1.));
#5303=DIRECTION('',(-1.,0.,0.));
#5304=DIRECTION('',(1.,-2.62797979784464E-16,0.));
#5305=DIRECTION('',(0.,0.,-1.));
#5306=DIRECTION('',(-1.,0.,0.));
#5307=DIRECTION('',(0.,1.,0.));
#5308=DIRECTION('',(0.,0.,-1.));
#5309=DIRECTION('',(-1.,0.,0.));
#5310=DIRECTION('',(0.,0.,-1.));
#5311=DIRECTION('',(-1.,0.,0.));
#5312=DIRECTION('',(0.,0.,-1.));
#5313=DIRECTION('',(-1.,0.,0.));
#5314=DIRECTION('',(1.,0.,0.));
#5315=DIRECTION('',(0.,0.,-1.));
#5316=DIRECTION('',(-1.,0.,0.));
#5317=DIRECTION('',(0.,0.,-1.));
#5318=DIRECTION('',(-1.,0.,0.));
#5319=DIRECTION('',(0.,0.,-1.));
#5320=DIRECTION('',(-1.,0.,0.));
#5321=DIRECTION('',(1.,0.,0.));
#5322=DIRECTION('',(0.,0.,-1.));
#5323=DIRECTION('',(-1.,0.,0.));
#5324=DIRECTION('',(0.,0.,-1.));
#5325=DIRECTION('',(-1.,0.,0.));
#5326=DIRECTION('',(0.,0.,-1.));
#5327=DIRECTION('',(-1.,0.,0.));
#5328=DIRECTION('',(0.,-1.,0.));
#5329=DIRECTION('',(0.,0.,-1.));
#5330=DIRECTION('',(-1.,0.,0.));
#5331=DIRECTION('',(1.,2.62797979784464E-16,0.));
#5332=DIRECTION('',(0.,0.,-1.));
#5333=DIRECTION('',(-1.,0.,0.));
#5334=DIRECTION('',(0.,0.,-1.));
#5335=DIRECTION('',(-1.,0.,0.));
#5336=DIRECTION('',(0.,0.,-1.));
#5337=DIRECTION('',(-1.,0.,0.));
#5338=DIRECTION('',(0.,0.,-1.));
#5339=DIRECTION('',(-1.,0.,0.));
#5340=DIRECTION('',(0.,0.,-1.));
#5341=DIRECTION('',(-1.,0.,0.));
#5342=DIRECTION('',(0.,0.,-1.));
#5343=DIRECTION('',(-1.,0.,0.));
#5344=DIRECTION('',(0.,0.,-1.));
#5345=DIRECTION('',(-1.,0.,0.));
#5346=DIRECTION('',(0.,0.,-1.));
#5347=DIRECTION('',(-1.,0.,0.));
#5348=DIRECTION('',(0.,0.,-1.));
#5349=DIRECTION('',(-1.,0.,0.));
#5350=DIRECTION('',(0.,0.,-1.));
#5351=DIRECTION('',(-1.,0.,0.));
#5352=DIRECTION('',(0.,0.,-1.));
#5353=DIRECTION('',(-1.,0.,0.));
#5354=DIRECTION('',(-1.,-5.25595959568929E-16,0.));
#5355=DIRECTION('',(0.,0.,-1.));
#5356=DIRECTION('',(-1.,0.,0.));
#5357=DIRECTION('',(3.46944695195362E-16,-1.,0.));
#5358=DIRECTION('',(0.,0.,-1.));
#5359=DIRECTION('',(-1.,0.,0.));
#5360=DIRECTION('',(0.,0.,-1.));
#5361=DIRECTION('',(-1.,0.,0.));
#5362=DIRECTION('',(0.,0.,-1.));
#5363=DIRECTION('',(-1.,0.,0.));
#5364=DIRECTION('',(-1.,0.,0.));
#5365=DIRECTION('',(0.,0.,-1.));
#5366=DIRECTION('',(-1.,0.,0.));
#5367=DIRECTION('',(0.,0.,-1.));
#5368=DIRECTION('',(-1.,0.,0.));
#5369=DIRECTION('',(0.,0.,-1.));
#5370=DIRECTION('',(-1.,0.,0.));
#5371=DIRECTION('',(-1.,0.,0.));
#5372=DIRECTION('',(0.,0.,-1.));
#5373=DIRECTION('',(-1.,0.,0.));
#5374=DIRECTION('',(0.,0.,-1.));
#5375=DIRECTION('',(-1.,0.,0.));
#5376=DIRECTION('',(0.,0.,-1.));
#5377=DIRECTION('',(-1.,0.,0.));
#5378=DIRECTION('',(3.46944695195362E-16,1.,0.));
#5379=DIRECTION('',(0.,0.,-1.));
#5380=DIRECTION('',(-1.,0.,0.));
#5381=DIRECTION('',(0.,0.,1.));
#5382=DIRECTION('',(1.,0.,0.));
#5383=DIRECTION('',(0.,0.,1.));
#5384=DIRECTION('',(1.,0.,0.));
#5385=DIRECTION('',(0.,0.,1.));
#5386=DIRECTION('',(1.,0.,0.));
#5387=DIRECTION('',(0.,0.,1.));
#5388=DIRECTION('',(1.,0.,0.));
#5389=DIRECTION('',(0.,0.,1.));
#5390=DIRECTION('',(1.,0.,0.));
#5391=DIRECTION('',(0.,0.,-1.));
#5392=DIRECTION('',(-1.,0.,0.));
#5393=DIRECTION('',(0.,0.,1.));
#5394=DIRECTION('',(0.,0.,-1.));
#5395=DIRECTION('',(-1.,0.,0.));
#5396=DIRECTION('',(0.,0.,1.));
#5397=DIRECTION('',(0.,0.,1.));
#5398=DIRECTION('',(1.,0.,0.));
#5399=DIRECTION('',(0.,0.,1.));
#5400=DIRECTION('',(0.,0.,-1.));
#5401=DIRECTION('',(-1.,0.,0.));
#5402=DIRECTION('',(0.,0.,1.));
#5403=DIRECTION('',(0.,0.,1.));
#5404=DIRECTION('',(1.,0.,0.));
#5405=DIRECTION('',(0.,0.,1.));
#5406=DIRECTION('',(0.,0.,-1.));
#5407=DIRECTION('',(-1.,0.,0.));
#5408=DIRECTION('',(0.,0.,1.));
#5409=DIRECTION('',(0.,0.,1.));
#5410=DIRECTION('',(1.,0.,0.));
#5411=DIRECTION('',(0.,0.,-1.));
#5412=DIRECTION('',(-1.,0.,0.));
#5413=DIRECTION('',(0.,0.,-1.));
#5414=DIRECTION('',(-1.,0.,0.));
#5415=DIRECTION('',(0.,0.,-1.));
#5416=DIRECTION('',(-1.,0.,0.));
#5417=DIRECTION('',(0.,0.,-1.));
#5418=DIRECTION('',(-1.,0.,0.));
#5419=DIRECTION('',(0.,0.,-1.));
#5420=DIRECTION('',(-1.,0.,0.));
#5421=DIRECTION('',(0.,0.,-1.));
#5422=DIRECTION('',(-1.,0.,0.));
#5423=DIRECTION('',(0.,0.,-1.));
#5424=DIRECTION('',(-1.,0.,0.));
#5425=DIRECTION('',(0.,0.,-1.));
#5426=DIRECTION('',(-1.,0.,0.));
#5427=DIRECTION('',(0.,0.,-1.));
#5428=DIRECTION('',(-1.,0.,0.));
#5429=DIRECTION('',(0.,0.,-1.));
#5430=DIRECTION('',(-1.,0.,0.));
#5431=DIRECTION('',(0.,0.,-1.));
#5432=DIRECTION('',(-1.,0.,0.));
#5433=DIRECTION('',(0.,0.,-1.));
#5434=DIRECTION('',(-1.,0.,0.));
#5435=DIRECTION('',(0.,0.,-1.));
#5436=DIRECTION('',(-1.,0.,0.));
#5437=DIRECTION('',(0.,0.,-1.));
#5438=DIRECTION('',(-1.,0.,0.));
#5439=DIRECTION('',(0.,0.,-1.));
#5440=DIRECTION('',(-1.,0.,0.));
#5441=DIRECTION('',(0.,0.,-1.));
#5442=DIRECTION('',(-1.,0.,0.));
#5443=DIRECTION('',(0.,0.,-1.));
#5444=DIRECTION('',(-1.,0.,0.));
#5445=DIRECTION('',(0.,0.,-1.));
#5446=DIRECTION('',(-1.,0.,0.));
#5447=DIRECTION('',(0.,0.,-1.));
#5448=DIRECTION('',(-1.,0.,0.));
#5449=DIRECTION('',(0.,0.,-1.));
#5450=DIRECTION('',(-1.,0.,0.));
#5451=DIRECTION('',(0.,0.,-1.));
#5452=DIRECTION('',(-1.,0.,0.));
#5453=DIRECTION('',(0.,0.,1.));
#5454=DIRECTION('',(1.,0.,0.));
#5455=DIRECTION('',(0.,0.,-1.));
#5456=DIRECTION('',(-1.,0.,0.));
#5457=DIRECTION('',(0.309016994374948,-0.951056516295154,0.));
#5458=DIRECTION('',(0.,0.,1.));
#5459=DIRECTION('',(0.309016994374948,-0.951056516295154,0.));
#5460=DIRECTION('',(0.309016994374948,-0.951056516295154,0.));
#5461=DIRECTION('',(0.,0.,-1.));
#5462=DIRECTION('',(-1.,0.,0.));
#5463=DIRECTION('',(0.,0.,1.));
#5464=DIRECTION('',(1.,0.,0.));
#5465=DIRECTION('',(0.,0.,-1.));
#5466=DIRECTION('',(-1.,0.,0.));
#5467=DIRECTION('',(-0.809016994374947,-0.587785252292473,0.));
#5468=DIRECTION('',(0.,0.,1.));
#5469=DIRECTION('',(-0.809016994374947,-0.587785252292473,0.));
#5470=DIRECTION('',(-0.809016994374947,-0.587785252292473,0.));
#5471=DIRECTION('',(0.,0.,-1.));
#5472=DIRECTION('',(-1.,0.,0.));
#5473=DIRECTION('',(0.,0.,1.));
#5474=DIRECTION('',(1.,0.,0.));
#5475=DIRECTION('',(0.,0.,-1.));
#5476=DIRECTION('',(-1.,0.,0.));
#5477=DIRECTION('',(-0.809016994374948,0.587785252292473,0.));
#5478=DIRECTION('',(0.,0.,1.));
#5479=DIRECTION('',(-0.809016994374948,0.587785252292473,0.));
#5480=DIRECTION('',(-0.809016994374948,0.587785252292473,0.));
#5481=DIRECTION('',(0.,0.,-1.));
#5482=DIRECTION('',(-1.,0.,0.));
#5483=DIRECTION('',(0.,0.,1.));
#5484=DIRECTION('',(1.,0.,0.));
#5485=DIRECTION('',(0.,0.,-1.));
#5486=DIRECTION('',(-1.,0.,0.));
#5487=DIRECTION('',(0.309016994374948,0.951056516295154,0.));
#5488=DIRECTION('',(0.,0.,1.));
#5489=DIRECTION('',(0.309016994374948,0.951056516295154,0.));
#5490=DIRECTION('',(0.309016994374948,0.951056516295154,0.));
#5491=DIRECTION('',(0.,0.,-1.));
#5492=DIRECTION('',(-1.,0.,0.));
#5493=DIRECTION('',(0.,0.,1.));
#5494=DIRECTION('',(1.,0.,0.));
#5495=DIRECTION('',(0.,0.,-1.));
#5496=DIRECTION('',(-1.,0.,0.));
#5497=DIRECTION('',(1.,0.,0.));
#5498=DIRECTION('',(0.,0.,1.));
#5499=DIRECTION('',(1.,0.,0.));
#5500=DIRECTION('',(1.,0.,0.));
#5501=DIRECTION('',(0.,0.,-1.));
#5502=DIRECTION('',(-1.,0.,0.));
#5503=DIRECTION('',(0.,0.,1.));
#5504=DIRECTION('',(1.,0.,0.));
#5505=DIRECTION('',(0.,0.,1.));
#5506=DIRECTION('',(1.,0.,0.));
#5507=DIRECTION('',(0.,0.,1.));
#5508=DIRECTION('',(1.,0.,0.));
#5509=DIRECTION('',(0.,0.,-1.));
#5510=DIRECTION('',(-1.,0.,0.));
#5511=DIRECTION('',(0.,0.,-1.));
#5512=DIRECTION('',(-1.,0.,0.));
#5513=DIRECTION('',(0.,0.,-1.));
#5514=DIRECTION('',(-1.,0.,0.));
#5515=DIRECTION('',(0.,0.,1.));
#5516=DIRECTION('',(1.,0.,0.));
#5517=DIRECTION('',(0.,0.,1.));
#5518=DIRECTION('',(1.,0.,0.));
#5519=DIRECTION('',(0.,0.,-1.));
#5520=DIRECTION('',(-1.,0.,0.));
#5521=DIRECTION('',(0.,0.,1.));
#5522=DIRECTION('',(1.,0.,0.));
#5523=DIRECTION('',(0.,0.,-1.));
#5524=DIRECTION('',(-1.,0.,0.));
#5525=DIRECTION('',(0.,0.,-1.));
#5526=DIRECTION('',(0.,0.,-1.));
#5527=DIRECTION('',(-1.,0.,0.));
#5528=DIRECTION('',(0.,0.,-1.));
#5529=DIRECTION('',(0.,0.,-1.));
#5530=DIRECTION('',(-1.,0.,0.));
#5531=DIRECTION('',(0.,0.,-1.));
#5532=DIRECTION('',(-1.,0.,0.));
#5533=DIRECTION('',(0.,0.,1.));
#5534=DIRECTION('',(1.,0.,0.));
#5535=DIRECTION('',(0.,0.,1.));
#5536=DIRECTION('',(1.,0.,0.));
#5537=DIRECTION('',(0.,0.,-1.));
#5538=DIRECTION('',(-1.,0.,0.));
#5539=DIRECTION('',(0.,0.,1.));
#5540=DIRECTION('',(1.,0.,0.));
#5541=DIRECTION('',(0.,0.,-1.));
#5542=DIRECTION('',(-1.,0.,0.));
#5543=DIRECTION('',(0.,0.,-1.));
#5544=DIRECTION('',(0.,0.,-1.));
#5545=DIRECTION('',(-1.,0.,0.));
#5546=DIRECTION('',(0.,0.,-1.));
#5547=DIRECTION('',(0.,0.,-1.));
#5548=DIRECTION('',(-1.,0.,0.));
#5549=DIRECTION('',(0.,0.,-1.));
#5550=DIRECTION('',(-1.,0.,0.));
#5551=DIRECTION('',(0.,0.,1.));
#5552=DIRECTION('',(1.,0.,0.));
#5553=DIRECTION('',(0.,0.,1.));
#5554=DIRECTION('',(1.,0.,0.));
#5555=DIRECTION('',(0.,0.,1.));
#5556=DIRECTION('',(1.,0.,0.));
#5557=DIRECTION('',(0.,0.,-1.));
#5558=DIRECTION('',(-1.,0.,0.));
#5559=DIRECTION('',(0.,0.,1.));
#5560=DIRECTION('',(1.,0.,0.));
#5561=DIRECTION('',(0.,0.,-1.));
#5562=DIRECTION('',(-1.,0.,0.));
#5563=DIRECTION('',(0.,0.,-1.));
#5564=DIRECTION('',(0.,0.,-1.));
#5565=DIRECTION('',(-1.,0.,0.));
#5566=DIRECTION('',(0.,0.,-1.));
#5567=DIRECTION('',(0.,0.,-1.));
#5568=DIRECTION('',(-1.,0.,0.));
#5569=DIRECTION('',(0.,0.,-1.));
#5570=DIRECTION('',(-1.,0.,0.));
#5571=DIRECTION('',(0.,0.,1.));
#5572=DIRECTION('',(1.,0.,0.));
#5573=DIRECTION('',(0.,0.,1.));
#5574=DIRECTION('',(1.,0.,0.));
#5575=DIRECTION('',(0.,0.,1.));
#5576=DIRECTION('',(1.,0.,0.));
#5577=DIRECTION('',(0.,0.,-1.));
#5578=DIRECTION('',(-1.,0.,0.));
#5579=DIRECTION('',(0.,0.,1.));
#5580=DIRECTION('',(1.,0.,0.));
#5581=DIRECTION('',(0.,0.,-1.));
#5582=DIRECTION('',(-1.,0.,0.));
#5583=DIRECTION('',(0.,0.,-1.));
#5584=DIRECTION('',(0.,0.,-1.));
#5585=DIRECTION('',(-1.,0.,0.));
#5586=DIRECTION('',(0.,0.,-1.));
#5587=DIRECTION('',(0.,0.,1.));
#5588=DIRECTION('',(1.,0.,0.));
#5589=DIRECTION('',(0.,0.,1.));
#5590=DIRECTION('',(0.,0.,-1.));
#5591=DIRECTION('',(-1.,0.,0.));
#5592=DIRECTION('',(0.,0.,1.));
#5593=DIRECTION('',(0.,0.,1.));
#5594=DIRECTION('',(0.,0.,-1.));
#5595=DIRECTION('',(-1.,0.,0.));
#5596=DIRECTION('',(0.,0.,1.));
#5597=DIRECTION('',(0.,0.,1.));
#5598=DIRECTION('',(0.,0.,-1.));
#5599=DIRECTION('',(-1.,0.,0.));
#5600=DIRECTION('',(0.,0.,1.));
#5601=DIRECTION('',(0.,0.,1.));
#5602=DIRECTION('',(1.,0.,0.));
#5603=DIRECTION('',(0.,0.,-1.));
#5604=DIRECTION('',(-1.,0.,0.));
#5605=DIRECTION('',(0.,0.,-1.));
#5606=DIRECTION('',(-1.,0.,0.));
#5607=DIRECTION('',(0.,0.,1.));
#5608=DIRECTION('',(1.,0.,0.));
#5609=DIRECTION('',(0.,0.,-1.));
#5610=DIRECTION('',(-1.,0.,0.));
#5611=DIRECTION('',(0.,0.,-1.));
#5612=DIRECTION('',(-1.,0.,0.));
#5613=DIRECTION('',(0.,0.,-1.));
#5614=DIRECTION('',(-1.,0.,0.));
#5615=DIRECTION('',(0.,0.,1.));
#5616=DIRECTION('',(1.,0.,0.));
#5617=DIRECTION('',(0.,0.,-1.));
#5618=DIRECTION('',(-1.,0.,0.));
#5619=DIRECTION('',(0.,0.,1.));
#5620=DIRECTION('',(1.,0.,0.));
#5621=DIRECTION('',(0.,0.,-1.));
#5622=DIRECTION('',(-1.,0.,0.));
#5623=DIRECTION('',(0.,0.,-1.));
#5624=DIRECTION('',(-1.,0.,0.));
#5625=DIRECTION('',(0.,0.,-1.));
#5626=DIRECTION('',(-1.,0.,0.));
#5627=DIRECTION('',(0.,0.,1.));
#5628=DIRECTION('',(1.,0.,0.));
#5629=DIRECTION('',(0.,0.,-1.));
#5630=DIRECTION('',(-1.,0.,0.));
#5631=DIRECTION('',(0.,0.,-1.));
#5632=DIRECTION('',(-1.,0.,0.));
#5633=DIRECTION('',(0.,0.,-1.));
#5634=DIRECTION('',(-1.,0.,0.));
#5635=DIRECTION('',(0.,0.,1.));
#5636=DIRECTION('',(1.,0.,0.));
#5637=DIRECTION('',(0.,0.,1.));
#5638=DIRECTION('',(1.,0.,0.));
#5639=DIRECTION('',(0.,0.,1.));
#5640=DIRECTION('',(1.,0.,0.));
#5641=DIRECTION('',(0.,0.,1.));
#5642=DIRECTION('',(1.,0.,0.));
#5643=DIRECTION('',(-2.62797979784464E-16,1.,0.));
#5644=DIRECTION('',(-1.,-2.62797979784464E-16,0.));
#5645=DIRECTION('',(0.,0.,1.));
#5646=DIRECTION('',(-1.,-2.62797979784464E-16,0.));
#5647=DIRECTION('',(0.,0.,1.));
#5648=DIRECTION('',(-5.25595959568929E-16,1.,0.));
#5649=DIRECTION('',(-1.,-5.25595959568929E-16,0.));
#5650=DIRECTION('',(0.,0.,1.));
#5651=DIRECTION('',(1.,5.25595959568929E-16,0.));
#5652=DIRECTION('',(0.,0.,-1.));
#5653=DIRECTION('',(-2.62797979784464E-16,-1.,0.));
#5654=DIRECTION('',(1.,-2.62797979784464E-16,0.));
#5655=DIRECTION('',(0.,0.,1.));
#5656=DIRECTION('',(-1.,2.62797979784464E-16,0.));
#5657=DIRECTION('',(0.,0.,-1.));
#5658=DIRECTION('',(-5.25595959568929E-16,-1.,0.));
#5659=DIRECTION('',(1.,-5.25595959568929E-16,0.));
#5660=DIRECTION('',(0.,0.,1.));
#5661=DIRECTION('',(1.,-5.25595959568929E-16,0.));
#5662=DIRECTION('',(0.,0.,1.));
#5663=DIRECTION('',(0.,0.,1.));
#5664=DIRECTION('',(1.,0.,0.));
#5665=DIRECTION('',(0.,0.,1.));
#5666=DIRECTION('',(1.,0.,0.));
#5667=DIRECTION('',(0.,0.,1.));
#5668=DIRECTION('',(1.,0.,0.));
#5669=DIRECTION('',(-3.46944695195362E-16,-1.,0.));
#5670=DIRECTION('',(0.,0.,1.));
#5671=DIRECTION('',(1.,0.,0.));
#5672=DIRECTION('',(0.,0.,1.));
#5673=DIRECTION('',(1.,0.,0.));
#5674=DIRECTION('',(0.,0.,1.));
#5675=DIRECTION('',(1.,0.,0.));
#5676=DIRECTION('',(1.,0.,0.));
#5677=DIRECTION('',(0.,0.,1.));
#5678=DIRECTION('',(1.,0.,0.));
#5679=DIRECTION('',(0.,0.,1.));
#5680=DIRECTION('',(1.,0.,0.));
#5681=DIRECTION('',(0.,0.,1.));
#5682=DIRECTION('',(1.,0.,0.));
#5683=DIRECTION('',(1.,0.,0.));
#5684=DIRECTION('',(0.,0.,1.));
#5685=DIRECTION('',(1.,0.,0.));
#5686=DIRECTION('',(0.,0.,1.));
#5687=DIRECTION('',(1.,0.,0.));
#5688=DIRECTION('',(0.,0.,1.));
#5689=DIRECTION('',(1.,0.,0.));
#5690=DIRECTION('',(3.46944695195362E-16,-1.,0.));
#5691=DIRECTION('',(0.,0.,1.));
#5692=DIRECTION('',(1.,0.,0.));
#5693=DIRECTION('',(0.,0.,1.));
#5694=DIRECTION('',(1.,0.,0.));
#5695=DIRECTION('',(0.,0.,1.));
#5696=DIRECTION('',(1.,0.,0.));
#5697=DIRECTION('',(0.,-1.,0.));
#5698=DIRECTION('',(0.,0.,1.));
#5699=DIRECTION('',(1.,0.,0.));
#5700=DIRECTION('',(0.,0.,1.));
#5701=DIRECTION('',(1.,0.,0.));
#5702=DIRECTION('',(0.,0.,1.));
#5703=DIRECTION('',(1.,0.,0.));
#5704=DIRECTION('',(1.,0.,0.));
#5705=DIRECTION('',(0.,0.,1.));
#5706=DIRECTION('',(1.,0.,0.));
#5707=DIRECTION('',(0.,0.,1.));
#5708=DIRECTION('',(1.,0.,0.));
#5709=DIRECTION('',(0.,0.,1.));
#5710=DIRECTION('',(1.,0.,0.));
#5711=DIRECTION('',(1.,0.,0.));
#5712=DIRECTION('',(0.,0.,1.));
#5713=DIRECTION('',(1.,0.,0.));
#5714=DIRECTION('',(0.,0.,1.));
#5715=DIRECTION('',(1.,0.,0.));
#5716=DIRECTION('',(0.,0.,1.));
#5717=DIRECTION('',(1.,0.,0.));
#5718=DIRECTION('',(0.,-1.,0.));
#5719=DIRECTION('',(0.,0.,1.));
#5720=DIRECTION('',(1.,0.,0.));
#5721=DIRECTION('',(-1.,0.,0.));
#5722=DIRECTION('',(0.,0.,1.));
#5723=DIRECTION('',(0.,0.,1.));
#5724=DIRECTION('',(0.,1.,0.));
#5725=DIRECTION('',(0.,0.,1.));
#5726=DIRECTION('',(0.,-1.,0.));
#5727=DIRECTION('',(0.,0.,1.));
#5728=DIRECTION('',(1.,0.,0.));
#5729=DIRECTION('',(0.,0.,1.));
#5730=DIRECTION('',(0.,0.,-1.));
#5731=DIRECTION('',(-1.,0.,0.));
#5732=DIRECTION('',(0.,0.,1.));
#5733=DIRECTION('',(0.,0.,1.));
#5734=DIRECTION('',(1.,0.,0.));
#5735=DIRECTION('',(0.,0.,1.));
#5736=DIRECTION('',(1.,0.,0.));
#5737=DIRECTION('',(0.,0.,1.));
#5738=DIRECTION('',(0.,0.,-1.));
#5739=DIRECTION('',(-1.,0.,0.));
#5740=DIRECTION('',(0.,0.,1.));
#5741=DIRECTION('',(0.,0.,1.));
#5742=DIRECTION('',(1.,0.,0.));
#5743=DIRECTION('',(-1.,0.,0.));
#5744=DIRECTION('',(0.,0.,1.));
#5745=DIRECTION('',(0.,0.,1.));
#5746=DIRECTION('',(0.,-1.,0.));
#5747=DIRECTION('',(0.,0.,1.));
#5748=DIRECTION('',(0.,-1.,0.));
#5749=DIRECTION('',(-1.,3.46944695195362E-16,0.));
#5750=DIRECTION('',(-3.46944695195362E-16,-1.,0.));
#5751=DIRECTION('',(0.,0.,1.));
#5752=DIRECTION('',(-3.46944695195362E-16,-1.,0.));
#5753=DIRECTION('',(0.,0.,1.));
#5754=DIRECTION('',(-3.46944695195362E-16,-1.,0.));
#5755=DIRECTION('',(0.,0.,1.));
#5756=DIRECTION('',(1.,0.,0.));
#5757=DIRECTION('',(0.,0.,1.));
#5758=DIRECTION('',(0.,0.,-1.));
#5759=DIRECTION('',(-1.,0.,0.));
#5760=DIRECTION('',(0.,0.,1.));
#5761=DIRECTION('',(0.,0.,1.));
#5762=DIRECTION('',(1.,0.,0.));
#5763=DIRECTION('',(0.,0.,1.));
#5764=DIRECTION('',(1.,0.,0.));
#5765=DIRECTION('',(0.,0.,1.));
#5766=DIRECTION('',(0.,0.,-1.));
#5767=DIRECTION('',(-1.,0.,0.));
#5768=DIRECTION('',(0.,0.,1.));
#5769=DIRECTION('',(0.,0.,1.));
#5770=DIRECTION('',(1.,0.,0.));
#5771=DIRECTION('',(-1.,-3.46944695195362E-16,0.));
#5772=DIRECTION('',(3.46944695195362E-16,-1.,0.));
#5773=DIRECTION('',(0.,0.,1.));
#5774=DIRECTION('',(-3.46944695195362E-16,1.,0.));
#5775=DIRECTION('',(0.,0.,1.));
#5776=DIRECTION('',(3.46944695195362E-16,-1.,0.));
#5777=DIRECTION('',(0.,0.,-1.));
#5778=DIRECTION('',(-1.,0.,0.));
#5779=DIRECTION('',(0.,0.,-1.));
#5780=DIRECTION('',(0.,0.,-1.));
#5781=DIRECTION('',(-1.,0.,0.));
#5782=DIRECTION('',(0.,0.,-1.));
#5783=DIRECTION('',(0.,0.,1.));
#5784=DIRECTION('',(1.,0.,0.));
#5785=DIRECTION('',(0.,0.,-1.));
#5786=DIRECTION('',(-1.,0.,0.));
#5787=DIRECTION('',(0.,0.,-1.));
#5788=DIRECTION('',(0.,0.,-1.));
#5789=DIRECTION('',(-1.,0.,0.));
#5790=DIRECTION('',(0.,0.,-1.));
#5791=DIRECTION('',(0.,0.,1.));
#5792=DIRECTION('',(1.,0.,0.));
#5793=DIRECTION('',(0.,0.,-1.));
#5794=DIRECTION('',(-1.,0.,0.));
#5795=DIRECTION('',(0.,0.,-1.));
#5796=DIRECTION('',(-1.,0.,0.));
#5797=DIRECTION('',(0.,0.,1.));
#5798=DIRECTION('',(1.,0.,0.));
#5799=DIRECTION('',(0.,0.,-1.));
#5800=DIRECTION('',(-1.,0.,0.));
#5801=DIRECTION('',(0.,0.,-1.));
#5802=DIRECTION('',(-1.,0.,0.));
#5803=DIRECTION('',(0.,0.,1.));
#5804=DIRECTION('',(1.,0.,0.));
#5805=DIRECTION('',(0.,0.,-1.));
#5806=DIRECTION('',(-1.,0.,0.));
#5807=DIRECTION('',(0.,0.,-1.));
#5808=DIRECTION('',(-1.,0.,0.));
#5809=DIRECTION('',(0.,0.,1.));
#5810=DIRECTION('',(1.,0.,0.));
#5811=DIRECTION('',(0.,0.,-1.));
#5812=DIRECTION('',(-1.,0.,0.));
#5813=DIRECTION('',(0.,0.,-1.));
#5814=DIRECTION('',(-1.,0.,0.));
#5815=DIRECTION('',(0.,0.,1.));
#5816=DIRECTION('',(1.,0.,0.));
#5817=DIRECTION('',(0.,0.,-1.));
#5818=DIRECTION('',(-1.,0.,0.));
#5819=DIRECTION('',(0.,0.,-1.));
#5820=DIRECTION('',(-1.,0.,0.));
#5821=DIRECTION('',(0.,0.,1.));
#5822=DIRECTION('',(1.,0.,0.));
#5823=DIRECTION('',(0.,0.,1.));
#5824=DIRECTION('',(1.,0.,0.));
#5825=DIRECTION('',(0.,0.,-1.));
#5826=DIRECTION('',(-1.,0.,0.));
#5827=DIRECTION('',(0.,0.,1.));
#5828=DIRECTION('',(1.,0.,0.));
#5829=DIRECTION('',(0.,0.,1.));
#5830=DIRECTION('',(1.,0.,0.));
#5831=DIRECTION('',(0.,0.,-1.));
#5832=DIRECTION('',(-1.,0.,0.));
#5833=DIRECTION('',(0.,0.,1.));
#5834=DIRECTION('',(1.,0.,0.));
#5835=DIRECTION('',(0.,0.,-1.));
#5836=DIRECTION('',(-1.,0.,0.));
#5837=DIRECTION('',(0.,0.,-1.));
#5838=DIRECTION('',(-1.,0.,0.));
#5839=DIRECTION('',(0.,0.,1.));
#5840=DIRECTION('',(1.,0.,0.));
#5841=DIRECTION('',(0.,0.,1.));
#5842=DIRECTION('',(1.,0.,0.));
#5843=DIRECTION('',(0.,0.,-1.));
#5844=DIRECTION('',(-1.,0.,0.));
#5845=DIRECTION('',(0.,0.,1.));
#5846=DIRECTION('',(1.,0.,0.));
#5847=DIRECTION('',(0.,0.,1.));
#5848=DIRECTION('',(1.,0.,0.));
#5849=DIRECTION('',(0.,0.,-1.));
#5850=DIRECTION('',(-1.,0.,0.));
#5851=DIRECTION('',(0.,0.,1.));
#5852=DIRECTION('',(1.,0.,0.));
#5853=DIRECTION('',(0.,0.,1.));
#5854=DIRECTION('',(1.,0.,0.));
#5855=DIRECTION('',(0.,0.,-1.));
#5856=DIRECTION('',(-1.,0.,0.));
#5857=DIRECTION('',(0.,0.,1.));
#5858=DIRECTION('',(1.,0.,0.));
#5859=DIRECTION('',(0.,0.,1.));
#5860=DIRECTION('',(1.,0.,0.));
#5861=DIRECTION('',(0.,0.,-1.));
#5862=DIRECTION('',(-1.,0.,0.));
#5863=DIRECTION('',(0.,0.,1.));
#5864=DIRECTION('',(1.,0.,0.));
#5865=DIRECTION('',(0.,0.,1.));
#5866=DIRECTION('',(1.,0.,0.));
#5867=DIRECTION('',(0.,0.,-1.));
#5868=DIRECTION('',(-1.,0.,0.));
#5869=DIRECTION('',(0.,0.,1.));
#5870=DIRECTION('',(1.,0.,0.));
#5871=DIRECTION('',(0.,0.,1.));
#5872=DIRECTION('',(1.,0.,0.));
#5873=DIRECTION('',(0.,0.,-1.));
#5874=DIRECTION('',(-1.,0.,0.));
#5875=DIRECTION('',(0.,0.,1.));
#5876=DIRECTION('',(1.,0.,0.));
#5877=DIRECTION('',(0.,0.,1.));
#5878=DIRECTION('',(1.,0.,0.));
#5879=DIRECTION('',(0.,0.,-1.));
#5880=DIRECTION('',(-1.,0.,0.));
#5881=DIRECTION('',(0.,0.,1.));
#5882=DIRECTION('',(1.,0.,0.));
#5883=DIRECTION('',(0.,0.,1.));
#5884=DIRECTION('',(1.,0.,0.));
#5885=DIRECTION('',(0.,0.,-1.));
#5886=DIRECTION('',(-1.,0.,0.));
#5887=DIRECTION('',(0.,0.,1.));
#5888=DIRECTION('',(1.,0.,0.));
#5889=DIRECTION('',(0.,0.,1.));
#5890=DIRECTION('',(1.,0.,0.));
#5891=DIRECTION('',(0.,0.,-1.));
#5892=DIRECTION('',(-1.,0.,0.));
#5893=DIRECTION('',(0.,0.,1.));
#5894=DIRECTION('',(1.,0.,0.));
#5895=DIRECTION('',(0.,0.,-1.));
#5896=DIRECTION('',(-1.,0.,0.));
#5897=DIRECTION('',(0.,0.,1.));
#5898=DIRECTION('',(1.,0.,0.));
#5899=DIRECTION('',(0.,0.,-1.));
#5900=DIRECTION('',(-1.,0.,0.));
#5901=DIRECTION('',(0.,0.,1.));
#5902=DIRECTION('',(1.,0.,0.));
#5903=DIRECTION('',(0.,0.,-1.));
#5904=DIRECTION('',(-1.,0.,0.));
#5905=DIRECTION('',(0.,0.,1.));
#5906=DIRECTION('',(1.,0.,0.));
#5907=DIRECTION('',(0.,0.,1.));
#5908=DIRECTION('',(1.,0.,0.));
#5909=DIRECTION('',(0.645025935274961,0.,-0.764160678668212));
#5910=DIRECTION('',(-0.764160678668212,0.,-0.645025935274961));
#5911=DIRECTION('',(0.665146583842377,0.,-0.746712810927211));
#5912=DIRECTION('',(-0.746712810927211,0.,-0.665146583842377));
#5913=DIRECTION('',(0.0944822507834893,0.995526546249213,0.));
#5914=DIRECTION('',(-0.995526546249213,0.0944822507834894,0.));
#5915=DIRECTION('',(0.,0.,1.));
#5916=DIRECTION('',(1.,0.,0.));
#5917=DIRECTION('',(0.,1.,0.));
#5918=DIRECTION('',(0.,0.,1.));
#5919=DIRECTION('',(-3.46944695195362E-16,1.,0.));
#5920=DIRECTION('',(-1.,-3.46944695195362E-16,0.));
#5921=DIRECTION('',(0.,1.,0.));
#5922=DIRECTION('',(0.,0.,1.));
#5923=DIRECTION('',(0.,0.,1.));
#5924=DIRECTION('',(1.,0.,0.));
#5925=DIRECTION('',(0.99998022210575,0.00628930817610056,1.09102105407345E-17));
#5926=DIRECTION('',(-0.00628930817610057,0.999980222105751,0.));
#5927=DIRECTION('',(0.,0.,1.));
#5928=DIRECTION('',(1.,0.,0.));
#5929=DIRECTION('',(0.00628930817610056,0.99998022210575,0.));
#5930=DIRECTION('',(-0.999980222105751,0.00628930817610057,0.));
#5931=DIRECTION('',(0.,0.,1.));
#5932=DIRECTION('',(1.,0.,0.));
#5933=DIRECTION('',(1.,0.,0.));
#5934=DIRECTION('',(0.,0.,-1.));
#5935=DIRECTION('',(1.,0.,0.));
#5936=DIRECTION('',(0.,0.,-1.));
#5937=DIRECTION('',(1.,0.,0.));
#5938=DIRECTION('',(0.,0.,-1.));
#5939=DIRECTION('',(0.,0.,1.));
#5940=DIRECTION('',(1.,0.,0.));
#5941=DIRECTION('',(0.576315789473685,0.817227086435174,0.));
#5942=DIRECTION('',(-0.817227086435174,0.576315789473685,0.));
#5943=DIRECTION('',(0.,0.,1.));
#5944=DIRECTION('',(1.,0.,0.));
#5945=DIRECTION('',(0.576315789473685,-0.817227086435174,0.));
#5946=DIRECTION('',(0.817227086435174,0.576315789473685,0.));
#5947=DIRECTION('',(0.,0.,1.));
#5948=DIRECTION('',(1.,0.,0.));
#5949=DIRECTION('',(1.,0.,0.));
#5950=DIRECTION('',(0.,0.,-1.));
#5951=DIRECTION('',(1.,0.,0.));
#5952=DIRECTION('',(0.,0.,-1.));
#5953=DIRECTION('',(1.,0.,0.));
#5954=DIRECTION('',(0.,0.,-1.));
#5955=DIRECTION('',(0.,0.,1.));
#5956=DIRECTION('',(1.,0.,0.));
#5957=DIRECTION('',(0.00628930817610056,-0.99998022210575,1.09102105407345E-17));
#5958=DIRECTION('',(0.999980222105751,0.00628930817610057,0.));
#5959=DIRECTION('',(0.,0.,1.));
#5960=DIRECTION('',(1.,0.,0.));
#5961=DIRECTION('',(0.99998022210575,-0.00628930817610056,0.));
#5962=DIRECTION('',(0.00628930817610057,0.999980222105751,0.));
#5963=DIRECTION('',(0.,0.,1.));
#5964=DIRECTION('',(1.,0.,0.));
#5965=DIRECTION('',(0.,-1.,0.));
#5966=DIRECTION('',(0.,0.,-1.));
#5967=DIRECTION('',(-3.46944695195362E-16,-1.,0.));
#5968=DIRECTION('',(1.,-3.46944695195362E-16,0.));
#5969=DIRECTION('',(0.,-1.,0.));
#5970=DIRECTION('',(0.,0.,-1.));
#5971=DIRECTION('',(0.,0.,1.));
#5972=DIRECTION('',(1.,0.,0.));
#5973=DIRECTION('',(0.0944822507834894,-0.995526546249213,0.));
#5974=DIRECTION('',(0.995526546249213,0.0944822507834894,0.));
#5975=DIRECTION('',(0.665146583842379,0.,0.746712810927209));
#5976=DIRECTION('',(0.746712810927209,0.,-0.665146583842379));
#5977=DIRECTION('',(0.645025935274961,0.,0.764160678668212));
#5978=DIRECTION('',(0.764160678668212,0.,-0.645025935274961));
#5979=DIRECTION('',(-0.645025935274961,0.,-0.764160678668212));
#5980=DIRECTION('',(-0.764160678668212,0.,0.645025935274961));
#5981=DIRECTION('',(-0.665146583842377,0.,-0.746712810927211));
#5982=DIRECTION('',(-0.746712810927211,0.,0.665146583842377));
#5983=DIRECTION('',(-0.0944822507834876,-0.995526546249213,0.));
#5984=DIRECTION('',(0.995526546249213,-0.0944822507834877,0.));
#5985=DIRECTION('',(0.,0.,1.));
#5986=DIRECTION('',(1.,0.,0.));
#5987=DIRECTION('',(0.,-1.,0.));
#5988=DIRECTION('',(0.,0.,-1.));
#5989=DIRECTION('',(0.,-1.,0.));
#5990=DIRECTION('',(0.,0.,-1.));
#5991=DIRECTION('',(0.,-1.,0.));
#5992=DIRECTION('',(0.,0.,-1.));
#5993=DIRECTION('',(0.,0.,1.));
#5994=DIRECTION('',(1.,0.,0.));
#5995=DIRECTION('',(-0.99998022210575,-0.00628930817609883,-1.72377895625862E-15));
#5996=DIRECTION('',(0.00628930817609883,-0.999980222105751,0.));
#5997=DIRECTION('',(0.,0.,1.));
#5998=DIRECTION('',(1.,0.,0.));
#5999=DIRECTION('',(-0.00628930817610056,-0.99998022210575,0.));
#6000=DIRECTION('',(0.999980222105751,-0.00628930817610057,0.));
#6001=DIRECTION('',(0.,0.,1.));
#6002=DIRECTION('',(1.,0.,0.));
#6003=DIRECTION('',(-1.,0.,0.));
#6004=DIRECTION('',(0.,0.,1.));
#6005=DIRECTION('',(-1.,0.,0.));
#6006=DIRECTION('',(0.,0.,1.));
#6007=DIRECTION('',(-1.,0.,0.));
#6008=DIRECTION('',(0.,0.,1.));
#6009=DIRECTION('',(0.,0.,1.));
#6010=DIRECTION('',(1.,0.,0.));
#6011=DIRECTION('',(-0.576315789473685,-0.817227086435174,-4.99874264788058E-16));
#6012=DIRECTION('',(0.817227086435174,-0.576315789473685,0.));
#6013=DIRECTION('',(0.,0.,1.));
#6014=DIRECTION('',(1.,0.,0.));
#6015=DIRECTION('',(-0.576315789473685,0.817227086435174,0.));
#6016=DIRECTION('',(-0.817227086435174,-0.576315789473685,0.));
#6017=DIRECTION('',(0.,0.,1.));
#6018=DIRECTION('',(1.,0.,0.));
#6019=DIRECTION('',(-1.,0.,0.));
#6020=DIRECTION('',(0.,0.,1.));
#6021=DIRECTION('',(-1.,0.,0.));
#6022=DIRECTION('',(0.,0.,1.));
#6023=DIRECTION('',(-1.,0.,0.));
#6024=DIRECTION('',(0.,0.,1.));
#6025=DIRECTION('',(0.,0.,1.));
#6026=DIRECTION('',(1.,0.,0.));
#6027=DIRECTION('',(-0.00628930817610056,0.99998022210575,1.09102105407345E-17));
#6028=DIRECTION('',(-0.999980222105751,-0.00628930817610057,0.));
#6029=DIRECTION('',(0.,0.,1.));
#6030=DIRECTION('',(1.,0.,0.));
#6031=DIRECTION('',(-0.99998022210575,0.00628930817610056,0.));
#6032=DIRECTION('',(-0.00628930817610057,-0.999980222105751,0.));
#6033=DIRECTION('',(0.,0.,1.));
#6034=DIRECTION('',(1.,0.,0.));
#6035=DIRECTION('',(0.,1.,0.));
#6036=DIRECTION('',(0.,0.,1.));
#6037=DIRECTION('',(0.,1.,0.));
#6038=DIRECTION('',(0.,0.,1.));
#6039=DIRECTION('',(0.,1.,0.));
#6040=DIRECTION('',(0.,0.,1.));
#6041=DIRECTION('',(0.,0.,1.));
#6042=DIRECTION('',(1.,0.,0.));
#6043=DIRECTION('',(-0.0944822507834877,0.995526546249213,1.02738221386555E-15));
#6044=DIRECTION('',(-0.995526546249213,-0.0944822507834877,0.));
#6045=DIRECTION('',(-0.665146583842377,0.,0.746712810927211));
#6046=DIRECTION('',(0.746712810927211,0.,0.665146583842377));
#6047=DIRECTION('',(-0.645025935274961,0.,0.764160678668212));
#6048=DIRECTION('',(0.764160678668212,0.,0.645025935274961));
#6049=DIRECTION('',(-1.8582623358772E-16,0.707106781186547,-0.707106781186548));
#6050=DIRECTION('',(-1.,-2.62797979784464E-16,0.));
#6051=DIRECTION('',(0.,-0.707106781186548,-0.707106781186547));
#6052=DIRECTION('',(0.,0.707106781186548,0.707106781186547));
#6053=DIRECTION('',(0.,0.,-1.));
#6054=DIRECTION('',(-1.,0.,0.));
#6055=DIRECTION('',(0.707106781186548,0.,0.707106781186548));
#6056=DIRECTION('',(0.,0.,-1.));
#6057=DIRECTION('',(-1.,0.,0.));
#6058=DIRECTION('',(0.424264068711936,-0.565685424949249,-0.707106781186535));
#6059=DIRECTION('',(-0.707106781186548,0.,0.707106781186548));
#6060=DIRECTION('',(0.,1.,0.));
#6061=DIRECTION('',(0.707106781186548,0.,0.707106781186548));
#6062=DIRECTION('',(0.,0.,1.));
#6063=DIRECTION('',(1.,0.,0.));
#6064=DIRECTION('',(-0.102516051288678,-0.699635947638611,-0.707106781186548));
#6065=DIRECTION('',(0.,0.,1.));
#6066=DIRECTION('',(1.,0.,0.));
#6067=DIRECTION('',(0.00444721246029229,0.707092796103406,0.707106781186548));
#6068=DIRECTION('',(0.,0.,-1.));
#6069=DIRECTION('',(-1.,0.,0.));
#6070=DIRECTION('',(0.691562944346577,0.14744725838988,-0.707106781186548));
#6071=DIRECTION('',(0.,0.,-1.));
#6072=DIRECTION('',(-1.,0.,0.));
#6073=DIRECTION('',(0.707092796103407,0.00444721246029229,0.707106781186547));
#6074=DIRECTION('',(0.,0.,1.));
#6075=DIRECTION('',(1.,0.,0.));
#6076=DIRECTION('',(-0.0131778057105503,0.706983978203647,-0.707106781186548));
#6077=DIRECTION('',(0.,0.,1.));
#6078=DIRECTION('',(1.,0.,0.));
#6079=DIRECTION('',(0.,0.707106781186548,0.707106781186548));
#6080=DIRECTION('',(0.,0.,-1.));
#6081=DIRECTION('',(-1.,0.,0.));
#6082=DIRECTION('',(-0.65817702729526,-0.258462764708525,-0.707106781186548));
#6083=DIRECTION('',(0.,-0.707106781186548,0.707106781186548));
#6084=DIRECTION('',(-1.,0.,0.));
#6085=DIRECTION('',(0.,0.707106781186548,0.707106781186548));
#6086=DIRECTION('',(0.,0.,1.));
#6087=DIRECTION('',(1.,0.,0.));
#6088=DIRECTION('',(-0.65817702729526,0.258462764708525,-0.707106781186548));
#6089=DIRECTION('',(0.,0.,-1.));
#6090=DIRECTION('',(-1.,0.,0.));
#6091=DIRECTION('',(0.577866814587637,0.40751680284172,0.707106781186547));
#6092=DIRECTION('',(0.,0.,-1.));
#6093=DIRECTION('',(-1.,0.,0.));
#6094=DIRECTION('',(-0.0131778057105503,-0.706983978203647,-0.707106781186548));
#6095=DIRECTION('',(0.,0.,1.));
#6096=DIRECTION('',(1.,0.,0.));
#6097=DIRECTION('',(-0.577866814587637,0.407516802841721,0.707106781186548));
#6098=DIRECTION('',(0.,0.,1.));
#6099=DIRECTION('',(1.,0.,0.));
#6100=DIRECTION('',(0.691562944346577,-0.14744725838988,-0.707106781186548));
#6101=DIRECTION('',(0.,0.,-1.));
#6102=DIRECTION('',(-1.,0.,0.));
#6103=DIRECTION('',(0.,0.707106781186546,0.707106781186549));
#6104=DIRECTION('',(0.,0.,-1.));
#6105=DIRECTION('',(-1.,0.,0.));
#6106=DIRECTION('',(-0.102516051288678,0.699635947638611,-0.707106781186548));
#6107=DIRECTION('',(0.,-0.707106781186548,0.707106781186548));
#6108=DIRECTION('',(-1.,0.,0.));
#6109=DIRECTION('',(0.,0.707106781186548,0.707106781186548));
#6110=DIRECTION('',(0.,0.,1.));
#6111=DIRECTION('',(1.,0.,0.));
#6112=DIRECTION('',(0.424264068711928,0.565685424949239,-0.707106781186548));
#6113=DIRECTION('',(0.,0.,1.));
#6114=DIRECTION('',(1.,0.,0.));
#6115=DIRECTION('',(-0.707092796103406,0.00444721246029229,0.707106781186548));
#6116=DIRECTION('',(0.,0.,-1.));
#6117=DIRECTION('',(-1.,0.,0.));
#6118=DIRECTION('',(0.,0.707106781186561,-0.707106781186535));
#6119=DIRECTION('',(0.,0.,-1.));
#6120=DIRECTION('',(-1.,0.,0.));
#6121=DIRECTION('',(-0.00444721246029229,0.707092796103407,0.707106781186547));
#6122=DIRECTION('',(-3.7165246717544E-16,0.707106781186548,0.707106781186547));
#6123=DIRECTION('',(1.,5.25595959568929E-16,0.));
#6124=DIRECTION('',(0.,0.707106781186547,-0.707106781186548));
#6125=DIRECTION('',(0.,0.,1.));
#6126=DIRECTION('',(1.,0.,0.));
#6127=DIRECTION('',(-0.707106781186548,0.,0.707106781186548));
#6128=DIRECTION('',(0.,0.,-1.));
#6129=DIRECTION('',(-1.,0.,0.));
#6130=DIRECTION('',(-0.707106781186548,0.,-0.707106781186548));
#6131=DIRECTION('',(-0.707106781186548,0.,-0.707106781186548));
#6132=DIRECTION('',(0.,-1.,0.));
#6133=DIRECTION('',(-0.707106781186548,0.,0.707106781186548));
#6134=DIRECTION('',(-0.707106781186548,-2.4532694666934E-16,0.707106781186547));
#6135=DIRECTION('',(-3.46944695195362E-16,1.,0.));
#6136=DIRECTION('',(-0.707106781186548,0.,-0.707106781186548));
#6137=DIRECTION('',(0.,0.,-1.));
#6138=DIRECTION('',(-1.,0.,0.));
#6139=DIRECTION('',(0.,0.707106781186547,0.707106781186548));
#6140=DIRECTION('',(0.,0.,1.));
#6141=DIRECTION('',(1.,0.,0.));
#6142=DIRECTION('',(-0.00444721246029229,0.707092796103406,-0.707106781186548));
#6143=DIRECTION('',(-1.8582623358772E-16,-0.707106781186547,0.707106781186548));
#6144=DIRECTION('',(-1.,2.62797979784464E-16,0.));
#6145=DIRECTION('',(0.,0.707106781186548,0.707106781186548));
#6146=DIRECTION('',(0.,0.,-1.));
#6147=DIRECTION('',(-1.,0.,0.));
#6148=DIRECTION('',(-0.707092796103407,0.00444721246029229,-0.707106781186547));
#6149=DIRECTION('',(0.,0.,-1.));
#6150=DIRECTION('',(-1.,0.,0.));
#6151=DIRECTION('',(0.424264068711935,0.565685424949249,0.707106781186535));
#6152=DIRECTION('',(0.,0.,1.));
#6153=DIRECTION('',(1.,0.,0.));
#6154=DIRECTION('',(0.,0.707106781186548,-0.707106781186548));
#6155=DIRECTION('',(0.,0.,1.));
#6156=DIRECTION('',(1.,0.,0.));
#6157=DIRECTION('',(-0.102516051288678,0.699635947638611,0.707106781186548));
#6158=DIRECTION('',(0.,-0.707106781186548,-0.707106781186548));
#6159=DIRECTION('',(1.,0.,0.));
#6160=DIRECTION('',(0.,0.707106781186548,-0.707106781186548));
#6161=DIRECTION('',(0.,0.,-1.));
#6162=DIRECTION('',(-1.,0.,0.));
#6163=DIRECTION('',(0.691562944346577,-0.14744725838988,0.707106781186548));
#6164=DIRECTION('',(0.,0.,-1.));
#6165=DIRECTION('',(-1.,0.,0.));
#6166=DIRECTION('',(-0.577866814587635,0.407516802841724,-0.707106781186548));
#6167=DIRECTION('',(0.,0.,1.));
#6168=DIRECTION('',(1.,0.,0.));
#6169=DIRECTION('',(-0.0131778057105503,-0.706983978203647,0.707106781186548));
#6170=DIRECTION('',(0.,0.,1.));
#6171=DIRECTION('',(1.,0.,0.));
#6172=DIRECTION('',(0.577866814587636,0.407516802841721,-0.707106781186548));
#6173=DIRECTION('',(0.,0.,-1.));
#6174=DIRECTION('',(-1.,0.,0.));
#6175=DIRECTION('',(-0.658177027295262,0.258462764708526,0.707106781186546));
#6176=DIRECTION('',(0.,0.,-1.));
#6177=DIRECTION('',(-1.,0.,0.));
#6178=DIRECTION('',(0.,0.707106781186548,-0.707106781186548));
#6179=DIRECTION('',(0.,0.,1.));
#6180=DIRECTION('',(1.,0.,0.));
#6181=DIRECTION('',(-0.65817702729526,-0.258462764708526,0.707106781186548));
#6182=DIRECTION('',(0.,-0.707106781186548,-0.707106781186548));
#6183=DIRECTION('',(1.,0.,0.));
#6184=DIRECTION('',(0.,0.707106781186548,-0.707106781186548));
#6185=DIRECTION('',(0.,0.,-1.));
#6186=DIRECTION('',(-1.,0.,0.));
#6187=DIRECTION('',(-0.0131778057105503,0.706983978203648,0.707106781186547));
#6188=DIRECTION('',(0.,0.,1.));
#6189=DIRECTION('',(1.,0.,0.));
#6190=DIRECTION('',(0.707092796103406,0.00444721246029229,-0.707106781186548));
#6191=DIRECTION('',(0.,0.,1.));
#6192=DIRECTION('',(1.,0.,0.));
#6193=DIRECTION('',(0.691562944346577,0.14744725838988,0.707106781186548));
#6194=DIRECTION('',(0.,0.,-1.));
#6195=DIRECTION('',(-1.,0.,0.));
#6196=DIRECTION('',(0.00444721246029229,0.707092796103407,-0.707106781186547));
#6197=DIRECTION('',(0.,0.,-1.));
#6198=DIRECTION('',(-1.,0.,0.));
#6199=DIRECTION('',(-0.102516051288678,-0.69963594763861,0.707106781186548));
#6200=DIRECTION('',(0.,0.,1.));
#6201=DIRECTION('',(1.,0.,0.));
#6202=DIRECTION('',(0.707106781186548,0.,-0.707106781186548));
#6203=DIRECTION('',(0.,0.,1.));
#6204=DIRECTION('',(1.,0.,0.));
#6205=DIRECTION('',(0.424264068711928,-0.565685424949239,0.707106781186548));
#6206=DIRECTION('',(-0.707106781186548,2.4532694666934E-16,-0.707106781186547));
#6207=DIRECTION('',(-3.46944695195362E-16,-1.,0.));
#6208=DIRECTION('',(0.707106781186546,0.,-0.707106781186549));
#6209=DIRECTION('',(0.,0.,-1.));
#6210=DIRECTION('',(-1.,0.,0.));
#6211=DIRECTION('',(0.,-0.707106781186561,0.707106781186535));
#6212=DIRECTION('',(0.,0.,-1.));
#6213=DIRECTION('',(-1.,0.,0.));
#6214=DIRECTION('',(0.,0.707106781186548,-0.707106781186548));
#6215=DIRECTION('',(-3.7165246717544E-16,-0.707106781186548,-0.707106781186547));
#6216=DIRECTION('',(1.,-5.25595959568929E-16,0.));
#6217=DIRECTION('',(0.,0.,-1.));
#6218=DIRECTION('',(-1.,0.,0.));
#6219=DIRECTION('',(0.,0.,-1.));
#6220=DIRECTION('',(-1.,0.,0.));
#6221=DIRECTION('',(0.,0.,-1.));
#6222=DIRECTION('',(-1.,0.,0.));
#6223=DIRECTION('',(0.,0.,-1.));
#6224=DIRECTION('',(-1.,0.,0.));
#6225=DIRECTION('',(0.,0.,-1.));
#6226=DIRECTION('',(-1.,0.,0.));
#6227=DIRECTION('',(0.,0.,-1.));
#6228=DIRECTION('',(-1.,0.,0.));
#6229=DIRECTION('',(0.,0.,-1.));
#6230=DIRECTION('',(-1.,0.,0.));
#6231=DIRECTION('',(0.,0.,-1.));
#6232=DIRECTION('',(-1.,0.,0.));
#6233=DIRECTION('',(0.,0.,-1.));
#6234=DIRECTION('',(-1.,0.,0.));
#6235=DIRECTION('',(0.,0.,-1.));
#6236=DIRECTION('',(-1.,0.,0.));
#6237=DIRECTION('',(0.,0.,-1.));
#6238=DIRECTION('',(-1.,0.,0.));
#6239=DIRECTION('',(0.,0.,-1.));
#6240=DIRECTION('',(-1.,0.,0.));
#6241=DIRECTION('',(0.,0.,-1.));
#6242=DIRECTION('',(-1.,0.,0.));
#6243=DIRECTION('',(0.,0.,-1.));
#6244=DIRECTION('',(-1.,0.,0.));
#6245=DIRECTION('',(0.,0.,-1.));
#6246=DIRECTION('',(-1.,0.,0.));
#6247=DIRECTION('',(0.,0.,-1.));
#6248=DIRECTION('',(-1.,0.,0.));
#6249=DIRECTION('',(0.,0.,-1.));
#6250=DIRECTION('',(-1.,0.,0.));
#6251=DIRECTION('',(0.,0.,-1.));
#6252=DIRECTION('',(-1.,0.,0.));
#6253=DIRECTION('',(0.,0.,-1.));
#6254=DIRECTION('',(-1.,0.,0.));
#6255=DIRECTION('',(0.,0.,-1.));
#6256=DIRECTION('',(0.951056516295154,0.309016994374948,0.));
#6257=DIRECTION('',(-0.309016994374948,0.951056516295154,0.));
#6258=DIRECTION('',(0.951056516295154,0.309016994374948,0.));
#6259=DIRECTION('',(-0.309016994374948,0.951056516295154,0.));
#6260=DIRECTION('',(0.,0.,-1.));
#6261=DIRECTION('',(0.,0.,-1.));
#6262=DIRECTION('',(-1.,0.,0.));
#6263=DIRECTION('',(0.,0.,-1.));
#6264=DIRECTION('',(-1.,0.,0.));
#6265=DIRECTION('',(0.,0.,-1.));
#6266=DIRECTION('',(0.951056516295154,0.309016994374948,0.));
#6267=DIRECTION('',(-0.309016994374948,0.951056516295154,0.));
#6268=DIRECTION('',(0.951056516295154,0.309016994374948,0.));
#6269=DIRECTION('',(-0.309016994374948,0.951056516295154,0.));
#6270=DIRECTION('',(0.,0.,-1.));
#6271=DIRECTION('',(0.,0.,-1.));
#6272=DIRECTION('',(-1.,0.,0.));
#6273=DIRECTION('',(0.,0.,-1.));
#6274=DIRECTION('',(-1.,0.,0.));
#6275=DIRECTION('',(0.,0.,-1.));
#6276=DIRECTION('',(0.587785252292473,-0.809016994374948,0.));
#6277=DIRECTION('',(0.809016994374948,0.587785252292473,0.));
#6278=DIRECTION('',(0.587785252292473,-0.809016994374948,0.));
#6279=DIRECTION('',(0.809016994374948,0.587785252292473,0.));
#6280=DIRECTION('',(0.,0.,-1.));
#6281=DIRECTION('',(0.,0.,-1.));
#6282=DIRECTION('',(-1.,0.,0.));
#6283=DIRECTION('',(0.,0.,-1.));
#6284=DIRECTION('',(-1.,0.,0.));
#6285=DIRECTION('',(0.,0.,-1.));
#6286=DIRECTION('',(0.587785252292473,-0.809016994374948,0.));
#6287=DIRECTION('',(0.809016994374948,0.587785252292473,0.));
#6288=DIRECTION('',(0.587785252292473,-0.809016994374948,0.));
#6289=DIRECTION('',(0.809016994374948,0.587785252292473,0.));
#6290=DIRECTION('',(0.,0.,-1.));
#6291=DIRECTION('',(0.,0.,-1.));
#6292=DIRECTION('',(-1.,0.,0.));
#6293=DIRECTION('',(0.,0.,-1.));
#6294=DIRECTION('',(-1.,0.,0.));
#6295=DIRECTION('',(0.,0.,-1.));
#6296=DIRECTION('',(-0.587785252292473,-0.809016994374948,0.));
#6297=DIRECTION('',(0.809016994374948,-0.587785252292473,0.));
#6298=DIRECTION('',(-0.587785252292473,-0.809016994374948,0.));
#6299=DIRECTION('',(0.809016994374948,-0.587785252292473,0.));
#6300=DIRECTION('',(0.,0.,-1.));
#6301=DIRECTION('',(0.,0.,-1.));
#6302=DIRECTION('',(-1.,0.,0.));
#6303=DIRECTION('',(0.,0.,-1.));
#6304=DIRECTION('',(-1.,0.,0.));
#6305=DIRECTION('',(0.,0.,-1.));
#6306=DIRECTION('',(-0.587785252292473,-0.809016994374948,0.));
#6307=DIRECTION('',(0.809016994374948,-0.587785252292473,0.));
#6308=DIRECTION('',(-0.587785252292473,-0.809016994374948,0.));
#6309=DIRECTION('',(0.809016994374948,-0.587785252292473,0.));
#6310=DIRECTION('',(0.,0.,-1.));
#6311=DIRECTION('',(0.,0.,-1.));
#6312=DIRECTION('',(-1.,0.,0.));
#6313=DIRECTION('',(0.,0.,-1.));
#6314=DIRECTION('',(-1.,0.,0.));
#6315=DIRECTION('',(0.,0.,-1.));
#6316=DIRECTION('',(-0.951056516295154,0.309016994374948,0.));
#6317=DIRECTION('',(-0.309016994374948,-0.951056516295154,0.));
#6318=DIRECTION('',(-0.951056516295154,0.309016994374948,0.));
#6319=DIRECTION('',(-0.309016994374948,-0.951056516295154,0.));
#6320=DIRECTION('',(0.,0.,-1.));
#6321=DIRECTION('',(0.,0.,-1.));
#6322=DIRECTION('',(-1.,0.,0.));
#6323=DIRECTION('',(0.,0.,-1.));
#6324=DIRECTION('',(-1.,0.,0.));
#6325=DIRECTION('',(0.,0.,-1.));
#6326=DIRECTION('',(-0.951056516295154,0.309016994374948,0.));
#6327=DIRECTION('',(-0.309016994374948,-0.951056516295154,0.));
#6328=DIRECTION('',(-0.951056516295154,0.309016994374948,0.));
#6329=DIRECTION('',(-0.309016994374948,-0.951056516295154,0.));
#6330=DIRECTION('',(0.,0.,-1.));
#6331=DIRECTION('',(0.,0.,-1.));
#6332=DIRECTION('',(-1.,0.,0.));
#6333=DIRECTION('',(0.,0.,-1.));
#6334=DIRECTION('',(-1.,0.,0.));
#6335=DIRECTION('',(0.,0.,-1.));
#6336=DIRECTION('',(0.,1.,0.));
#6337=DIRECTION('',(0.,0.,1.));
#6338=DIRECTION('',(0.,1.,0.));
#6339=DIRECTION('',(0.,0.,1.));
#6340=DIRECTION('',(0.,0.,-1.));
#6341=DIRECTION('',(0.,0.,-1.));
#6342=DIRECTION('',(-1.,0.,0.));
#6343=DIRECTION('',(0.,0.,-1.));
#6344=DIRECTION('',(-1.,0.,0.));
#6345=DIRECTION('',(0.,0.,-1.));
#6346=DIRECTION('',(0.,1.,0.));
#6347=DIRECTION('',(0.,0.,1.));
#6348=DIRECTION('',(0.,1.,0.));
#6349=DIRECTION('',(0.,0.,1.));
#6350=DIRECTION('',(0.,0.,-1.));
#6351=DIRECTION('',(0.,0.,-1.));
#6352=DIRECTION('',(-1.,0.,0.));
#6353=DIRECTION('',(0.,0.,1.));
#6354=DIRECTION('',(1.,0.,0.));
#6355=DIRECTION('',(0.,0.,1.));
#6356=DIRECTION('',(1.,0.,0.));
#6357=DIRECTION('',(0.,0.,-1.));
#6358=DIRECTION('',(-1.,0.,0.));
#6359=DIRECTION('',(0.,0.,1.));
#6360=DIRECTION('',(1.,0.,0.));
#6361=DIRECTION('',(0.,0.,1.));
#6362=DIRECTION('',(1.,0.,0.));
#6363=DIRECTION('',(0.,0.,-1.));
#6364=DIRECTION('',(-1.,0.,0.));
#6365=DIRECTION('',(0.,0.,-1.));
#6366=DIRECTION('',(-1.,0.,0.));
#6367=DIRECTION('',(0.,0.,1.));
#6368=DIRECTION('',(1.,0.,0.));
#6369=DIRECTION('',(0.,0.,-1.));
#6370=DIRECTION('',(-1.,0.,0.));
#6371=DIRECTION('',(0.,0.,1.));
#6372=DIRECTION('',(1.,0.,0.));
#6373=DIRECTION('',(0.,0.,1.));
#6374=DIRECTION('',(1.,0.,0.));
#6375=DIRECTION('',(0.,0.,1.));
#6376=DIRECTION('',(1.,0.,0.));
#6377=DIRECTION('',(0.,0.,-1.));
#6378=DIRECTION('',(-1.,0.,0.));
#6379=DIRECTION('',(0.,0.,1.));
#6380=DIRECTION('',(1.,0.,0.));
#6381=DIRECTION('',(0.,0.,1.));
#6382=DIRECTION('',(1.,0.,0.));
#6383=DIRECTION('',(0.,0.,-1.));
#6384=DIRECTION('',(-1.,0.,0.));
#6385=DIRECTION('',(0.,0.,-1.));
#6386=DIRECTION('',(-1.,0.,0.));
#6387=DIRECTION('',(0.,0.,1.));
#6388=DIRECTION('',(1.,0.,0.));
#6389=DIRECTION('',(0.,0.,-1.));
#6390=DIRECTION('',(-1.,0.,0.));
#6391=DIRECTION('',(0.,0.,1.));
#6392=DIRECTION('',(1.,0.,0.));
#6393=DIRECTION('',(0.,0.,1.));
#6394=DIRECTION('',(1.,0.,0.));
#6395=DIRECTION('',(0.,0.,1.));
#6396=DIRECTION('',(1.,0.,0.));
#6397=DIRECTION('',(0.,0.,-1.));
#6398=DIRECTION('',(-1.,0.,0.));
#6399=DIRECTION('',(0.,0.,1.));
#6400=DIRECTION('',(1.,0.,0.));
#6401=DIRECTION('',(0.,0.,1.));
#6402=DIRECTION('',(1.,0.,0.));
#6403=DIRECTION('',(0.,0.,-1.));
#6404=DIRECTION('',(-1.,0.,0.));
#6405=DIRECTION('',(0.,0.,-1.));
#6406=DIRECTION('',(-1.,0.,0.));
#6407=DIRECTION('',(0.,0.,1.));
#6408=DIRECTION('',(1.,0.,0.));
#6409=DIRECTION('',(0.,0.,-1.));
#6410=DIRECTION('',(-1.,0.,0.));
#6411=DIRECTION('',(0.,0.,1.));
#6412=DIRECTION('',(1.,0.,0.));
#6413=DIRECTION('',(0.,0.,1.));
#6414=DIRECTION('',(1.,0.,0.));
#6415=DIRECTION('',(0.,0.,1.));
#6416=DIRECTION('',(1.,0.,0.));
#6417=DIRECTION('',(0.,0.,-1.));
#6418=DIRECTION('',(-1.,0.,0.));
#6419=DIRECTION('',(0.,0.,1.));
#6420=DIRECTION('',(1.,0.,0.));
#6421=DIRECTION('',(0.,0.,1.));
#6422=DIRECTION('',(1.,0.,0.));
#6423=DIRECTION('',(0.,0.,-1.));
#6424=DIRECTION('',(-1.,0.,0.));
#6425=DIRECTION('',(0.,0.,-1.));
#6426=DIRECTION('',(-1.,0.,0.));
#6427=DIRECTION('',(0.,0.,1.));
#6428=DIRECTION('',(1.,0.,0.));
#6429=DIRECTION('',(0.,0.,-1.));
#6430=DIRECTION('',(-1.,0.,0.));
#6431=DIRECTION('',(0.,0.,1.));
#6432=DIRECTION('',(1.,0.,0.));
#6433=DIRECTION('',(0.,0.,1.));
#6434=DIRECTION('',(1.,0.,0.));
#6435=DIRECTION('',(0.,0.,1.));
#6436=DIRECTION('',(1.,0.,0.));
#6437=DIRECTION('',(0.,0.,-1.));
#6438=DIRECTION('',(-1.,0.,0.));
#6439=DIRECTION('',(0.,0.,1.));
#6440=DIRECTION('',(1.,0.,0.));
#6441=DIRECTION('',(0.,0.,1.));
#6442=DIRECTION('',(1.,0.,0.));
#6443=DIRECTION('',(0.,0.,-1.));
#6444=DIRECTION('',(-1.,0.,0.));
#6445=DIRECTION('',(0.,0.,-1.));
#6446=DIRECTION('',(-1.,0.,0.));
#6447=DIRECTION('',(0.,0.,1.));
#6448=DIRECTION('',(1.,0.,0.));
#6449=DIRECTION('',(0.,0.,-1.));
#6450=DIRECTION('',(-1.,0.,0.));
#6451=DIRECTION('',(0.,0.,1.));
#6452=DIRECTION('',(1.,0.,0.));
#6453=DIRECTION('',(0.,0.,-1.));
#6454=DIRECTION('',(-1.,0.,0.));
#6455=DIRECTION('',(0.,0.,-1.));
#6456=DIRECTION('',(-1.,0.,0.));
#6457=DIRECTION('',(0.,0.,-1.));
#6458=DIRECTION('',(-1.,0.,0.));
#6459=DIRECTION('',(0.,0.,-1.));
#6460=DIRECTION('',(-1.,0.,0.));
#6461=DIRECTION('',(0.,0.,-1.));
#6462=DIRECTION('',(-1.,0.,0.));
#6463=DIRECTION('',(0.,0.,-1.));
#6464=DIRECTION('',(-1.,0.,0.));
#6465=DIRECTION('',(0.,0.,-1.));
#6466=DIRECTION('',(-1.,0.,0.));
#6467=DIRECTION('',(0.,0.,1.));
#6468=DIRECTION('',(1.,0.,0.));
#6469=DIRECTION('',(0.,0.,1.));
#6470=DIRECTION('',(1.,0.,0.));
#6471=DIRECTION('',(0.,0.,-1.));
#6472=DIRECTION('',(0.,1.,0.));
#6473=DIRECTION('',(0.951056516295154,0.309016994374948,0.));
#6474=DIRECTION('',(-0.309016994374948,0.951056516295154,0.));
#6475=DIRECTION('',(0.,0.,1.));
#6476=DIRECTION('',(1.,0.,0.));
#6477=DIRECTION('',(0.,-1.,0.));
#6478=DIRECTION('',(0.,0.,-1.));
#6479=DIRECTION('',(0.,0.,1.));
#6480=DIRECTION('',(1.,0.,0.));
#6481=DIRECTION('',(0.,0.,1.));
#6482=DIRECTION('',(1.,0.,0.));
#6483=DIRECTION('',(0.,0.,-1.));
#6484=DIRECTION('',(0.,1.,0.));
#6485=DIRECTION('',(0.587785252292473,-0.809016994374948,0.));
#6486=DIRECTION('',(0.809016994374948,0.587785252292473,0.));
#6487=DIRECTION('',(0.,0.,1.));
#6488=DIRECTION('',(1.,0.,0.));
#6489=DIRECTION('',(-0.951056516295154,-0.309016994374948,0.));
#6490=DIRECTION('',(0.309016994374948,-0.951056516295154,0.));
#6491=DIRECTION('',(0.,0.,1.));
#6492=DIRECTION('',(1.,0.,0.));
#6493=DIRECTION('',(0.,0.,1.));
#6494=DIRECTION('',(1.,0.,0.));
#6495=DIRECTION('',(0.,0.,-1.));
#6496=DIRECTION('',(0.,1.,0.));
#6497=DIRECTION('',(-0.587785252292473,-0.809016994374948,0.));
#6498=DIRECTION('',(0.809016994374948,-0.587785252292473,0.));
#6499=DIRECTION('',(0.,0.,1.));
#6500=DIRECTION('',(1.,0.,0.));
#6501=DIRECTION('',(-0.587785252292473,0.809016994374948,0.));
#6502=DIRECTION('',(-0.809016994374948,-0.587785252292473,0.));
#6503=DIRECTION('',(0.,0.,1.));
#6504=DIRECTION('',(1.,0.,0.));
#6505=DIRECTION('',(0.,0.,1.));
#6506=DIRECTION('',(1.,0.,0.));
#6507=DIRECTION('',(0.,0.,-1.));
#6508=DIRECTION('',(0.,1.,0.));
#6509=DIRECTION('',(-0.951056516295154,0.309016994374948,0.));
#6510=DIRECTION('',(-0.309016994374948,-0.951056516295154,0.));
#6511=DIRECTION('',(0.,0.,1.));
#6512=DIRECTION('',(1.,0.,0.));
#6513=DIRECTION('',(0.587785252292473,0.809016994374948,0.));
#6514=DIRECTION('',(-0.809016994374948,0.587785252292473,0.));
#6515=DIRECTION('',(0.,0.,1.));
#6516=DIRECTION('',(1.,0.,0.));
#6517=DIRECTION('',(0.,0.,1.));
#6518=DIRECTION('',(1.,0.,0.));
#6519=DIRECTION('',(0.,0.,-1.));
#6520=DIRECTION('',(0.,1.,0.));
#6521=DIRECTION('',(0.,1.,0.));
#6522=DIRECTION('',(0.,0.,1.));
#6523=DIRECTION('',(0.,0.,1.));
#6524=DIRECTION('',(1.,0.,0.));
#6525=DIRECTION('',(0.951056516295154,-0.309016994374948,0.));
#6526=DIRECTION('',(0.309016994374948,0.951056516295154,0.));
#6527=DIRECTION('',(0.,0.,-1.));
#6528=DIRECTION('',(-1.,0.,0.));
#6529=DIRECTION('',(0.49105469093587,0.356772116541438,0.794719414239025));
#6530=DIRECTION('',(0.850702945377198,0.,-0.525646743285412));
#6531=DIRECTION('',(0.587785252292473,-0.809016994374948,0.));
#6532=DIRECTION('',(0.809016994374948,0.587785252292473,0.));
#6533=DIRECTION('',(0.562903093617417,0.408973036658836,0.718248677327005));
#6534=DIRECTION('',(0.787081757404505,0.,-0.61684869065358));
#6535=DIRECTION('',(-0.158313281318314,0.987388932973339,1.43565484613741E-15));
#6536=DIRECTION('',(-0.987388932973339,-0.158313281318314,0.));
#6537=DIRECTION('',(0.,0.,1.));
#6538=DIRECTION('',(1.,0.,0.));
#6539=DIRECTION('',(0.158313281318313,0.987388932973339,1.54781538099189E-15));
#6540=DIRECTION('',(-0.987388932973339,0.158313281318313,0.));
#6541=DIRECTION('',(-0.562903093617418,0.408973036658836,-0.718248677327004));
#6542=DIRECTION('',(-0.787081757404504,0.,0.616848690653581));
#6543=DIRECTION('',(-0.587785252292473,-0.809016994374948,0.));
#6544=DIRECTION('',(0.809016994374948,-0.587785252292473,0.));
#6545=DIRECTION('',(-0.491054690935871,0.356772116541439,-0.794719414239025));
#6546=DIRECTION('',(-0.850702945377197,0.,0.525646743285414));
#6547=DIRECTION('',(-0.187566201602428,-0.577269410802288,0.794719414239024));
#6548=DIRECTION('',(0.,-0.809078977371494,-0.587699930555975));
#6549=DIRECTION('',(-0.951056516295154,0.309016994374948,0.));
#6550=DIRECTION('',(-0.309016994374948,-0.951056516295154,0.));
#6551=DIRECTION('',(-0.215009849389389,-0.661732273796255,0.718248677327004));
#6552=DIRECTION('',(0.,-0.73544945729676,-0.67757958629367));
#6553=DIRECTION('',(0.708450788100308,-0.705760214832242,-8.0755585095229E-16));
#6554=DIRECTION('',(0.705760214832243,0.708450788100308,0.));
#6555=DIRECTION('',(0.,0.,1.));
#6556=DIRECTION('',(1.,0.,0.));
#6557=DIRECTION('',(0.452294518056752,-0.891868638834111,-1.43565484613741E-15));
#6558=DIRECTION('',(0.891868638834111,0.452294518056752,0.));
#6559=DIRECTION('',(0.695786488456056,0.,-0.718248677327004));
#6560=DIRECTION('',(-0.718248677327004,0.,-0.695786488456056));
#6561=DIRECTION('',(0.,1.,0.));
#6562=DIRECTION('',(0.,0.,1.));
#6563=DIRECTION('',(0.606976978666886,0.,-0.794719414239025));
#6564=DIRECTION('',(-0.794719414239025,0.,-0.606976978666886));
#6565=DIRECTION('',(0.491054690935872,-0.356772116541438,0.794719414239024));
#6566=DIRECTION('',(0.850702945377197,0.,-0.525646743285414));
#6567=DIRECTION('',(-0.587785252292473,-0.809016994374948,0.));
#6568=DIRECTION('',(0.809016994374948,-0.587785252292473,0.));
#6569=DIRECTION('',(0.562903093617418,-0.408973036658837,0.718248677327004));
#6570=DIRECTION('',(0.787081757404504,0.,-0.616848690653582));
#6571=DIRECTION('',(0.890141184459392,0.455684838160358,4.03777925476146E-16));
#6572=DIRECTION('',(-0.455684838160358,0.890141184459392,0.));
#6573=DIRECTION('',(0.,0.,1.));
#6574=DIRECTION('',(1.,0.,0.));
#6575=DIRECTION('',(0.987984173184633,0.154555082532657,2.24321069708971E-16));
#6576=DIRECTION('',(-0.154555082532657,0.987984173184633,0.));
#6577=DIRECTION('',(0.215009849389389,0.661732273796255,-0.718248677327004));
#6578=DIRECTION('',(0.,0.73544945729676,0.67757958629367));
#6579=DIRECTION('',(-0.951056516295154,0.309016994374948,0.));
#6580=DIRECTION('',(-0.309016994374948,-0.951056516295154,0.));
#6581=DIRECTION('',(0.187566201602428,0.577269410802288,-0.794719414239024));
#6582=DIRECTION('',(0.,0.809078977371494,0.587699930555975));
#6583=DIRECTION('',(-0.606976978666886,0.,0.794719414239025));
#6584=DIRECTION('',(0.794719414239025,0.,0.606976978666886));
#6585=DIRECTION('',(0.,1.,0.));
#6586=DIRECTION('',(0.,0.,1.));
#6587=DIRECTION('',(-0.695786488456055,0.,0.718248677327005));
#6588=DIRECTION('',(0.718248677327005,0.,0.695786488456055));
#6589=DIRECTION('',(-0.452294518056752,-0.891868638834111,-1.43565484613741E-15));
#6590=DIRECTION('',(0.891868638834111,-0.452294518056752,0.));
#6591=DIRECTION('',(0.,0.,1.));
#6592=DIRECTION('',(1.,0.,0.));
#6593=DIRECTION('',(-0.708450788100308,-0.705760214832243,-9.87012706719465E-16));
#6594=DIRECTION('',(0.705760214832243,-0.708450788100308,0.));
#6595=DIRECTION('',(0.215009849389389,-0.661732273796253,-0.718248677327006));
#6596=DIRECTION('',(0.,0.735449457296762,-0.677579586293668));
#6597=DIRECTION('',(0.951056516295154,0.309016994374948,0.));
#6598=DIRECTION('',(-0.309016994374948,0.951056516295154,0.));
#6599=DIRECTION('',(0.187566201602428,-0.577269410802285,-0.794719414239026));
#6600=DIRECTION('',(0.,0.809078977371496,-0.587699930555972));
#6601=DIRECTION('',(-0.187566201602427,0.577269410802285,0.794719414239026));
#6602=DIRECTION('',(0.,-0.809078977371496,0.587699930555973));
#6603=DIRECTION('',(0.951056516295154,0.309016994374948,0.));
#6604=DIRECTION('',(-0.309016994374948,0.951056516295154,0.));
#6605=DIRECTION('',(-0.215009849389389,0.661732273796253,0.718248677327006));
#6606=DIRECTION('',(0.,-0.735449457296762,0.677579586293668));
#6607=DIRECTION('',(-0.987984173184633,0.154555082532657,1.34592641825382E-16));
#6608=DIRECTION('',(-0.154555082532657,-0.987984173184633,0.));
#6609=DIRECTION('',(0.,0.,1.));
#6610=DIRECTION('',(1.,0.,0.));
#6611=DIRECTION('',(-0.890141184459392,0.455684838160358,1.03187692066126E-15));
#6612=DIRECTION('',(-0.455684838160358,-0.890141184459392,0.));
#6613=DIRECTION('',(-0.562903093617416,-0.408973036658836,-0.718248677327005));
#6614=DIRECTION('',(-0.787081757404505,0.,0.61684869065358));
#6615=DIRECTION('',(0.587785252292473,-0.809016994374948,0.));
#6616=DIRECTION('',(0.809016994374948,0.587785252292473,0.));
#6617=DIRECTION('',(-0.49105469093587,-0.356772116541438,-0.794719414239026));
#6618=DIRECTION('',(-0.850702945377198,0.,0.525646743285412));
#6619=DIRECTION('',(0.,0.,-1.));
#6620=DIRECTION('',(-1.,0.,0.));
#6621=DIRECTION('',(0.,0.,-1.));
#6622=DIRECTION('',(-1.,0.,0.));
#6623=DIRECTION('',(0.,0.,-1.));
#6624=DIRECTION('',(-1.,0.,0.));
#6625=DIRECTION('',(0.,0.,-1.));
#6626=DIRECTION('',(-1.,0.,0.));
#6627=DIRECTION('',(0.,0.,-1.));
#6628=DIRECTION('',(-1.,0.,0.));
#6629=DIRECTION('',(0.,0.,-1.));
#6630=DIRECTION('',(-1.,0.,0.));
#6631=DIRECTION('',(0.,0.,-1.));
#6632=DIRECTION('',(-1.,0.,0.));
#6633=DIRECTION('',(0.,0.,-1.));
#6634=DIRECTION('',(-1.,0.,0.));
#6635=DIRECTION('',(0.,0.,-1.));
#6636=DIRECTION('',(-1.,0.,0.));
#6637=DIRECTION('',(0.,0.,-1.));
#6638=DIRECTION('',(-1.,0.,0.));
#6639=DIRECTION('',(0.,0.,-1.));
#6640=DIRECTION('',(-1.,0.,0.));
#6641=DIRECTION('',(0.,0.,-1.));
#6642=DIRECTION('',(-1.,0.,0.));
#6643=DIRECTION('',(0.,0.,-1.));
#6644=DIRECTION('',(-1.,0.,0.));
#6645=DIRECTION('',(0.,0.,-1.));
#6646=DIRECTION('',(-1.,0.,0.));
#6647=DIRECTION('',(0.,0.,-1.));
#6648=DIRECTION('',(-1.,0.,0.));
#6649=CARTESIAN_POINT('',(0.,0.,0.));
#6650=CARTESIAN_POINT('',(0.,0.0125,-0.165160861080459));
#6651=CARTESIAN_POINT('',(0.,0.0125,0.04635));
#6652=CARTESIAN_POINT('',(-0.0041,0.0125,0.04635));
#6653=CARTESIAN_POINT('',(0.,0.0125,0.05235));
#6654=CARTESIAN_POINT('',(0.0041,0.0125,0.05235));
#6655=CARTESIAN_POINT('',(0.,-0.0125,-0.165160861080459));
#6656=CARTESIAN_POINT('',(0.,-0.0125,0.04635));
#6657=CARTESIAN_POINT('',(-0.0041,-0.0125,0.04635));
#6658=CARTESIAN_POINT('',(0.,-0.0125,0.05235));
#6659=CARTESIAN_POINT('',(0.0041,-0.0125,0.05235));
#6660=CARTESIAN_POINT('',(0.,0.015975,0.05235));
#6661=CARTESIAN_POINT('',(0.0100250786171296,0.015975,0.05235));
#6662=CARTESIAN_POINT('',(0.0100250786171296,0.015975,0.05335));
#6663=CARTESIAN_POINT('',(0.0100250786171296,0.015975,0.0606));
#6664=CARTESIAN_POINT('',(0.00776365732113415,0.015975,0.0606));
#6665=CARTESIAN_POINT('',(0.00776365732113415,0.015975,0.0606));
#6666=CARTESIAN_POINT('',(0.00776365732113415,0.015975,0.05235));
#6667=CARTESIAN_POINT('',(0.00776365732113415,0.015975,0.05335));
#6668=CARTESIAN_POINT('',(0.0100250786171296,0.015975,0.05335));
#6669=CARTESIAN_POINT('',(0.,0.015975,0.05235));
#6670=CARTESIAN_POINT('',(-0.00776365732113415,0.015975,0.05235));
#6671=CARTESIAN_POINT('',(-0.00776365732113415,0.015975,0.05335));
#6672=CARTESIAN_POINT('',(-0.00776365732113415,0.015975,0.0606));
#6673=CARTESIAN_POINT('',(-0.0100250786171296,0.015975,0.0606));
#6674=CARTESIAN_POINT('',(-0.0100250786171296,0.015975,0.0606));
#6675=CARTESIAN_POINT('',(-0.0100250786171296,0.015975,0.05235));
#6676=CARTESIAN_POINT('',(-0.0100250786171296,0.015975,0.05335));
#6677=CARTESIAN_POINT('',(-0.00776365732113415,0.015975,0.05335));
#6678=CARTESIAN_POINT('',(0.,-0.015975,0.05235));
#6679=CARTESIAN_POINT('',(-0.0100250786171296,-0.015975,0.05235));
#6680=CARTESIAN_POINT('',(-0.0100250786171296,-0.015975,0.05335));
#6681=CARTESIAN_POINT('',(-0.0100250786171296,-0.015975,0.0606));
#6682=CARTESIAN_POINT('',(0.,-0.015975,0.0606));
#6683=CARTESIAN_POINT('',(-0.00776365732113415,-0.015975,0.0606));
#6684=CARTESIAN_POINT('',(-0.00776365732113415,-0.015975,0.05235));
#6685=CARTESIAN_POINT('',(-0.00776365732113415,-0.015975,0.05335));
#6686=CARTESIAN_POINT('',(0.,-0.015975,0.05335));
#6687=CARTESIAN_POINT('',(0.,-0.015975,0.05235));
#6688=CARTESIAN_POINT('',(0.00776365732113415,-0.015975,0.06135));
#6689=CARTESIAN_POINT('',(0.00776365732113415,-0.015975,0.05335));
#6690=CARTESIAN_POINT('',(0.00776365732113415,-0.015975,0.0606));
#6691=CARTESIAN_POINT('',(0.,-0.015975,0.0606));
#6692=CARTESIAN_POINT('',(0.0100250786171296,-0.015975,0.0606));
#6693=CARTESIAN_POINT('',(0.0100250786171296,-0.015975,0.05235));
#6694=CARTESIAN_POINT('',(0.0100250786171296,-0.015975,0.05335));
#6695=CARTESIAN_POINT('',(0.,-0.015975,0.05335));
#6696=CARTESIAN_POINT('',(0.,0.0175,0.06135));
#6697=CARTESIAN_POINT('',(-0.017975,-0.006,0.06135));
#6698=CARTESIAN_POINT('',(-0.016725,-0.006,0.06135));
#6699=CARTESIAN_POINT('',(-0.017975,-0.00475,0.06135));
#6700=CARTESIAN_POINT('',(-1.16945101004087E-17,-0.00475,0.06135));
#6701=CARTESIAN_POINT('',(-0.018075977212228,-0.00475,0.06135));
#6702=CARTESIAN_POINT('',(-0.018075977212228,-0.006,0.06135));
#6703=CARTESIAN_POINT('',(-0.0188259772122281,-0.005,0.06135));
#6704=CARTESIAN_POINT('',(-0.022575977212228,7.70458738759724E-19,0.06135));
#6705=CARTESIAN_POINT('',(-0.0234820996503117,-0.00618396653671423,0.06135));
#6706=CARTESIAN_POINT('',(-0.023518344547835,-0.0064313251981828,0.06135));
#6707=CARTESIAN_POINT('',(-0.0237628489716175,-0.00648345567632022,0.06135));
#6708=CARTESIAN_POINT('',(-0.0285306852353742,-0.0075,0.06135));
#6709=CARTESIAN_POINT('',(-0.0286215368642204,-0.00262584663951409,0.06135));
#6710=CARTESIAN_POINT('',(-0.0286261959221099,-0.00237589005692508,0.06135));
#6711=CARTESIAN_POINT('',(-0.0283934952024991,-0.00228450967012027,0.06135));
#6712=CARTESIAN_POINT('',(-0.022575977212228,7.70458738759724E-19,0.06135));
#6713=CARTESIAN_POINT('',(-0.0283934952024991,0.00228450967012027,0.06135));
#6714=CARTESIAN_POINT('',(-0.0286261959221099,0.00237589005692508,0.06135));
#6715=CARTESIAN_POINT('',(-0.0286215368642204,0.0026258466395141,0.06135));
#6716=CARTESIAN_POINT('',(-0.0285306852353742,0.0075,0.06135));
#6717=CARTESIAN_POINT('',(-0.0237628489716174,0.00648345567632022,0.06135));
#6718=CARTESIAN_POINT('',(-0.023518344547835,0.0064313251981828,0.06135));
#6719=CARTESIAN_POINT('',(-0.0234820996503117,0.00618396653671423,0.06135));
#6720=CARTESIAN_POINT('',(-0.022575977212228,7.70458738759724E-19,0.06135));
#6721=CARTESIAN_POINT('',(-0.018825977212228,0.005,0.06135));
#6722=CARTESIAN_POINT('',(-0.018075977212228,0.006,0.06135));
#6723=CARTESIAN_POINT('',(-0.018075977212228,0.00475,0.06135));
#6724=CARTESIAN_POINT('',(-0.017975,0.00475,0.06135));
#6725=CARTESIAN_POINT('',(-0.017975,0.00475,0.06135));
#6726=CARTESIAN_POINT('',(-0.017975,0.006,0.06135));
#6727=CARTESIAN_POINT('',(-0.016725,0.006,0.06135));
#6728=CARTESIAN_POINT('',(-0.016725,0.0175,0.06135));
#6729=CARTESIAN_POINT('',(-0.016725,0.0100250786171296,0.06135));
#6730=CARTESIAN_POINT('',(-0.013975,0.0100250786171296,0.06135));
#6731=CARTESIAN_POINT('',(-0.0139922955974843,0.0127750242279205,0.06135));
#6732=CARTESIAN_POINT('',(-0.014,0.014,0.06135));
#6733=CARTESIAN_POINT('',(-0.0127750242279205,0.0139922955974843,0.06135));
#6734=CARTESIAN_POINT('',(-0.0100250786171296,0.013975,0.06135));
#6735=CARTESIAN_POINT('',(-0.0100250786171296,0.016725,0.06135));
#6736=CARTESIAN_POINT('',(-0.00776365732113415,0.016725,0.06135));
#6737=CARTESIAN_POINT('',(-0.00776365732113415,0.016725,0.06135));
#6738=CARTESIAN_POINT('',(-0.00776365732113415,0.017975,0.06135));
#6739=CARTESIAN_POINT('',(-0.00674212346309019,0.0172546052631579,0.06135));
#6740=CARTESIAN_POINT('',(0.,0.0125,0.06135));
#6741=CARTESIAN_POINT('',(0.00674212346309019,0.0172546052631579,0.06135));
#6742=CARTESIAN_POINT('',(0.00776365732113415,0.017975,0.06135));
#6743=CARTESIAN_POINT('',(0.00776365732113415,0.016725,0.06135));
#6744=CARTESIAN_POINT('',(0.0100250786171296,0.016725,0.06135));
#6745=CARTESIAN_POINT('',(0.0100250786171296,0.016725,0.06135));
#6746=CARTESIAN_POINT('',(0.0100250786171296,0.013975,0.06135));
#6747=CARTESIAN_POINT('',(0.0127750242279205,0.0139922955974843,0.06135));
#6748=CARTESIAN_POINT('',(0.014,0.014,0.06135));
#6749=CARTESIAN_POINT('',(0.0139922955974843,0.0127750242279205,0.06135));
#6750=CARTESIAN_POINT('',(0.013975,0.0100250786171296,0.06135));
#6751=CARTESIAN_POINT('',(0.016725,0.0100250786171296,0.06135));
#6752=CARTESIAN_POINT('',(0.016725,0.006,0.06135));
#6753=CARTESIAN_POINT('',(0.016725,0.006,0.06135));
#6754=CARTESIAN_POINT('',(0.017975,0.006,0.06135));
#6755=CARTESIAN_POINT('',(0.017975,0.00475,0.06135));
#6756=CARTESIAN_POINT('',(3.35067424225192E-18,0.00475,0.06135));
#6757=CARTESIAN_POINT('',(0.018075977212228,0.00475,0.06135));
#6758=CARTESIAN_POINT('',(0.018075977212228,0.006,0.06135));
#6759=CARTESIAN_POINT('',(0.018825977212228,0.005,0.06135));
#6760=CARTESIAN_POINT('',(0.022575977212228,5.53618304262623E-19,0.06135));
#6761=CARTESIAN_POINT('',(0.0234820996503117,0.00618396653671423,0.06135));
#6762=CARTESIAN_POINT('',(0.023518344547835,0.0064313251981828,0.06135));
#6763=CARTESIAN_POINT('',(0.0237628489716175,0.00648345567632022,0.06135));
#6764=CARTESIAN_POINT('',(0.0285306852353742,0.0075,0.06135));
#6765=CARTESIAN_POINT('',(0.0286215368642204,0.0026258466395141,0.06135));
#6766=CARTESIAN_POINT('',(0.0286261959221099,0.00237589005692508,0.06135));
#6767=CARTESIAN_POINT('',(0.0283934952024991,0.00228450967012026,0.06135));
#6768=CARTESIAN_POINT('',(0.022575977212228,5.53618304262623E-19,0.06135));
#6769=CARTESIAN_POINT('',(0.0283934952024991,-0.00228450967012027,0.06135));
#6770=CARTESIAN_POINT('',(0.0286261959221099,-0.00237589005692508,0.06135));
#6771=CARTESIAN_POINT('',(0.0286215368642204,-0.0026258466395141,0.06135));
#6772=CARTESIAN_POINT('',(0.0285306852353742,-0.0075,0.06135));
#6773=CARTESIAN_POINT('',(0.0237628489716175,-0.00648345567632022,0.06135));
#6774=CARTESIAN_POINT('',(0.023518344547835,-0.0064313251981828,0.06135));
#6775=CARTESIAN_POINT('',(0.0234820996503117,-0.00618396653671423,0.06135));
#6776=CARTESIAN_POINT('',(0.022575977212228,5.53618304262623E-19,0.06135));
#6777=CARTESIAN_POINT('',(0.0188259772122281,-0.005,0.06135));
#6778=CARTESIAN_POINT('',(0.018075977212228,-0.006,0.06135));
#6779=CARTESIAN_POINT('',(0.018075977212228,-0.00475,0.06135));
#6780=CARTESIAN_POINT('',(0.017975,-0.00475,0.06135));
#6781=CARTESIAN_POINT('',(0.017975,-0.00475,0.06135));
#6782=CARTESIAN_POINT('',(0.017975,-0.006,0.06135));
#6783=CARTESIAN_POINT('',(0.016725,-0.006,0.06135));
#6784=CARTESIAN_POINT('',(0.016725,-0.0100250786171296,0.06135));
#6785=CARTESIAN_POINT('',(0.016725,-0.0100250786171296,0.06135));
#6786=CARTESIAN_POINT('',(0.013975,-0.0100250786171296,0.06135));
#6787=CARTESIAN_POINT('',(0.0139922955974843,-0.0127750242279205,0.06135));
#6788=CARTESIAN_POINT('',(0.014,-0.014,0.06135));
#6789=CARTESIAN_POINT('',(0.0127750242279205,-0.0139922955974843,0.06135));
#6790=CARTESIAN_POINT('',(0.0100250786171296,-0.013975,0.06135));
#6791=CARTESIAN_POINT('',(0.0100250786171296,-0.016725,0.06135));
#6792=CARTESIAN_POINT('',(0.,-0.016725,0.06135));
#6793=CARTESIAN_POINT('',(0.00776365732113415,-0.016725,0.06135));
#6794=CARTESIAN_POINT('',(0.00776365732113415,-0.017975,0.06135));
#6795=CARTESIAN_POINT('',(0.00674212346309018,-0.0172546052631579,0.06135));
#6796=CARTESIAN_POINT('',(0.,-0.0125,0.06135));
#6797=CARTESIAN_POINT('',(-0.00674212346309018,-0.0172546052631579,0.06135));
#6798=CARTESIAN_POINT('',(-0.00776365732113415,-0.017975,0.06135));
#6799=CARTESIAN_POINT('',(-0.00776365732113415,-0.016725,0.06135));
#6800=CARTESIAN_POINT('',(0.,-0.016725,0.06135));
#6801=CARTESIAN_POINT('',(-0.0100250786171296,-0.016725,0.06135));
#6802=CARTESIAN_POINT('',(-0.0100250786171296,-0.013975,0.06135));
#6803=CARTESIAN_POINT('',(-0.0127750242279205,-0.0139922955974843,0.06135));
#6804=CARTESIAN_POINT('',(-0.014,-0.014,0.06135));
#6805=CARTESIAN_POINT('',(-0.0139922955974843,-0.0127750242279205,0.06135));
#6806=CARTESIAN_POINT('',(-0.013975,-0.0100250786171296,0.06135));
#6807=CARTESIAN_POINT('',(-0.016725,-0.0100250786171296,0.06135));
#6808=CARTESIAN_POINT('',(-0.016725,0.0175,0.06135));
#6809=CARTESIAN_POINT('',(0.,0.,0.06135));
#6810=CARTESIAN_POINT('',(-0.0345517754113885,0.,0.06135));
#6811=CARTESIAN_POINT('',(0.014,0.014,0.06135));
#6812=CARTESIAN_POINT('',(0.014975,0.014,0.06135));
#6813=CARTESIAN_POINT('',(0.014,-0.014,0.06135));
#6814=CARTESIAN_POINT('',(0.014975,-0.014,0.06135));
#6815=CARTESIAN_POINT('',(-0.014,-0.014,0.06135));
#6816=CARTESIAN_POINT('',(-0.013025,-0.014,0.06135));
#6817=CARTESIAN_POINT('',(-0.014,0.014,0.06135));
#6818=CARTESIAN_POINT('',(-0.013025,0.014,0.06135));
#6819=CARTESIAN_POINT('',(-0.022575977212228,7.70458738759724E-19,-0.165160861080459));
#6820=CARTESIAN_POINT('',(-0.022575977212228,7.70458738759724E-19,0.04635));
#6821=CARTESIAN_POINT('',(-0.028075977212228,7.70458738759724E-19,0.04635));
#6822=CARTESIAN_POINT('',(-0.019275977212228,0.0044,-0.165160861080459));
#6823=CARTESIAN_POINT('',(-0.019275977212228,0.0044,0.04835));
#6824=CARTESIAN_POINT('',(-0.019275977212228,0.0044,0.0606));
#6825=CARTESIAN_POINT('',(-0.022575977212228,7.70458738759724E-19,0.0606));
#6826=CARTESIAN_POINT('',(-0.0233733649577416,0.00544189055230852,0.0606));
#6827=CARTESIAN_POINT('',(-0.0233733649577416,0.00544189055230852,-0.165160861080459));
#6828=CARTESIAN_POINT('',(-0.0233733649577416,0.00544189055230852,0.05735));
#6829=CARTESIAN_POINT('',(-0.022575977212228,7.70458738759724E-19,0.05735));
#6830=CARTESIAN_POINT('',(-0.0276953930436665,0.00201036850970584,0.05735));
#6831=CARTESIAN_POINT('',(-0.0276953930436665,0.00201036850970584,-0.165160861080459));
#6832=CARTESIAN_POINT('',(-0.0276953930436665,0.00201036850970584,0.0606));
#6833=CARTESIAN_POINT('',(-0.022575977212228,7.70458738759724E-19,0.0606));
#6834=CARTESIAN_POINT('',(-0.0276953930436665,-0.00201036850970584,0.0606));
#6835=CARTESIAN_POINT('',(-0.0276953930436665,-0.00201036850970584,-0.165160861080459));
#6836=CARTESIAN_POINT('',(-0.0276953930436665,-0.00201036850970584,0.05735));
#6837=CARTESIAN_POINT('',(-0.022575977212228,7.70458738759724E-19,0.05735));
#6838=CARTESIAN_POINT('',(-0.0233733649577416,-0.00544189055230852,0.05735));
#6839=CARTESIAN_POINT('',(-0.0233733649577416,-0.00544189055230852,-0.165160861080459));
#6840=CARTESIAN_POINT('',(-0.0233733649577416,-0.00544189055230852,0.0606));
#6841=CARTESIAN_POINT('',(-0.022575977212228,7.70458738759724E-19,0.0606));
#6842=CARTESIAN_POINT('',(-0.019275977212228,-0.0044,0.0606));
#6843=CARTESIAN_POINT('',(-0.019275977212228,-0.0044,-0.165160861080459));
#6844=CARTESIAN_POINT('',(-0.019275977212228,-0.0044,0.04835));
#6845=CARTESIAN_POINT('',(-0.022575977212228,7.70458738759724E-19,0.04835));
#6846=CARTESIAN_POINT('',(0.,0.02,0.04635));
#6847=CARTESIAN_POINT('',(-0.06,-1.71450551880629E-19,0.04635));
#6848=CARTESIAN_POINT('',(-0.0628,-1.71450551880629E-19,0.04635));
#6849=CARTESIAN_POINT('',(-0.0185410196624969,0.0570633909777092,0.04635));
#6850=CARTESIAN_POINT('',(-0.0213410196624969,0.0570633909777092,0.04635));
#6851=CARTESIAN_POINT('',(0.0485410196624968,0.0352671151375484,0.04635));
#6852=CARTESIAN_POINT('',(0.0457410196624968,0.0352671151375484,0.04635));
#6853=CARTESIAN_POINT('',(0.0485410196624969,-0.0352671151375484,0.04635));
#6854=CARTESIAN_POINT('',(0.0457410196624969,-0.0352671151375484,0.04635));
#6855=CARTESIAN_POINT('',(-0.0185410196624969,-0.0570633909777092,0.04635));
#6856=CARTESIAN_POINT('',(-0.0213410196624969,-0.0570633909777092,0.04635));
#6857=CARTESIAN_POINT('',(4.33680868994202E-19,-0.03,0.04635));
#6858=CARTESIAN_POINT('',(-0.002,-0.03,0.04635));
#6859=CARTESIAN_POINT('',(0.0259807621135331,-0.015,0.04635));
#6860=CARTESIAN_POINT('',(0.0239807621135332,-0.015,0.04635));
#6861=CARTESIAN_POINT('',(0.0259807621135331,0.015,0.04635));
#6862=CARTESIAN_POINT('',(0.0239807621135332,0.015,0.04635));
#6863=CARTESIAN_POINT('',(-3.46944695195361E-18,0.03,0.04635));
#6864=CARTESIAN_POINT('',(-0.002,0.03,0.04635));
#6865=CARTESIAN_POINT('',(-0.0259807621135331,0.015,0.04635));
#6866=CARTESIAN_POINT('',(-0.0279807621135331,0.015,0.04635));
#6867=CARTESIAN_POINT('',(-0.0259807621135331,-0.015,0.04635));
#6868=CARTESIAN_POINT('',(-0.0279807621135331,-0.015,0.04635));
#6869=CARTESIAN_POINT('',(-0.014,0.014,0.04635));
#6870=CARTESIAN_POINT('',(-0.014975,0.014,0.04635));
#6871=CARTESIAN_POINT('',(-0.014,-0.014,0.04635));
#6872=CARTESIAN_POINT('',(-0.014975,-0.014,0.04635));
#6873=CARTESIAN_POINT('',(0.014,-0.014,0.04635));
#6874=CARTESIAN_POINT('',(0.013025,-0.014,0.04635));
#6875=CARTESIAN_POINT('',(0.014,0.014,0.04635));
#6876=CARTESIAN_POINT('',(0.013025,0.014,0.04635));
#6877=CARTESIAN_POINT('',(0.022575977212228,5.53618304262623E-19,0.04635));
#6878=CARTESIAN_POINT('',(0.017075977212228,5.53618304262623E-19,0.04635));
#6879=CARTESIAN_POINT('',(0.0285306852353742,-0.0075,0.04635));
#6880=CARTESIAN_POINT('',(0.0262806852353742,-0.0075,0.04635));
#6881=CARTESIAN_POINT('',(0.0285306852353742,0.0075,0.04635));
#6882=CARTESIAN_POINT('',(0.0262806852353742,0.0075,0.04635));
#6883=CARTESIAN_POINT('',(-0.0285306852353742,0.0075,0.04635));
#6884=CARTESIAN_POINT('',(-0.0307806852353742,0.0075,0.04635));
#6885=CARTESIAN_POINT('',(-0.0285306852353742,-0.0075,0.04635));
#6886=CARTESIAN_POINT('',(-0.0307806852353742,-0.0075,0.04635));
#6887=CARTESIAN_POINT('',(0.,-2.4983462542779E-18,0.04635));
#6888=CARTESIAN_POINT('',(-0.0371960759615098,0.0188632950168602,0.04635));
#6889=CARTESIAN_POINT('',(-0.0294342792407508,0.0295464916936853,0.04635));
#6890=CARTESIAN_POINT('',(-0.0294342792407508,0.0295464916936853,0.04635));
#6891=CARTESIAN_POINT('',(-0.0283771278633815,0.0305996281934032,0.04635));
#6892=CARTESIAN_POINT('',(-0.0264557577363147,0.0328300526790776,0.04635));
#6893=CARTESIAN_POINT('',(-0.024217899616804,0.0367007027350911,0.04635));
#6894=CARTESIAN_POINT('',(-0.0229457832829504,0.0410020248203642,0.04635));
#6895=CARTESIAN_POINT('',(-0.0228770581473963,0.0440222533584578,0.04635));
#6896=CARTESIAN_POINT('',(-0.0230602220646053,0.0455132237067835,0.04635));
#6897=CARTESIAN_POINT('',(-0.0230602220646056,0.0455132237067835,0.04635));
#6898=CARTESIAN_POINT('',(-0.0429109908103096,0.043074580599524,0.04635));
#6899=CARTESIAN_POINT('',(-0.0238898604844065,0.049254920487023,0.04635));
#6900=CARTESIAN_POINT('',(-0.0226001279210715,0.0452855318094883,0.04635));
#6901=CARTESIAN_POINT('',(-0.0256739435347105,0.0547457635198971,0.04635));
#6902=CARTESIAN_POINT('',(-0.0185410196624969,0.0570633909777092,0.04635));
#6903=CARTESIAN_POINT('',(-0.0114080957902832,0.0593810184355213,0.04635));
#6904=CARTESIAN_POINT('',(-0.00833428017664427,0.0499207867251125,0.04635));
#6905=CARTESIAN_POINT('',(-0.00962401273997917,0.0538901754026472,0.04635));
#6906=CARTESIAN_POINT('',(0.00939711758592391,0.0600705152901461,0.04635));
#6907=CARTESIAN_POINT('',(-0.00809589013480943,0.0503754298917413,0.04635));
#6908=CARTESIAN_POINT('',(-0.00809589013480943,0.0503754298917413,0.04635));
#6909=CARTESIAN_POINT('',(-0.00736926464020648,0.049064367135217,0.04635));
#6910=CARTESIAN_POINT('',(-0.00602493416946868,0.0472922703591111,0.04635));
#6911=CARTESIAN_POINT('',(-0.00377592647140188,0.0453059320623532,0.04635));
#6912=CARTESIAN_POINT('',(-0.00133104249795067,0.0436420877651767,0.04635));
#6913=CARTESIAN_POINT('',(0.00209866313486063,0.0421101717818059,0.04635));
#6914=CARTESIAN_POINT('',(0.00497189114021193,0.0414352260207775,0.04635));
#6915=CARTESIAN_POINT('',(0.00644584004841484,0.0412046491539215,0.04635));
#6916=CARTESIAN_POINT('',(0.00644584004841484,0.0412046491539214,0.04635));
#6917=CARTESIAN_POINT('',(0.,-2.4983462542779E-18,0.04635));
#6918=CARTESIAN_POINT('',(0.0190046909563703,0.0371240311318742,0.04635));
#6919=CARTESIAN_POINT('',(0.0190046909563703,0.0371240311318742,0.04635));
#6920=CARTESIAN_POINT('',(0.0203330131678785,0.0364440308099662,0.04635));
#6921=CARTESIAN_POINT('',(0.0230482706256076,0.0353063036306325,0.04635));
#6922=CARTESIAN_POINT('',(0.027413784655761,0.0343743875311086,0.04635));
#6923=CARTESIAN_POINT('',(0.0319046179739136,0.0344926004660387,0.04635));
#6924=CARTESIAN_POINT('',(0.0347979121992484,0.0353608415525497,0.04635));
#6925=CARTESIAN_POINT('',(0.0361596474719123,0.0359959340559411,0.04635));
#6926=CARTESIAN_POINT('',(0.0361596474719122,0.0359959340559413,0.04635));
#6927=CARTESIAN_POINT('',(0.0277061351600053,0.0541215548616527,0.04635));
#6928=CARTESIAN_POINT('',(0.0394618402058547,0.0379412149741538,0.04635));
#6929=CARTESIAN_POINT('',(0.0360852765186465,0.0354879978568783,0.04635));
#6930=CARTESIAN_POINT('',(0.0441326302703033,0.0413347425953605,0.04635));
#6931=CARTESIAN_POINT('',(0.0485410196624968,0.0352671151375484,0.04635));
#6932=CARTESIAN_POINT('',(0.0529494090546904,0.0291994876797363,0.04635));
#6933=CARTESIAN_POINT('',(0.0449020553030336,0.0233527429412541,0.04635));
#6934=CARTESIAN_POINT('',(0.0482786189902419,0.0258059600585295,0.04635));
#6935=CARTESIAN_POINT('',(0.0600343240360913,0.00962562017103058,0.04635));
#6936=CARTESIAN_POINT('',(0.0454081132234617,0.023266513003412,0.04635));
#6937=CARTESIAN_POINT('',(0.0454081132234617,0.023266513003412,0.04635));
#6938=CARTESIAN_POINT('',(0.0443857580719757,0.0221703104194056,0.04635));
#6939=CARTESIAN_POINT('',(0.0431158148470687,0.0203441681456625,0.04635));
#6940=CARTESIAN_POINT('',(0.0419216764655532,0.0175914224289422,0.04635));
#6941=CARTESIAN_POINT('',(0.0410947772016943,0.0147520434305844,0.04635));
#6942=CARTESIAN_POINT('',(0.040697675849535,0.0110168114667088,0.04635));
#6943=CARTESIAN_POINT('',(0.0409436405677306,0.00807563953897859,0.04635));
#6944=CARTESIAN_POINT('',(0.0411798241974754,0.00660257865477783,0.04635));
#6945=CARTESIAN_POINT('',(0.0411798241974754,0.00660257865477783,0.04635));
#6946=CARTESIAN_POINT('',(0.,-2.4983462542779E-18,0.04635));
#6947=CARTESIAN_POINT('',(0.0411798241974754,-0.00660257865477783,0.04635));
#6948=CARTESIAN_POINT('',(0.0411798241974754,-0.00660257865477783,0.04635));
#6949=CARTESIAN_POINT('',(0.0409435888707419,-0.00807596196950452,0.04635));
#6950=CARTESIAN_POINT('',(0.0407001784044918,-0.0110097663079703,0.04635));
#6951=CARTESIAN_POINT('',(0.0411648241745175,-0.015456567981935,0.04635));
#6952=CARTESIAN_POINT('',(0.0426639141286915,-0.0196841418674408,0.04635));
#6953=CARTESIAN_POINT('',(0.0443835601193318,-0.0221679537027952,0.04635));
#6954=CARTESIAN_POINT('',(0.0454081132234614,-0.0232665130034123,0.04635));
#6955=CARTESIAN_POINT('',(0.0454081132234617,-0.023266513003412,0.04635));
#6956=CARTESIAN_POINT('',(0.0600343240360913,-0.00962562017103056,0.04635));
#6957=CARTESIAN_POINT('',(0.0482786189902419,-0.0258059600585295,0.04635));
#6958=CARTESIAN_POINT('',(0.0449020553030336,-0.0233527429412541,0.04635));
#6959=CARTESIAN_POINT('',(0.0529494090546904,-0.0291994876797362,0.04635));
#6960=CARTESIAN_POINT('',(0.0485410196624969,-0.0352671151375484,0.04635));
#6961=CARTESIAN_POINT('',(0.0441326302703033,-0.0413347425953605,0.04635));
#6962=CARTESIAN_POINT('',(0.0360852765186465,-0.0354879978568783,0.04635));
#6963=CARTESIAN_POINT('',(0.0394618402058547,-0.0379412149741538,0.04635));
#6964=CARTESIAN_POINT('',(0.0277061351600053,-0.0541215548616527,0.04635));
#6965=CARTESIAN_POINT('',(0.0361596474719126,-0.0359959340559415,0.04635));
#6966=CARTESIAN_POINT('',(0.0361596474719126,-0.0359959340559415,0.04635));
#6967=CARTESIAN_POINT('',(0.0348011717451178,-0.0353623617548885,0.04635));
#6968=CARTESIAN_POINT('',(0.0326719731976046,-0.0347188829722489,0.04635));
#6969=CARTESIAN_POINT('',(0.0296849473924905,-0.0344338350908098,0.04635));
#6970=CARTESIAN_POINT('',(0.0267290115687021,-0.034524823521561,0.04635));
#6971=CARTESIAN_POINT('',(0.0230538838032779,-0.0353014078477304,0.04635));
#6972=CARTESIAN_POINT('',(0.0203326703538047,-0.0364442063047962,0.04635));
#6973=CARTESIAN_POINT('',(0.0190046909563703,-0.0371240311318743,0.04635));
#6974=CARTESIAN_POINT('',(0.0190046909563703,-0.0371240311318743,0.04635));
#6975=CARTESIAN_POINT('',(0.,-2.4983462542779E-18,0.04635));
#6976=CARTESIAN_POINT('',(0.00644584004841485,-0.0412046491539215,0.04635));
#6977=CARTESIAN_POINT('',(0.00644584004841485,-0.0412046491539215,0.04635));
#6978=CARTESIAN_POINT('',(0.00497156851531108,-0.0414352764905315,0.04635));
#6979=CARTESIAN_POINT('',(0.00210613681099817,-0.0421103747792269,0.04635));
#6980=CARTESIAN_POINT('',(-0.00197943945839577,-0.0439264164544489,0.04635));
#6981=CARTESIAN_POINT('',(-0.00553685687838884,-0.0466585278994757,0.04635));
#6982=CARTESIAN_POINT('',(-0.00736770247423694,-0.0490615484925492,0.04635));
#6983=CARTESIAN_POINT('',(-0.0080958901348098,-0.0503754298917414,0.04635));
#6984=CARTESIAN_POINT('',(-0.00809589013480961,-0.0503754298917416,0.04635));
#6985=CARTESIAN_POINT('',(0.00939711758592391,-0.0600705152901462,0.04635));
#6986=CARTESIAN_POINT('',(-0.00962401273997916,-0.0538901754026472,0.04635));
#6987=CARTESIAN_POINT('',(-0.00833428017664425,-0.0499207867251125,0.04635));
#6988=CARTESIAN_POINT('',(-0.0114080957902832,-0.0593810184355213,0.04635));
#6989=CARTESIAN_POINT('',(-0.0185410196624969,-0.0570633909777092,0.04635));
#6990=CARTESIAN_POINT('',(-0.0256739435347105,-0.0547457635198971,0.04635));
#6991=CARTESIAN_POINT('',(-0.0226001279210715,-0.0452855318094883,0.04635));
#6992=CARTESIAN_POINT('',(-0.0238898604844065,-0.049254920487023,0.04635));
#6993=CARTESIAN_POINT('',(-0.0429109908103096,-0.043074580599524,0.04635));
#6994=CARTESIAN_POINT('',(-0.0230602220646056,-0.0455132237067839,0.04635));
#6995=CARTESIAN_POINT('',(-0.0230602220646056,-0.0455132237067839,0.04635));
#6996=CARTESIAN_POINT('',(-0.0228774510851706,-0.0440254519063963,0.04635));
#6997=CARTESIAN_POINT('',(-0.0229234249314235,-0.0418016178739424,0.04635));
#6998=CARTESIAN_POINT('',(-0.0235753700227416,-0.0388727028780716,0.04635));
#6999=CARTESIAN_POINT('',(-0.0245753395665472,-0.036089557822501,0.04635));
#7000=CARTESIAN_POINT('',(-0.0264495920864187,-0.0328342813673286,0.04635));
#7001=CARTESIAN_POINT('',(-0.028377359207032,-0.0305993977283559,0.04635));
#7002=CARTESIAN_POINT('',(-0.0294342792407508,-0.0295464916936853,0.04635));
#7003=CARTESIAN_POINT('',(-0.0294342792407509,-0.0295464916936854,0.04635));
#7004=CARTESIAN_POINT('',(0.,-2.4983462542779E-18,0.04635));
#7005=CARTESIAN_POINT('',(-0.0371960759615098,-0.0188632950168602,0.04635));
#7006=CARTESIAN_POINT('',(-0.0371960759615098,-0.0188632950168602,0.04635));
#7007=CARTESIAN_POINT('',(-0.0378709905508808,-0.0175324472348934,0.04635));
#7008=CARTESIAN_POINT('',(-0.0393985142703377,-0.0150158765845882,0.04635));
#7009=CARTESIAN_POINT('',(-0.0423881850384788,-0.011691450390897,0.04635));
#7010=CARTESIAN_POINT('',(-0.0460858798703794,-0.00915241423947032,0.04635));
#7011=CARTESIAN_POINT('',(-0.048937050667407,-0.00815375080630127,0.04635));
#7012=CARTESIAN_POINT('',(-0.0504116484959589,-0.00786721486757126,0.04635));
#7013=CARTESIAN_POINT('',(-0.050411648495959,-0.00786721486757156,0.04635));
#7014=CARTESIAN_POINT('',(-0.054226585971711,-0.0275,0.04635));
#7015=CARTESIAN_POINT('',(-0.054226585971711,-0.0075,0.04635));
#7016=CARTESIAN_POINT('',(-0.0500529237239642,-0.0075,0.04635));
#7017=CARTESIAN_POINT('',(-0.06,-0.0075,0.04635));
#7018=CARTESIAN_POINT('',(-0.06,0.,0.04635));
#7019=CARTESIAN_POINT('',(-0.06,0.0075,0.04635));
#7020=CARTESIAN_POINT('',(-0.0500529237239642,0.0075,0.04635));
#7021=CARTESIAN_POINT('',(-0.054226585971711,0.0075,0.04635));
#7022=CARTESIAN_POINT('',(-0.054226585971711,0.0275,0.04635));
#7023=CARTESIAN_POINT('',(-0.0504116484959589,0.00786721486757158,0.04635));
#7024=CARTESIAN_POINT('',(-0.0504116484959589,0.00786721486757158,0.04635));
#7025=CARTESIAN_POINT('',(-0.0489402140917161,0.00815313610666183,0.04635));
#7026=CARTESIAN_POINT('',(-0.0468394289437809,0.00888406234141742,0.04635));
#7027=CARTESIAN_POINT('',(-0.0442553273639,0.0104091834775858,0.04635));
#7028=CARTESIAN_POINT('',(-0.0419174067058984,0.0122202501483008,0.04635));
#7029=CARTESIAN_POINT('',(-0.0394006307012548,0.015008705966544,0.04635));
#7030=CARTESIAN_POINT('',(-0.0378708428547152,0.017532738473396,0.04635));
#7031=CARTESIAN_POINT('',(-0.0371960759615098,0.0188632950168602,0.04635));
#7032=CARTESIAN_POINT('',(0.,0.,0.06135));
#7033=CARTESIAN_POINT('',(0.,0.,0.0620729692756215));
#7034=CARTESIAN_POINT('',(0.039,0.,0.0620729692756215));
#7035=CARTESIAN_POINT('',(0.,0.,0.0614297214542847));
#7036=CARTESIAN_POINT('',(0.0354410779654015,0.,0.0614297214542847));
#7037=CARTESIAN_POINT('',(0.,0.,0.06635));
#7038=CARTESIAN_POINT('',(-0.0285306852353742,-0.0075,0.06135));
#7039=CARTESIAN_POINT('',(-0.0285306852353742,-0.0075,0.05735));
#7040=CARTESIAN_POINT('',(-0.0307806852353742,-0.0075,0.05735));
#7041=CARTESIAN_POINT('',(-0.0244056852353742,-0.0075,0.05735));
#7042=CARTESIAN_POINT('',(-0.0286261959221099,-0.00237589005692508,0.05735));
#7043=CARTESIAN_POINT('',(-0.0286075596905517,-0.00337571638728116,0.05735));
#7044=CARTESIAN_POINT('',(-0.0285306852353742,-0.0075,0.05735));
#7045=CARTESIAN_POINT('',(-0.0244963622429646,-0.00663984711073249,0.05735));
#7046=CARTESIAN_POINT('',(-0.023518344547835,-0.0064313251981828,0.05735));
#7047=CARTESIAN_POINT('',(-0.0285306852353742,-0.0075,0.06135));
#7048=CARTESIAN_POINT('',(-0.0286075596905517,-0.00337571638728116,0.06135));
#7049=CARTESIAN_POINT('',(-0.0286075596905517,-0.00337571638728116,0.0606));
#7050=CARTESIAN_POINT('',(-0.0285306852353742,-0.0075,0.0606));
#7051=CARTESIAN_POINT('',(-0.0244963622429646,-0.00663984711073249,0.0606));
#7052=CARTESIAN_POINT('',(-0.0244963622429646,-0.00663984711073249,0.06135));
#7053=CARTESIAN_POINT('',(-0.0285306852353742,0.0075,0.06135));
#7054=CARTESIAN_POINT('',(-0.0285306852353742,0.0075,0.05735));
#7055=CARTESIAN_POINT('',(-0.0307806852353742,0.0075,0.05735));
#7056=CARTESIAN_POINT('',(-0.0244056852353742,0.0075,0.05735));
#7057=CARTESIAN_POINT('',(-0.023518344547835,0.0064313251981828,0.05735));
#7058=CARTESIAN_POINT('',(-0.0244963622429646,0.00663984711073249,0.05735));
#7059=CARTESIAN_POINT('',(-0.0285306852353742,0.0075,0.05735));
#7060=CARTESIAN_POINT('',(-0.0286075596905517,0.00337571638728116,0.05735));
#7061=CARTESIAN_POINT('',(-0.0286261959221099,0.00237589005692508,0.05735));
#7062=CARTESIAN_POINT('',(-0.0285306852353742,0.0075,0.06135));
#7063=CARTESIAN_POINT('',(-0.0244963622429646,0.00663984711073249,0.06135));
#7064=CARTESIAN_POINT('',(-0.0244963622429646,0.00663984711073249,0.0606));
#7065=CARTESIAN_POINT('',(-0.0285306852353742,0.0075,0.0606));
#7066=CARTESIAN_POINT('',(-0.0286075596905517,0.00337571638728116,0.0606));
#7067=CARTESIAN_POINT('',(-0.0286075596905517,0.00337571638728116,0.06135));
#7068=CARTESIAN_POINT('',(0.0285306852353742,0.0075,0.06135));
#7069=CARTESIAN_POINT('',(0.0285306852353742,0.0075,0.05735));
#7070=CARTESIAN_POINT('',(0.0262806852353742,0.0075,0.05735));
#7071=CARTESIAN_POINT('',(0.0326556852353743,0.0075,0.05735));
#7072=CARTESIAN_POINT('',(0.022575977212228,5.53618304262623E-19,0.05735));
#7073=CARTESIAN_POINT('',(0.0276953930436665,0.00201036850970584,0.05735));
#7074=CARTESIAN_POINT('',(0.0233733649577416,0.00544189055230852,0.05735));
#7075=CARTESIAN_POINT('',(0.0286261959221099,0.00237589005692508,0.05735));
#7076=CARTESIAN_POINT('',(0.0286075596905517,0.00337571638728116,0.05735));
#7077=CARTESIAN_POINT('',(0.0285306852353742,0.0075,0.05735));
#7078=CARTESIAN_POINT('',(0.0244963622429646,0.00663984711073249,0.05735));
#7079=CARTESIAN_POINT('',(0.023518344547835,0.0064313251981828,0.05735));
#7080=CARTESIAN_POINT('',(0.0285306852353742,0.0075,0.06135));
#7081=CARTESIAN_POINT('',(0.0286075596905517,0.00337571638728116,0.06135));
#7082=CARTESIAN_POINT('',(0.0286075596905517,0.00337571638728116,0.0606));
#7083=CARTESIAN_POINT('',(0.0285306852353742,0.0075,0.0606));
#7084=CARTESIAN_POINT('',(0.0244963622429646,0.00663984711073249,0.0606));
#7085=CARTESIAN_POINT('',(0.0244963622429646,0.00663984711073249,0.06135));
#7086=CARTESIAN_POINT('',(0.0285306852353742,-0.0075,0.06135));
#7087=CARTESIAN_POINT('',(0.0285306852353742,-0.0075,0.05735));
#7088=CARTESIAN_POINT('',(0.0262806852353742,-0.0075,0.05735));
#7089=CARTESIAN_POINT('',(0.0326556852353743,-0.0075,0.05735));
#7090=CARTESIAN_POINT('',(0.022575977212228,5.53618304262623E-19,0.05735));
#7091=CARTESIAN_POINT('',(0.0233733649577416,-0.00544189055230852,0.05735));
#7092=CARTESIAN_POINT('',(0.0276953930436665,-0.00201036850970584,0.05735));
#7093=CARTESIAN_POINT('',(0.023518344547835,-0.0064313251981828,0.05735));
#7094=CARTESIAN_POINT('',(0.0244963622429646,-0.00663984711073249,0.05735));
#7095=CARTESIAN_POINT('',(0.0285306852353742,-0.0075,0.05735));
#7096=CARTESIAN_POINT('',(0.0286075596905517,-0.00337571638728116,0.05735));
#7097=CARTESIAN_POINT('',(0.0286261959221099,-0.00237589005692508,0.05735));
#7098=CARTESIAN_POINT('',(0.0285306852353742,-0.0075,0.06135));
#7099=CARTESIAN_POINT('',(0.0244963622429646,-0.00663984711073249,0.06135));
#7100=CARTESIAN_POINT('',(0.0244963622429646,-0.00663984711073249,0.0606));
#7101=CARTESIAN_POINT('',(0.0285306852353742,-0.0075,0.0606));
#7102=CARTESIAN_POINT('',(0.0286075596905517,-0.00337571638728116,0.0606));
#7103=CARTESIAN_POINT('',(0.0286075596905517,-0.00337571638728116,0.06135));
#7104=CARTESIAN_POINT('',(0.022575977212228,5.53618304262623E-19,-0.165160861080459));
#7105=CARTESIAN_POINT('',(0.019275977212228,-0.0044,-0.165160861080459));
#7106=CARTESIAN_POINT('',(0.019275977212228,-0.0044,0.04835));
#7107=CARTESIAN_POINT('',(0.019275977212228,-0.0044,0.0606));
#7108=CARTESIAN_POINT('',(0.022575977212228,5.53618304262623E-19,0.0606));
#7109=CARTESIAN_POINT('',(0.0233733649577416,-0.00544189055230852,0.0606));
#7110=CARTESIAN_POINT('',(0.0233733649577416,-0.00544189055230852,-0.165160861080459));
#7111=CARTESIAN_POINT('',(0.0276953930436665,-0.00201036850970584,-0.165160861080459));
#7112=CARTESIAN_POINT('',(0.0276953930436665,-0.00201036850970584,0.0606));
#7113=CARTESIAN_POINT('',(0.022575977212228,5.53618304262623E-19,0.0606));
#7114=CARTESIAN_POINT('',(0.0276953930436665,0.00201036850970584,0.0606));
#7115=CARTESIAN_POINT('',(0.0276953930436665,0.00201036850970584,-0.165160861080459));
#7116=CARTESIAN_POINT('',(0.0233733649577416,0.00544189055230852,-0.165160861080459));
#7117=CARTESIAN_POINT('',(0.0233733649577416,0.00544189055230852,0.0606));
#7118=CARTESIAN_POINT('',(0.022575977212228,5.53618304262623E-19,0.0606));
#7119=CARTESIAN_POINT('',(0.019275977212228,0.0044,0.0606));
#7120=CARTESIAN_POINT('',(0.019275977212228,0.0044,-0.165160861080459));
#7121=CARTESIAN_POINT('',(0.019275977212228,0.0044,0.04835));
#7122=CARTESIAN_POINT('',(0.022575977212228,5.53618304262623E-19,0.04835));
#7123=CARTESIAN_POINT('',(-0.023518344547835,0.0064313251981828,0.06135));
#7124=CARTESIAN_POINT('',(-0.023518344547835,0.0064313251981828,0.0606));
#7125=CARTESIAN_POINT('',(-0.0286261959221099,0.00237589005692508,0.06135));
#7126=CARTESIAN_POINT('',(-0.0286261959221099,0.00237589005692508,0.0606));
#7127=CARTESIAN_POINT('',(-0.0286261959221099,-0.00237589005692508,0.06135));
#7128=CARTESIAN_POINT('',(-0.0286261959221099,-0.00237589005692508,0.0606));
#7129=CARTESIAN_POINT('',(-0.023518344547835,-0.0064313251981828,0.06135));
#7130=CARTESIAN_POINT('',(-0.023518344547835,-0.0064313251981828,0.0606));
#7131=CARTESIAN_POINT('',(0.023518344547835,0.0064313251981828,0.06135));
#7132=CARTESIAN_POINT('',(0.023518344547835,0.0064313251981828,0.0606));
#7133=CARTESIAN_POINT('',(0.0286261959221099,0.00237589005692508,0.06135));
#7134=CARTESIAN_POINT('',(0.0286261959221099,0.00237589005692508,0.0606));
#7135=CARTESIAN_POINT('',(0.0286261959221099,-0.00237589005692508,0.06135));
#7136=CARTESIAN_POINT('',(0.0286261959221099,-0.00237589005692508,0.0606));
#7137=CARTESIAN_POINT('',(0.023518344547835,-0.0064313251981828,0.06135));
#7138=CARTESIAN_POINT('',(0.023518344547835,-0.0064313251981828,0.0606));
#7139=CARTESIAN_POINT('',(0.014,0.014,-0.165160861080459));
#7140=CARTESIAN_POINT('',(0.014,-0.014,-0.165160861080459));
#7141=CARTESIAN_POINT('',(-0.014,-0.014,-0.165160861080459));
#7142=CARTESIAN_POINT('',(-0.014,0.014,-0.165160861080459));
#7143=CARTESIAN_POINT('',(0.019275488606114,0.004,0.05235));
#7144=CARTESIAN_POINT('',(0.018075977212228,0.004,0.05235));
#7145=CARTESIAN_POINT('',(0.018075977212228,0.004,0.0512237103804531));
#7146=CARTESIAN_POINT('',(0.018075977212228,0.004,0.0606));
#7147=CARTESIAN_POINT('',(0.019275488606114,0.004,0.0606));
#7148=CARTESIAN_POINT('',(0.017975,0.004,0.0606));
#7149=CARTESIAN_POINT('',(0.017975,0.004,0.05235));
#7150=CARTESIAN_POINT('',(0.017975,0.004,0.0513401489567129));
#7151=CARTESIAN_POINT('',(0.017975,0.004,0.0513401489567129));
#7152=CARTESIAN_POINT('',(0.0180091747955118,0.004,0.0513017833419155));
#7153=CARTESIAN_POINT('',(0.0180428361761897,0.004,0.0512629724863714));
#7154=CARTESIAN_POINT('',(0.018075977212228,0.004,0.0512237103804531));
#7155=CARTESIAN_POINT('',(0.019275488606114,-0.004,0.05235));
#7156=CARTESIAN_POINT('',(0.017975,-0.004,0.05235));
#7157=CARTESIAN_POINT('',(0.017975,-0.004,0.0513401489567129));
#7158=CARTESIAN_POINT('',(0.017975,-0.004,0.0606));
#7159=CARTESIAN_POINT('',(0.018075977212228,-0.004,0.0606));
#7160=CARTESIAN_POINT('',(0.018075977212228,-0.004,0.0606));
#7161=CARTESIAN_POINT('',(0.018075977212228,-0.004,0.05235));
#7162=CARTESIAN_POINT('',(0.018075977212228,-0.004,0.0512237103804531));
#7163=CARTESIAN_POINT('',(0.018075977212228,-0.004,0.0512237103804531));
#7164=CARTESIAN_POINT('',(0.0180428361761897,-0.004,0.0512629724863714));
#7165=CARTESIAN_POINT('',(0.0180091747955118,-0.004,0.0513017833419155));
#7166=CARTESIAN_POINT('',(0.017975,-0.004,0.0513401489567129));
#7167=CARTESIAN_POINT('',(-0.019275488606114,0.004,0.05235));
#7168=CARTESIAN_POINT('',(-0.017975,0.004,0.06135));
#7169=CARTESIAN_POINT('',(-0.017975,0.004,0.0513401489567129));
#7170=CARTESIAN_POINT('',(-0.017975,0.004,0.0606));
#7171=CARTESIAN_POINT('',(-0.018075977212228,0.004,0.0606));
#7172=CARTESIAN_POINT('',(-0.018075977212228,0.004,0.0606));
#7173=CARTESIAN_POINT('',(-0.018075977212228,0.004,0.05235));
#7174=CARTESIAN_POINT('',(-0.018075977212228,0.004,0.0512237103804531));
#7175=CARTESIAN_POINT('',(-0.018075977212228,0.004,0.0512237103804531));
#7176=CARTESIAN_POINT('',(-0.0180428361761897,0.004,0.0512629724863714));
#7177=CARTESIAN_POINT('',(-0.0180091747955118,0.004,0.0513017833419155));
#7178=CARTESIAN_POINT('',(-0.017975,0.004,0.0513401489567129));
#7179=CARTESIAN_POINT('',(-0.019275488606114,-0.004,0.05235));
#7180=CARTESIAN_POINT('',(-0.018075977212228,-0.004,0.05235));
#7181=CARTESIAN_POINT('',(-0.018075977212228,-0.004,0.0512237103804531));
#7182=CARTESIAN_POINT('',(-0.018075977212228,-0.004,0.0606));
#7183=CARTESIAN_POINT('',(-0.019275488606114,-0.004,0.0606));
#7184=CARTESIAN_POINT('',(-0.017975,-0.004,0.0606));
#7185=CARTESIAN_POINT('',(-0.017975,-0.004,0.05235));
#7186=CARTESIAN_POINT('',(-0.017975,-0.004,0.0513401489567129));
#7187=CARTESIAN_POINT('',(-0.017975,-0.004,0.0513401489567129));
#7188=CARTESIAN_POINT('',(-0.0180091747955118,-0.004,0.0513017833419155));
#7189=CARTESIAN_POINT('',(-0.0180428361761897,-0.004,0.0512629724863714));
#7190=CARTESIAN_POINT('',(-0.0180759772122281,-0.004,0.0512237103804531));
#7191=CARTESIAN_POINT('',(0.,0.,0.05235));
#7192=CARTESIAN_POINT('',(-0.022575977212228,7.70458738759724E-19,0.05235));
#7193=CARTESIAN_POINT('',(-0.0149884203612524,0.00571655324764954,0.05235));
#7194=CARTESIAN_POINT('',(-0.0149884203612524,-0.00571655324764953,0.05235));
#7195=CARTESIAN_POINT('',(-0.017975,-0.006,0.05235));
#7196=CARTESIAN_POINT('',(-0.014975,-0.006,0.05235));
#7197=CARTESIAN_POINT('',(-0.014975,5.19549681055054E-18,0.05235));
#7198=CARTESIAN_POINT('',(-0.014975,-0.0100250786171296,0.05235));
#7199=CARTESIAN_POINT('',(-0.013975,-0.0100250786171296,0.05235));
#7200=CARTESIAN_POINT('',(-0.0139812893081761,-0.0110250588392354,0.05235));
#7201=CARTESIAN_POINT('',(-0.014,-0.014,0.05235));
#7202=CARTESIAN_POINT('',(-0.0110250588392354,-0.0139812893081761,0.05235));
#7203=CARTESIAN_POINT('',(-0.0100250786171296,-0.013975,0.05235));
#7204=CARTESIAN_POINT('',(-0.0100250786171296,-0.014975,0.05235));
#7205=CARTESIAN_POINT('',(0.,-0.014975,0.05235));
#7206=CARTESIAN_POINT('',(-0.00776365732113415,-0.014975,0.05235));
#7207=CARTESIAN_POINT('',(-0.00776365732113415,-0.017975,0.05235));
#7208=CARTESIAN_POINT('',(-0.00531197606182863,-0.0162460526315789,0.05235));
#7209=CARTESIAN_POINT('',(0.,-0.0125,0.05235));
#7210=CARTESIAN_POINT('',(0.00531197606182863,-0.0162460526315789,0.05235));
#7211=CARTESIAN_POINT('',(0.00776365732113415,-0.017975,0.05235));
#7212=CARTESIAN_POINT('',(0.00776365732113415,-0.014975,0.05235));
#7213=CARTESIAN_POINT('',(0.,-0.014975,0.05235));
#7214=CARTESIAN_POINT('',(0.0100250786171296,-0.014975,0.05235));
#7215=CARTESIAN_POINT('',(0.0100250786171296,-0.013975,0.05235));
#7216=CARTESIAN_POINT('',(0.0110250588392354,-0.0139812893081761,0.05235));
#7217=CARTESIAN_POINT('',(0.014,-0.014,0.05235));
#7218=CARTESIAN_POINT('',(0.0139812893081761,-0.0110250588392354,0.05235));
#7219=CARTESIAN_POINT('',(0.013975,-0.0100250786171296,0.05235));
#7220=CARTESIAN_POINT('',(0.014975,-0.0100250786171296,0.05235));
#7221=CARTESIAN_POINT('',(0.014975,-0.00683206409832683,0.05235));
#7222=CARTESIAN_POINT('',(0.014975,-0.006,0.05235));
#7223=CARTESIAN_POINT('',(0.017975,-0.006,0.05235));
#7224=CARTESIAN_POINT('',(0.0149884203612524,-0.00571655324764953,0.05235));
#7225=CARTESIAN_POINT('',(0.022575977212228,5.53618304262623E-19,0.05235));
#7226=CARTESIAN_POINT('',(0.0149884203612524,0.00571655324764954,0.05235));
#7227=CARTESIAN_POINT('',(0.017975,0.006,0.05235));
#7228=CARTESIAN_POINT('',(0.014975,0.006,0.05235));
#7229=CARTESIAN_POINT('',(0.014975,0.0100250786171296,0.05235));
#7230=CARTESIAN_POINT('',(0.014975,0.0100250786171296,0.05235));
#7231=CARTESIAN_POINT('',(0.013975,0.0100250786171296,0.05235));
#7232=CARTESIAN_POINT('',(0.0139812893081761,0.0110250588392354,0.05235));
#7233=CARTESIAN_POINT('',(0.014,0.014,0.05235));
#7234=CARTESIAN_POINT('',(0.0110250588392354,0.0139812893081761,0.05235));
#7235=CARTESIAN_POINT('',(0.0100250786171296,0.013975,0.05235));
#7236=CARTESIAN_POINT('',(0.0100250786171296,0.014975,0.05235));
#7237=CARTESIAN_POINT('',(0.00776365732113415,0.014975,0.05235));
#7238=CARTESIAN_POINT('',(0.00776365732113415,0.014975,0.05235));
#7239=CARTESIAN_POINT('',(0.00776365732113415,0.017975,0.05235));
#7240=CARTESIAN_POINT('',(0.00531197606182863,0.0162460526315789,0.05235));
#7241=CARTESIAN_POINT('',(0.,0.0125,0.05235));
#7242=CARTESIAN_POINT('',(-0.00531197606182863,0.0162460526315789,0.05235));
#7243=CARTESIAN_POINT('',(-0.00776365732113415,0.017975,0.05235));
#7244=CARTESIAN_POINT('',(-0.00776365732113415,0.014975,0.05235));
#7245=CARTESIAN_POINT('',(-0.0100250786171296,0.014975,0.05235));
#7246=CARTESIAN_POINT('',(-0.0100250786171296,0.014975,0.05235));
#7247=CARTESIAN_POINT('',(-0.0100250786171296,0.013975,0.05235));
#7248=CARTESIAN_POINT('',(-0.0110250588392354,0.0139812893081761,0.05235));
#7249=CARTESIAN_POINT('',(-0.014,0.014,0.05235));
#7250=CARTESIAN_POINT('',(-0.0139812893081761,0.0110250588392354,0.05235));
#7251=CARTESIAN_POINT('',(-0.013975,0.0100250786171296,0.05235));
#7252=CARTESIAN_POINT('',(-0.014975,0.0100250786171296,0.05235));
#7253=CARTESIAN_POINT('',(-0.014975,0.,0.05235));
#7254=CARTESIAN_POINT('',(-0.014975,0.006,0.05235));
#7255=CARTESIAN_POINT('',(-0.017975,0.006,0.05235));
#7256=CARTESIAN_POINT('',(0.015975,0.009,0.05235));
#7257=CARTESIAN_POINT('',(0.015975,0.006,0.06135));
#7258=CARTESIAN_POINT('',(0.015975,0.006,0.05335));
#7259=CARTESIAN_POINT('',(0.015975,0.006,0.0606));
#7260=CARTESIAN_POINT('',(0.015975,0.0100250786171296,0.0606));
#7261=CARTESIAN_POINT('',(0.015975,0.0100250786171296,0.0606));
#7262=CARTESIAN_POINT('',(0.015975,0.0100250786171296,0.05235));
#7263=CARTESIAN_POINT('',(0.015975,0.0100250786171296,0.05335));
#7264=CARTESIAN_POINT('',(0.015975,0.00683206409832684,0.05335));
#7265=CARTESIAN_POINT('',(0.014,0.014,0.05235));
#7266=CARTESIAN_POINT('',(0.0139875786163522,0.0120250390613411,0.05235));
#7267=CARTESIAN_POINT('',(0.0139875786163522,0.0120250390613411,0.05335));
#7268=CARTESIAN_POINT('',(0.0139875786163522,0.0120250390613411,0.0606));
#7269=CARTESIAN_POINT('',(0.014,0.014,0.0606));
#7270=CARTESIAN_POINT('',(0.0120250390613411,0.0139875786163522,0.0606));
#7271=CARTESIAN_POINT('',(0.0120250390613411,0.0139875786163522,0.05235));
#7272=CARTESIAN_POINT('',(0.0120250390613411,0.0139875786163522,0.05335));
#7273=CARTESIAN_POINT('',(0.014,0.014,0.05335));
#7274=CARTESIAN_POINT('',(-0.014,0.014,0.05235));
#7275=CARTESIAN_POINT('',(-0.0120250390613411,0.0139875786163522,0.05235));
#7276=CARTESIAN_POINT('',(-0.0120250390613411,0.0139875786163522,0.05335));
#7277=CARTESIAN_POINT('',(-0.0120250390613411,0.0139875786163522,0.0606));
#7278=CARTESIAN_POINT('',(-0.014,0.014,0.0606));
#7279=CARTESIAN_POINT('',(-0.0139875786163522,0.0120250390613411,0.0606));
#7280=CARTESIAN_POINT('',(-0.0139875786163522,0.0120250390613411,0.05235));
#7281=CARTESIAN_POINT('',(-0.0139875786163522,0.0120250390613411,0.05335));
#7282=CARTESIAN_POINT('',(-0.014,0.014,0.05335));
#7283=CARTESIAN_POINT('',(-0.015975,0.009,0.05235));
#7284=CARTESIAN_POINT('',(-0.015975,0.0100250786171296,0.05235));
#7285=CARTESIAN_POINT('',(-0.015975,0.0100250786171296,0.05335));
#7286=CARTESIAN_POINT('',(-0.015975,0.0100250786171296,0.0606));
#7287=CARTESIAN_POINT('',(-0.015975,0.009,0.0606));
#7288=CARTESIAN_POINT('',(-0.015975,0.006,0.0606));
#7289=CARTESIAN_POINT('',(-0.015975,0.006,0.05235));
#7290=CARTESIAN_POINT('',(-0.015975,0.006,0.05335));
#7291=CARTESIAN_POINT('',(-0.015975,0.009,0.05335));
#7292=CARTESIAN_POINT('',(-0.015975,-0.009,0.05235));
#7293=CARTESIAN_POINT('',(-0.015975,-0.006,0.05235));
#7294=CARTESIAN_POINT('',(-0.015975,-0.006,0.05335));
#7295=CARTESIAN_POINT('',(-0.015975,-0.006,0.0606));
#7296=CARTESIAN_POINT('',(-0.015975,-0.009,0.0606));
#7297=CARTESIAN_POINT('',(-0.015975,-0.0100250786171296,0.0606));
#7298=CARTESIAN_POINT('',(-0.015975,-0.0100250786171296,0.05235));
#7299=CARTESIAN_POINT('',(-0.015975,-0.0100250786171296,0.05335));
#7300=CARTESIAN_POINT('',(-0.015975,-0.009,0.05335));
#7301=CARTESIAN_POINT('',(-0.014,-0.014,0.05235));
#7302=CARTESIAN_POINT('',(-0.0139875786163522,-0.0120250390613411,0.05235));
#7303=CARTESIAN_POINT('',(-0.0139875786163522,-0.0120250390613411,0.05335));
#7304=CARTESIAN_POINT('',(-0.0139875786163522,-0.0120250390613411,0.0606));
#7305=CARTESIAN_POINT('',(-0.014,-0.014,0.0606));
#7306=CARTESIAN_POINT('',(-0.0120250390613411,-0.0139875786163522,0.0606));
#7307=CARTESIAN_POINT('',(-0.0120250390613411,-0.0139875786163522,0.05235));
#7308=CARTESIAN_POINT('',(-0.0120250390613411,-0.0139875786163522,0.05335));
#7309=CARTESIAN_POINT('',(-0.014,-0.014,0.05335));
#7310=CARTESIAN_POINT('',(0.014,-0.014,0.05235));
#7311=CARTESIAN_POINT('',(0.0120250390613411,-0.0139875786163522,0.05235));
#7312=CARTESIAN_POINT('',(0.0120250390613411,-0.0139875786163522,0.05335));
#7313=CARTESIAN_POINT('',(0.0120250390613411,-0.0139875786163522,0.0606));
#7314=CARTESIAN_POINT('',(0.014,-0.014,0.0606));
#7315=CARTESIAN_POINT('',(0.0139875786163522,-0.0120250390613411,0.0606));
#7316=CARTESIAN_POINT('',(0.0139875786163522,-0.0120250390613411,0.05235));
#7317=CARTESIAN_POINT('',(0.0139875786163522,-0.0120250390613411,0.05335));
#7318=CARTESIAN_POINT('',(0.014,-0.014,0.05335));
#7319=CARTESIAN_POINT('',(0.015975,-0.009,0.05235));
#7320=CARTESIAN_POINT('',(0.015975,-0.0100250786171296,0.05235));
#7321=CARTESIAN_POINT('',(0.015975,-0.0100250786171296,0.05335));
#7322=CARTESIAN_POINT('',(0.015975,-0.0100250786171296,0.0606));
#7323=CARTESIAN_POINT('',(0.015975,-0.006,0.0606));
#7324=CARTESIAN_POINT('',(0.015975,-0.006,0.0606));
#7325=CARTESIAN_POINT('',(0.015975,-0.006,0.05235));
#7326=CARTESIAN_POINT('',(0.015975,-0.006,0.05335));
#7327=CARTESIAN_POINT('',(0.015975,-0.0100250786171296,0.05335));
#7328=CARTESIAN_POINT('',(0.,-0.0125,0.278860861080459));
#7329=CARTESIAN_POINT('',(-0.0061292031482638,-0.0168223684210527,0.278860861080459));
#7330=CARTESIAN_POINT('',(-0.0061292031482638,-0.0168223684210527,0.05335));
#7331=CARTESIAN_POINT('',(-0.0061292031482638,-0.0168223684210527,0.0606));
#7332=CARTESIAN_POINT('',(0.,-0.0125,0.0606));
#7333=CARTESIAN_POINT('',(0.0061292031482638,-0.0168223684210527,0.0606));
#7334=CARTESIAN_POINT('',(0.0061292031482638,-0.0168223684210527,0.278860861080459));
#7335=CARTESIAN_POINT('',(0.0061292031482638,-0.0168223684210527,0.05335));
#7336=CARTESIAN_POINT('',(0.,-0.0125,0.05335));
#7337=CARTESIAN_POINT('',(0.,0.0125,0.278860861080459));
#7338=CARTESIAN_POINT('',(0.00612920314826381,0.0168223684210527,0.278860861080459));
#7339=CARTESIAN_POINT('',(0.00612920314826381,0.0168223684210527,0.05335));
#7340=CARTESIAN_POINT('',(0.00612920314826381,0.0168223684210527,0.0606));
#7341=CARTESIAN_POINT('',(0.,0.0125,0.0606));
#7342=CARTESIAN_POINT('',(-0.00612920314826381,0.0168223684210527,0.0606));
#7343=CARTESIAN_POINT('',(-0.00612920314826381,0.0168223684210527,0.278860861080459));
#7344=CARTESIAN_POINT('',(-0.00612920314826381,0.0168223684210527,0.05335));
#7345=CARTESIAN_POINT('',(0.,0.0125,0.05335));
#7346=CARTESIAN_POINT('',(0.00776365732113415,0.017975,0.278860861080459));
#7347=CARTESIAN_POINT('',(0.00776365732113415,0.017975,0.0606));
#7348=CARTESIAN_POINT('',(0.00776365732113415,0.017975,0.05335));
#7349=CARTESIAN_POINT('',(-0.00776365732113415,0.017975,0.278860861080459));
#7350=CARTESIAN_POINT('',(-0.00776365732113415,0.017975,0.0606));
#7351=CARTESIAN_POINT('',(-0.00776365732113415,0.017975,0.05335));
#7352=CARTESIAN_POINT('',(0.00776365732113415,-0.017975,0.278860861080459));
#7353=CARTESIAN_POINT('',(0.00776365732113415,-0.017975,0.0606));
#7354=CARTESIAN_POINT('',(0.00776365732113415,-0.017975,0.05335));
#7355=CARTESIAN_POINT('',(-0.00776365732113415,-0.017975,0.278860861080459));
#7356=CARTESIAN_POINT('',(-0.00776365732113415,-0.017975,0.0606));
#7357=CARTESIAN_POINT('',(-0.00776365732113415,-0.017975,0.05335));
#7358=CARTESIAN_POINT('',(-0.017975,0.006,0.05235));
#7359=CARTESIAN_POINT('',(-0.017975,0.006,0.0606));
#7360=CARTESIAN_POINT('',(-0.017975,0.004,0.0513401489567129));
#7361=CARTESIAN_POINT('',(-0.0178139501670692,0.004,0.0516113477639421));
#7362=CARTESIAN_POINT('',(-0.0174688733859965,0.00403722505988881,0.0521341301445522));
#7363=CARTESIAN_POINT('',(-0.016854861010807,0.00428595953415008,0.0528299455437261));
#7364=CARTESIAN_POINT('',(-0.0162311982337202,0.0048841202179541,0.0532853696244227));
#7365=CARTESIAN_POINT('',(-0.0160139667190145,0.00549472720743989,0.05335));
#7366=CARTESIAN_POINT('',(-0.0159839469075016,0.00581103549843302,0.05335));
#7367=CARTESIAN_POINT('',(-0.0159839469075016,0.00581103549843302,0.05335));
#7368=CARTESIAN_POINT('',(-0.017975,0.006,0.05335));
#7369=CARTESIAN_POINT('',(-0.017975,-0.006,0.05235));
#7370=CARTESIAN_POINT('',(-0.017975,-0.006,0.0606));
#7371=CARTESIAN_POINT('',(-0.017975,-0.006,0.05335));
#7372=CARTESIAN_POINT('',(-0.0159839469075016,-0.00581103549843302,0.05335));
#7373=CARTESIAN_POINT('',(-0.0159839469075016,-0.00581103549843302,0.05335));
#7374=CARTESIAN_POINT('',(-0.0160139824130507,-0.00549456184485035,0.05335));
#7375=CARTESIAN_POINT('',(-0.0162317519811053,-0.00488189485757885,0.0532855430165743));
#7376=CARTESIAN_POINT('',(-0.0168600718647615,-0.00428257849509279,0.0528252076045029));
#7377=CARTESIAN_POINT('',(-0.0174707338051214,-0.00403725804765435,0.0521311371991091));
#7378=CARTESIAN_POINT('',(-0.0178142008919101,-0.00399999999999992,0.051610925557495));
#7379=CARTESIAN_POINT('',(-0.017975,-0.00399999999999992,0.0513401489567129));
#7380=CARTESIAN_POINT('',(0.017975,-0.006,0.05235));
#7381=CARTESIAN_POINT('',(0.017975,-0.006,0.0606));
#7382=CARTESIAN_POINT('',(0.017975,-0.004,0.0513401489567129));
#7383=CARTESIAN_POINT('',(0.0178139501670692,-0.004,0.0516113477639421));
#7384=CARTESIAN_POINT('',(0.0174688733859965,-0.00403722505988881,0.0521341301445522));
#7385=CARTESIAN_POINT('',(0.016854861010807,-0.00428595953415008,0.0528299455437261));
#7386=CARTESIAN_POINT('',(0.0162311982337202,-0.0048841202179541,0.0532853696244227));
#7387=CARTESIAN_POINT('',(0.0160139667190145,-0.00549472720743989,0.05335));
#7388=CARTESIAN_POINT('',(0.0159839469075016,-0.00581103549843302,0.05335));
#7389=CARTESIAN_POINT('',(0.0159839469075016,-0.00581103549843302,0.05335));
#7390=CARTESIAN_POINT('',(0.017975,-0.006,0.05335));
#7391=CARTESIAN_POINT('',(0.017975,0.006,0.05235));
#7392=CARTESIAN_POINT('',(0.017975,0.006,0.0606));
#7393=CARTESIAN_POINT('',(0.017975,0.006,0.05335));
#7394=CARTESIAN_POINT('',(0.0159839469075016,0.00581103549843302,0.05335));
#7395=CARTESIAN_POINT('',(0.0159839469075016,0.00581103549843302,0.05335));
#7396=CARTESIAN_POINT('',(0.0160139824130507,0.00549456184485036,0.05335));
#7397=CARTESIAN_POINT('',(0.0162317519811053,0.00488189485757885,0.0532855430165743));
#7398=CARTESIAN_POINT('',(0.0168600718647615,0.00428257849509279,0.0528252076045029));
#7399=CARTESIAN_POINT('',(0.0174707338051214,0.00403725804765435,0.0521311371991091));
#7400=CARTESIAN_POINT('',(0.0178142008919101,0.00399999999999992,0.051610925557495));
#7401=CARTESIAN_POINT('',(0.017975,0.00399999999999992,0.0513401489567129));
#7402=CARTESIAN_POINT('',(0.013975,-0.0100250786171296,0.05235));
#7403=CARTESIAN_POINT('',(0.013975,-0.0100250786171296,0.0606));
#7404=CARTESIAN_POINT('',(0.013975,-0.0100250786171296,0.05335));
#7405=CARTESIAN_POINT('',(0.013975,0.0100250786171296,0.05235));
#7406=CARTESIAN_POINT('',(0.013975,0.0100250786171296,0.0606));
#7407=CARTESIAN_POINT('',(0.013975,0.0100250786171296,0.05335));
#7408=CARTESIAN_POINT('',(-0.013975,-0.0100250786171296,0.05235));
#7409=CARTESIAN_POINT('',(-0.013975,-0.0100250786171296,0.0606));
#7410=CARTESIAN_POINT('',(-0.013975,-0.0100250786171296,0.05335));
#7411=CARTESIAN_POINT('',(-0.013975,0.0100250786171296,0.05235));
#7412=CARTESIAN_POINT('',(-0.013975,0.0100250786171296,0.0606));
#7413=CARTESIAN_POINT('',(-0.013975,0.0100250786171296,0.05335));
#7414=CARTESIAN_POINT('',(0.0100250786171296,0.013975,0.05235));
#7415=CARTESIAN_POINT('',(0.0100250786171296,0.013975,0.0606));
#7416=CARTESIAN_POINT('',(0.0100250786171296,0.013975,0.05335));
#7417=CARTESIAN_POINT('',(-0.0100250786171296,0.013975,0.05235));
#7418=CARTESIAN_POINT('',(-0.0100250786171296,0.013975,0.0606));
#7419=CARTESIAN_POINT('',(-0.0100250786171296,0.013975,0.05335));
#7420=CARTESIAN_POINT('',(0.0100250786171296,-0.013975,0.05235));
#7421=CARTESIAN_POINT('',(0.0100250786171296,-0.013975,0.0606));
#7422=CARTESIAN_POINT('',(0.0100250786171296,-0.013975,0.05335));
#7423=CARTESIAN_POINT('',(-0.0100250786171296,-0.013975,0.05235));
#7424=CARTESIAN_POINT('',(-0.0100250786171296,-0.013975,0.0606));
#7425=CARTESIAN_POINT('',(-0.0100250786171296,-0.013975,0.05335));
#7426=CARTESIAN_POINT('',(0.018075977212228,-0.006,-0.165160861080459));
#7427=CARTESIAN_POINT('',(0.018075977212228,-0.006,0.0606));
#7428=CARTESIAN_POINT('',(0.018075977212228,-0.004,0.0512237103804531));
#7429=CARTESIAN_POINT('',(0.0185939509795146,-0.004,0.0503032469605444));
#7430=CARTESIAN_POINT('',(0.0189648275619316,-0.00416663776227774,0.0493223417241992));
#7431=CARTESIAN_POINT('',(0.019275977212228,-0.0044,0.04835));
#7432=CARTESIAN_POINT('',(0.018075977212228,0.006,-0.165160861080459));
#7433=CARTESIAN_POINT('',(0.018075977212228,0.006,0.0606));
#7434=CARTESIAN_POINT('',(0.018075977212228,0.004,0.0512237103804531));
#7435=CARTESIAN_POINT('',(0.0185939509795146,0.004,0.0503032469605444));
#7436=CARTESIAN_POINT('',(0.0189648275619615,0.00416663776230016,0.0493223417242142));
#7437=CARTESIAN_POINT('',(0.019275977212228,0.0044,0.04835));
#7438=CARTESIAN_POINT('',(-0.018075977212228,0.006,-0.165160861080459));
#7439=CARTESIAN_POINT('',(-0.018075977212228,0.006,0.0606));
#7440=CARTESIAN_POINT('',(-0.018075977212228,0.004,0.0512237103804531));
#7441=CARTESIAN_POINT('',(-0.0185939509795146,0.004,0.0503032469605444));
#7442=CARTESIAN_POINT('',(-0.0189648275619503,0.00416663776229169,0.0493223417242085));
#7443=CARTESIAN_POINT('',(-0.019275977212228,0.0044,0.04835));
#7444=CARTESIAN_POINT('',(-0.018075977212228,-0.006,-0.165160861080459));
#7445=CARTESIAN_POINT('',(-0.018075977212228,-0.006,0.0606));
#7446=CARTESIAN_POINT('',(-0.018075977212228,-0.004,0.0512237103804531));
#7447=CARTESIAN_POINT('',(-0.0185939509795146,-0.004,0.0503032469605444));
#7448=CARTESIAN_POINT('',(-0.018964827561968,-0.00416663776230497,0.0493223417242174));
#7449=CARTESIAN_POINT('',(-0.019275977212228,-0.0044,0.04835));
#7450=CARTESIAN_POINT('',(0.022575977212228,5.53618304262623E-19,0.04835));
#7451=CARTESIAN_POINT('',(0.0173036344433554,-0.00343775410679738,0.0507421191653703));
#7452=CARTESIAN_POINT('',(0.0173344898887908,-0.00344316083421415,0.0507114376400769));
#7453=CARTESIAN_POINT('',(0.0173649748010957,-0.00344855470502256,0.0506803901257587));
#7454=CARTESIAN_POINT('',(0.0173950816529861,-0.00345393037282793,0.0506489683043625));
#7455=CARTESIAN_POINT('',(0.0173036344433554,-0.00343775410679738,0.0507421191653703));
#7456=CARTESIAN_POINT('',(0.0173950816529861,-0.00345393037282794,0.0506489683043625));
#7457=CARTESIAN_POINT('',(0.0173950816529861,-0.00345393037282794,0.0506489683043625));
#7458=CARTESIAN_POINT('',(0.0181177993395229,-0.0035829737618225,0.0498946846566087));
#7459=CARTESIAN_POINT('',(0.0187140433692634,-0.00397854961777659,0.0491162736442896));
#7460=CARTESIAN_POINT('',(0.019275977212228,-0.0044,0.04835));
#7461=CARTESIAN_POINT('',(0.0173950816529861,0.00345393037282793,0.0506489683043625));
#7462=CARTESIAN_POINT('',(0.0181177993395229,0.0035829737618225,0.0498946846566087));
#7463=CARTESIAN_POINT('',(0.0187140433692574,0.00397854961777205,0.0491162736442827));
#7464=CARTESIAN_POINT('',(0.019275977212228,0.0044,0.04835));
#7465=CARTESIAN_POINT('',(0.0173950816529861,0.00345393037282793,0.0506489683043625));
#7466=CARTESIAN_POINT('',(0.0173950816529861,0.00345393037282793,0.0506489683043625));
#7467=CARTESIAN_POINT('',(0.0173649748010957,0.00344855470502256,0.0506803901257587));
#7468=CARTESIAN_POINT('',(0.0173344898887908,0.00344316083421415,0.0507114376400769));
#7469=CARTESIAN_POINT('',(0.0173036344433554,0.00343775410679738,0.0507421191653703));
#7470=CARTESIAN_POINT('',(0.0173036344433554,0.00343775410679738,0.0507421191653703));
#7471=CARTESIAN_POINT('',(0.0173036344433554,0.00343775410679738,0.0507421191653703));
#7472=CARTESIAN_POINT('',(0.0170552685773781,0.00339423353796363,0.050989085089584));
#7473=CARTESIAN_POINT('',(0.0165333073961213,0.0033820423686314,0.0514695117130844));
#7474=CARTESIAN_POINT('',(0.0157008473429218,0.00378338381810955,0.0520445559595006));
#7475=CARTESIAN_POINT('',(0.015101654784808,0.00465648100288094,0.0523199089636725));
#7476=CARTESIAN_POINT('',(0.014983284002445,0.00536245511974752,0.05235));
#7477=CARTESIAN_POINT('',(0.0149884203612524,0.00571655324764954,0.05235));
#7478=CARTESIAN_POINT('',(0.0149884203612524,-0.00571655324764953,0.05235));
#7479=CARTESIAN_POINT('',(0.014983278708934,-0.00536209018762539,0.05235));
#7480=CARTESIAN_POINT('',(0.0151023508666349,-0.00465591169726087,0.0523194797043281));
#7481=CARTESIAN_POINT('',(0.0156989658634899,-0.00378454991799197,0.0520458339951677));
#7482=CARTESIAN_POINT('',(0.0165366087572379,-0.00338108086222179,0.051466914691943));
#7483=CARTESIAN_POINT('',(0.0170551973278474,-0.00339422105307529,0.0509891559375088));
#7484=CARTESIAN_POINT('',(0.0173036344433554,-0.00343775410679738,0.0507421191653703));
#7485=CARTESIAN_POINT('',(-0.022575977212228,7.70458738759724E-19,0.04835));
#7486=CARTESIAN_POINT('',(-0.0173950816529861,-0.00345393037282794,0.0506489683043625));
#7487=CARTESIAN_POINT('',(-0.0181177993395229,-0.0035829737618225,0.0498946846566087));
#7488=CARTESIAN_POINT('',(-0.0187140433692194,-0.00397854961774352,0.0491162736442391));
#7489=CARTESIAN_POINT('',(-0.019275977212228,-0.0044,0.04835));
#7490=CARTESIAN_POINT('',(-0.0173950816529861,-0.00345393037282794,0.0506489683043625));
#7491=CARTESIAN_POINT('',(-0.0173950816529861,-0.00345393037282794,0.0506489683043625));
#7492=CARTESIAN_POINT('',(-0.0173649748010957,-0.00344855470502256,0.0506803901257587));
#7493=CARTESIAN_POINT('',(-0.0173344898887908,-0.00344316083421415,0.0507114376400769));
#7494=CARTESIAN_POINT('',(-0.0173036344433554,-0.00343775410679738,0.0507421191653703));
#7495=CARTESIAN_POINT('',(-0.0173036344433554,-0.00343775410679738,0.0507421191653703));
#7496=CARTESIAN_POINT('',(-0.0173036344433554,-0.00343775410679738,0.0507421191653703));
#7497=CARTESIAN_POINT('',(-0.0170552685773781,-0.00339423353796364,0.050989085089584));
#7498=CARTESIAN_POINT('',(-0.0165333073961213,-0.00338204236863139,0.0514695117130844));
#7499=CARTESIAN_POINT('',(-0.0157008473429218,-0.00378338381810955,0.0520445559595006));
#7500=CARTESIAN_POINT('',(-0.015101654784808,-0.00465648100288093,0.0523199089636725));
#7501=CARTESIAN_POINT('',(-0.014983284002445,-0.00536245511974752,0.05235));
#7502=CARTESIAN_POINT('',(-0.0149884203612524,-0.00571655324764954,0.05235));
#7503=CARTESIAN_POINT('',(-0.0149884203612524,0.00571655324764954,0.05235));
#7504=CARTESIAN_POINT('',(-0.014983278708934,0.0053620901876254,0.05235));
#7505=CARTESIAN_POINT('',(-0.0151023508666349,0.00465591169726087,0.0523194797043281));
#7506=CARTESIAN_POINT('',(-0.0156989658634899,0.00378454991799198,0.0520458339951677));
#7507=CARTESIAN_POINT('',(-0.0165366087572379,0.00338108086222179,0.051466914691943));
#7508=CARTESIAN_POINT('',(-0.0170551973278473,0.00339422105307529,0.0509891559375088));
#7509=CARTESIAN_POINT('',(-0.0173036344433554,0.00343775410679738,0.0507421191653703));
#7510=CARTESIAN_POINT('',(-0.0173036344433554,0.00343775410679738,0.0507421191653703));
#7511=CARTESIAN_POINT('',(-0.0173036344433554,0.00343775410679738,0.0507421191653703));
#7512=CARTESIAN_POINT('',(-0.0173344898887908,0.00344316083421415,0.0507114376400769));
#7513=CARTESIAN_POINT('',(-0.0173649748010957,0.00344855470502256,0.0506803901257587));
#7514=CARTESIAN_POINT('',(-0.0173950816529861,0.00345393037282793,0.0506489683043625));
#7515=CARTESIAN_POINT('',(-0.0173950816529861,0.00345393037282793,0.0506489683043625));
#7516=CARTESIAN_POINT('',(-0.0173950816529861,0.00345393037282793,0.0506489683043625));
#7517=CARTESIAN_POINT('',(-0.0181177993395229,0.0035829737618225,0.0498946846566087));
#7518=CARTESIAN_POINT('',(-0.0187140433692216,0.0039785496177452,0.0491162736442416));
#7519=CARTESIAN_POINT('',(-0.019275977212228,0.0044,0.04835));
#7520=CARTESIAN_POINT('',(0.0173950816529861,-0.00345393037282793,0.0506489683043625));
#7521=CARTESIAN_POINT('',(0.0176076634800391,-0.004,0.0508284080421625));
#7522=CARTESIAN_POINT('',(0.018075977212228,-0.004,0.0512237103804531));
#7523=CARTESIAN_POINT('',(0.0180777988393526,-0.00357583156942457,0.049936432261097));
#7524=CARTESIAN_POINT('',(0.0181765818371573,-0.00389336623767366,0.0502027369702333));
#7525=CARTESIAN_POINT('',(0.0185771853121612,-0.004,0.0503330403122096));
#7526=CARTESIAN_POINT('',(0.0186978439419657,-0.00396640004730327,0.0491383628973395));
#7527=CARTESIAN_POINT('',(0.0188292378563887,-0.00406494548312837,0.0492369082841432));
#7528=CARTESIAN_POINT('',(0.0189606317956459,-0.00416349093756342,0.0493354536216754));
#7529=CARTESIAN_POINT('',(0.019275977212228,-0.0044,0.04835));
#7530=CARTESIAN_POINT('',(0.019275977212228,-0.0044,0.04835));
#7531=CARTESIAN_POINT('',(0.019275977212228,-0.0044,0.04835));
#7532=CARTESIAN_POINT('',(0.018075977212228,-0.003,0.0512237103804531));
#7533=CARTESIAN_POINT('',(0.0173036344433554,-0.00343775410679738,0.0507421191653703));
#7534=CARTESIAN_POINT('',(0.0175080456345278,-0.004,0.0509242017592643));
#7535=CARTESIAN_POINT('',(0.017975,-0.004,0.0513401489567129));
#7536=CARTESIAN_POINT('',(0.0173345009176244,-0.00344316276697004,0.0507114266735544));
#7537=CARTESIAN_POINT('',(0.0175416128852603,-0.00400000000000034,0.0508927968406752));
#7538=CARTESIAN_POINT('',(0.0180091747956752,-0.004,0.0513017833420572));
#7539=CARTESIAN_POINT('',(0.0173649864297002,-0.00344855678110327,0.0506803779890641));
#7540=CARTESIAN_POINT('',(0.0175748257990012,-0.00400000000000019,0.050860868308768));
#7541=CARTESIAN_POINT('',(0.0180428361759635,-0.004,0.0512629724861753));
#7542=CARTESIAN_POINT('',(0.0173950816529861,-0.00345393037282793,0.0506489683043625));
#7543=CARTESIAN_POINT('',(0.0176076634800391,-0.004,0.0508284080421625));
#7544=CARTESIAN_POINT('',(0.018075977212228,-0.004,0.0512237103804531));
#7545=CARTESIAN_POINT('',(0.017975,-0.003,0.0513401489567129));
#7546=CARTESIAN_POINT('',(0.0149884203612524,-0.00571655324764953,0.05235));
#7547=CARTESIAN_POINT('',(0.0159839469075016,-0.00581103549843302,0.05235));
#7548=CARTESIAN_POINT('',(0.0159839469075016,-0.00581103549843302,0.05335));
#7549=CARTESIAN_POINT('',(0.0149827966740059,-0.0053288583817131,0.05235));
#7550=CARTESIAN_POINT('',(0.0160075067448213,-0.00556279392755788,0.0523068603083519));
#7551=CARTESIAN_POINT('',(0.0160106546122938,-0.00552962572157511,0.0533500000085853));
#7552=CARTESIAN_POINT('',(0.015129310579778,-0.00458242257959692,0.052311047585728));
#7553=CARTESIAN_POINT('',(0.0161354866428734,-0.0051549957153099,0.052176166350453));
#7554=CARTESIAN_POINT('',(0.0161842645433026,-0.00498482170815346,0.053301309478038));
#7555=CARTESIAN_POINT('',(0.0157431065918306,-0.00375763680018509,0.0520181987434818));
#7556=CARTESIAN_POINT('',(0.0163539591091982,-0.00470151283075853,0.0519412576439513));
#7557=CARTESIAN_POINT('',(0.0167349553040441,-0.00436707936106249,0.0529352484309013));
#7558=CARTESIAN_POINT('',(0.0165347444408942,-0.00338719096316903,0.0514657312684761));
#7559=CARTESIAN_POINT('',(0.0167990130600686,-0.00423399443301159,0.0515953473425374));
#7560=CARTESIAN_POINT('',(0.0173902355795553,-0.00405013411766222,0.0522446640835209));
#7561=CARTESIAN_POINT('',(0.0170500667465706,-0.00339332203020701,0.0509942575974032));
#7562=CARTESIAN_POINT('',(0.0172674828735205,-0.00404539161199398,0.0511738125543745));
#7563=CARTESIAN_POINT('',(0.0177878363249901,-0.004,0.051655322000561));
#7564=CARTESIAN_POINT('',(0.0173036344433554,-0.00343775410679738,0.0507421191653703));
#7565=CARTESIAN_POINT('',(0.0175080456345278,-0.004,0.0509242017592643));
#7566=CARTESIAN_POINT('',(0.017975,-0.004,0.0513401489567129));
#7567=CARTESIAN_POINT('',(0.0149884203612524,-0.00571655324764953,0.05335));
#7568=CARTESIAN_POINT('',(0.017975,-0.006,0.05335));
#7569=CARTESIAN_POINT('',(0.014975,-0.006,0.05335));
#7570=CARTESIAN_POINT('',(0.014975,-0.009,0.05335));
#7571=CARTESIAN_POINT('',(0.014975,-0.0100250786171296,0.05335));
#7572=CARTESIAN_POINT('',(0.013975,-0.0100250786171296,0.05335));
#7573=CARTESIAN_POINT('',(0.0139812893081761,-0.0110250588392354,0.05335));
#7574=CARTESIAN_POINT('',(0.014,-0.014,0.05335));
#7575=CARTESIAN_POINT('',(0.0110250588392354,-0.0139812893081761,0.05335));
#7576=CARTESIAN_POINT('',(0.0100250786171296,-0.013975,0.05335));
#7577=CARTESIAN_POINT('',(0.0100250786171296,-0.014975,0.05335));
#7578=CARTESIAN_POINT('',(0.,-0.014975,0.05335));
#7579=CARTESIAN_POINT('',(0.00776365732113415,-0.014975,0.05335));
#7580=CARTESIAN_POINT('',(0.00776365732113415,-0.017975,0.05335));
#7581=CARTESIAN_POINT('',(0.00531197606182863,-0.0162460526315789,0.05335));
#7582=CARTESIAN_POINT('',(0.,-0.0125,0.05335));
#7583=CARTESIAN_POINT('',(-0.00531197606182863,-0.0162460526315789,0.05335));
#7584=CARTESIAN_POINT('',(-0.00776365732113415,-0.017975,0.05335));
#7585=CARTESIAN_POINT('',(-0.00776365732113415,-0.014975,0.05335));
#7586=CARTESIAN_POINT('',(0.,-0.014975,0.05335));
#7587=CARTESIAN_POINT('',(-0.0100250786171296,-0.014975,0.05335));
#7588=CARTESIAN_POINT('',(-0.0100250786171296,-0.013975,0.05335));
#7589=CARTESIAN_POINT('',(-0.0110250588392354,-0.0139812893081761,0.05335));
#7590=CARTESIAN_POINT('',(-0.014,-0.014,0.05335));
#7591=CARTESIAN_POINT('',(-0.0139812893081761,-0.0110250588392354,0.05335));
#7592=CARTESIAN_POINT('',(-0.013975,-0.0100250786171296,0.05335));
#7593=CARTESIAN_POINT('',(-0.014975,-0.0100250786171296,0.05335));
#7594=CARTESIAN_POINT('',(-0.014975,5.19549681055054E-18,0.05335));
#7595=CARTESIAN_POINT('',(-0.014975,-0.006,0.05335));
#7596=CARTESIAN_POINT('',(-0.017975,-0.006,0.05335));
#7597=CARTESIAN_POINT('',(-0.0149884203612524,-0.00571655324764953,0.05335));
#7598=CARTESIAN_POINT('',(-0.0173036344433554,-0.00343775410679738,0.0507421191653703));
#7599=CARTESIAN_POINT('',(-0.0175080456345278,-0.004,0.0509242017592643));
#7600=CARTESIAN_POINT('',(-0.017975,-0.004,0.0513401489567129));
#7601=CARTESIAN_POINT('',(-0.0170500492183585,-0.00339331895897313,0.0509942750269572));
#7602=CARTESIAN_POINT('',(-0.0172674656000574,-0.00404539487163788,0.0511738304773214));
#7603=CARTESIAN_POINT('',(-0.0177878233868659,-0.004,0.0516553437873277));
#7604=CARTESIAN_POINT('',(-0.0165383323210909,-0.00338686124730423,0.0514626079556413));
#7605=CARTESIAN_POINT('',(-0.0168021401226339,-0.0042323184090264,0.0515926782137963));
#7606=CARTESIAN_POINT('',(-0.0173930550845109,-0.00404955487484384,0.0522407599425039));
#7607=CARTESIAN_POINT('',(-0.0157459276030631,-0.00375530253444514,0.052016710185165));
#7608=CARTESIAN_POINT('',(-0.0163547639387998,-0.00469992258820647,0.0519405797196653));
#7609=CARTESIAN_POINT('',(-0.0167373834955757,-0.00436529126210833,0.0529333877331766));
#7610=CARTESIAN_POINT('',(-0.0151296400065755,-0.00457922413834985,0.0523109896342303));
#7611=CARTESIAN_POINT('',(-0.0161359145324092,-0.00515316170264634,0.0521756060329768));
#7612=CARTESIAN_POINT('',(-0.0161847730611829,-0.00498249436358617,0.0533012370379543));
#7613=CARTESIAN_POINT('',(-0.0149828362796676,-0.00533158913085121,0.05235));
#7614=CARTESIAN_POINT('',(-0.0160073372435458,-0.00556457987110322,0.0523071706732538));
#7615=CARTESIAN_POINT('',(-0.0160104664951278,-0.00553160784658765,0.0533500000101316));
#7616=CARTESIAN_POINT('',(-0.0149884203612524,-0.00571655324764953,0.05235));
#7617=CARTESIAN_POINT('',(-0.0159839469075016,-0.00581103549843302,0.05235));
#7618=CARTESIAN_POINT('',(-0.0159839469075016,-0.00581103549843302,0.05335));
#7619=CARTESIAN_POINT('',(-0.017975,-0.003,0.0513401489567129));
#7620=CARTESIAN_POINT('',(-0.017975,-0.004,0.0513401489567129));
#7621=CARTESIAN_POINT('',(-0.0175080456345278,-0.004,0.0509242017592643));
#7622=CARTESIAN_POINT('',(-0.0173036344433554,-0.00343775410679738,0.0507421191653703));
#7623=CARTESIAN_POINT('',(-0.0180091747956752,-0.004,0.0513017833420572));
#7624=CARTESIAN_POINT('',(-0.0175416128852603,-0.00400000000000039,0.0508927968406752));
#7625=CARTESIAN_POINT('',(-0.0173345009176244,-0.00344316276697004,0.0507114266735544));
#7626=CARTESIAN_POINT('',(-0.0180428361759635,-0.004,0.0512629724861753));
#7627=CARTESIAN_POINT('',(-0.0175748257990012,-0.00400000000000019,0.0508608683087673));
#7628=CARTESIAN_POINT('',(-0.0173649864297003,-0.00344855678110331,0.0506803779890641));
#7629=CARTESIAN_POINT('',(-0.018075977212228,-0.004,0.0512237103804531));
#7630=CARTESIAN_POINT('',(-0.0176076634800391,-0.004,0.0508284080421625));
#7631=CARTESIAN_POINT('',(-0.0173950816529861,-0.00345393037282793,0.0506489683043625));
#7632=CARTESIAN_POINT('',(-0.018075977212228,-0.003,0.0512237103804531));
#7633=CARTESIAN_POINT('',(-0.018075977212228,-0.004,0.0512237103804531));
#7634=CARTESIAN_POINT('',(-0.0176076634800391,-0.004,0.0508284080421625));
#7635=CARTESIAN_POINT('',(-0.0173950816529861,-0.00345393037282793,0.0506489683043625));
#7636=CARTESIAN_POINT('',(-0.0185771853121612,-0.004,0.0503330403122096));
#7637=CARTESIAN_POINT('',(-0.0181765818371566,-0.0038933662376742,0.0502027369702367));
#7638=CARTESIAN_POINT('',(-0.0180777988393529,-0.00357583156942537,0.0499364322610973));
#7639=CARTESIAN_POINT('',(-0.0189606317956391,-0.00416349093755833,0.0493354536216634));
#7640=CARTESIAN_POINT('',(-0.0188292378563887,-0.0040649454831169,0.0492369082841432));
#7641=CARTESIAN_POINT('',(-0.0186978439419556,-0.00396640004729574,0.0491383628973275));
#7642=CARTESIAN_POINT('',(-0.019275977212228,-0.0044,0.04835));
#7643=CARTESIAN_POINT('',(-0.019275977212228,-0.0044,0.04835));
#7644=CARTESIAN_POINT('',(-0.019275977212228,-0.0044,0.04835));
#7645=CARTESIAN_POINT('',(-0.0173950816529861,0.00345393037282793,0.0506489683043625));
#7646=CARTESIAN_POINT('',(-0.0176076634800391,0.004,0.0508284080421625));
#7647=CARTESIAN_POINT('',(-0.018075977212228,0.004,0.0512237103804531));
#7648=CARTESIAN_POINT('',(-0.0180777988393528,0.00357583156942517,0.0499364322610972));
#7649=CARTESIAN_POINT('',(-0.0181765818371573,0.00389336623767366,0.0502027369702333));
#7650=CARTESIAN_POINT('',(-0.0185771853121612,0.004,0.0503330403122096));
#7651=CARTESIAN_POINT('',(-0.0186978439419607,0.0039664000472995,0.0491383628973156));
#7652=CARTESIAN_POINT('',(-0.0188292378563867,0.00406494548312488,0.0492369082841192));
#7653=CARTESIAN_POINT('',(-0.0189606317956411,0.00416349093755983,0.0493354536216514));
#7654=CARTESIAN_POINT('',(-0.019275977212228,0.0044,0.04835));
#7655=CARTESIAN_POINT('',(-0.019275977212228,0.0044,0.04835));
#7656=CARTESIAN_POINT('',(-0.019275977212228,0.0044,0.04835));
#7657=CARTESIAN_POINT('',(-0.018075977212228,0.003,0.0512237103804531));
#7658=CARTESIAN_POINT('',(-0.0173036344433554,0.00343775410679738,0.0507421191653703));
#7659=CARTESIAN_POINT('',(-0.0175080456345278,0.004,0.0509242017592643));
#7660=CARTESIAN_POINT('',(-0.017975,0.004,0.0513401489567129));
#7661=CARTESIAN_POINT('',(-0.0173345009176243,0.00344316276696986,0.0507114266735544));
#7662=CARTESIAN_POINT('',(-0.01754161288526,0.00400000000000026,0.0508927968406751));
#7663=CARTESIAN_POINT('',(-0.0180091747956749,0.004,0.0513017833420572));
#7664=CARTESIAN_POINT('',(-0.0173649864297002,0.00344855678110324,0.0506803779890641));
#7665=CARTESIAN_POINT('',(-0.0175748257990016,0.00400000000000019,0.050860868308768));
#7666=CARTESIAN_POINT('',(-0.0180428361759635,0.004,0.0512629724861753));
#7667=CARTESIAN_POINT('',(-0.0173950816529861,0.00345393037282793,0.0506489683043625));
#7668=CARTESIAN_POINT('',(-0.0176076634800391,0.004,0.0508284080421625));
#7669=CARTESIAN_POINT('',(-0.018075977212228,0.004,0.0512237103804531));
#7670=CARTESIAN_POINT('',(-0.017975,0.003,0.0513401489567129));
#7671=CARTESIAN_POINT('',(-0.0149884203612524,0.00571655324764954,0.05235));
#7672=CARTESIAN_POINT('',(-0.0159839469075016,0.00581103549843303,0.05235));
#7673=CARTESIAN_POINT('',(-0.0159839469075016,0.00581103549843303,0.05335));
#7674=CARTESIAN_POINT('',(-0.0149827966740074,0.00532885838171403,0.05235));
#7675=CARTESIAN_POINT('',(-0.0160075067448221,0.00556279392755961,0.0523068603083521));
#7676=CARTESIAN_POINT('',(-0.0160106546122937,0.00552962572157578,0.0533500000085853));
#7677=CARTESIAN_POINT('',(-0.0151293105797772,0.00458242257959646,0.052311047585728));
#7678=CARTESIAN_POINT('',(-0.0161354866428728,0.00515499571530905,0.0521761663504528));
#7679=CARTESIAN_POINT('',(-0.0161842645433026,0.00498482170815315,0.053301309478038));
#7680=CARTESIAN_POINT('',(-0.015743106591831,0.00375763680018532,0.0520181987434817));
#7681=CARTESIAN_POINT('',(-0.0163539591091993,0.00470151283075854,0.0519412576439513));
#7682=CARTESIAN_POINT('',(-0.0167349553040441,0.00436707936106257,0.0529352484309013));
#7683=CARTESIAN_POINT('',(-0.0165347444408934,0.0033871909631686,0.0514657312684766));
#7684=CARTESIAN_POINT('',(-0.0167990130600654,0.0042339944330123,0.0515953473425372));
#7685=CARTESIAN_POINT('',(-0.0173902355795553,0.0040501341176622,0.0522446640835209));
#7686=CARTESIAN_POINT('',(-0.0170500667465722,0.00339332203020787,0.050994257597402));
#7687=CARTESIAN_POINT('',(-0.0172674828735265,0.00404539161199254,0.0511738125543751));
#7688=CARTESIAN_POINT('',(-0.0177878363249901,0.004,0.051655322000561));
#7689=CARTESIAN_POINT('',(-0.0173036344433554,0.00343775410679738,0.0507421191653703));
#7690=CARTESIAN_POINT('',(-0.0175080456345278,0.004,0.0509242017592643));
#7691=CARTESIAN_POINT('',(-0.017975,0.004,0.0513401489567129));
#7692=CARTESIAN_POINT('',(-0.0149884203612524,0.00571655324764954,0.05335));
#7693=CARTESIAN_POINT('',(-0.017975,0.006,0.05335));
#7694=CARTESIAN_POINT('',(-0.014975,0.006,0.05335));
#7695=CARTESIAN_POINT('',(-0.014975,0.,0.05335));
#7696=CARTESIAN_POINT('',(-0.014975,0.0100250786171296,0.05335));
#7697=CARTESIAN_POINT('',(-0.013975,0.0100250786171296,0.05335));
#7698=CARTESIAN_POINT('',(-0.0139812893081761,0.0110250588392354,0.05335));
#7699=CARTESIAN_POINT('',(-0.014,0.014,0.05335));
#7700=CARTESIAN_POINT('',(-0.0110250588392354,0.0139812893081761,0.05335));
#7701=CARTESIAN_POINT('',(-0.0100250786171296,0.013975,0.05335));
#7702=CARTESIAN_POINT('',(-0.0100250786171296,0.014975,0.05335));
#7703=CARTESIAN_POINT('',(0.,0.014975,0.05335));
#7704=CARTESIAN_POINT('',(-0.00776365732113415,0.014975,0.05335));
#7705=CARTESIAN_POINT('',(-0.00776365732113415,0.017975,0.05335));
#7706=CARTESIAN_POINT('',(-0.00531197606182863,0.0162460526315789,0.05335));
#7707=CARTESIAN_POINT('',(0.,0.0125,0.05335));
#7708=CARTESIAN_POINT('',(0.00531197606182863,0.0162460526315789,0.05335));
#7709=CARTESIAN_POINT('',(0.00776365732113415,0.017975,0.05335));
#7710=CARTESIAN_POINT('',(0.00776365732113415,0.014975,0.05335));
#7711=CARTESIAN_POINT('',(0.,0.014975,0.05335));
#7712=CARTESIAN_POINT('',(0.0100250786171296,0.014975,0.05335));
#7713=CARTESIAN_POINT('',(0.0100250786171296,0.013975,0.05335));
#7714=CARTESIAN_POINT('',(0.0110250588392354,0.0139812893081761,0.05335));
#7715=CARTESIAN_POINT('',(0.014,0.014,0.05335));
#7716=CARTESIAN_POINT('',(0.0139812893081761,0.0110250588392354,0.05335));
#7717=CARTESIAN_POINT('',(0.013975,0.0100250786171296,0.05335));
#7718=CARTESIAN_POINT('',(0.014975,0.0100250786171296,0.05335));
#7719=CARTESIAN_POINT('',(0.014975,0.009,0.05335));
#7720=CARTESIAN_POINT('',(0.014975,0.006,0.05335));
#7721=CARTESIAN_POINT('',(0.017975,0.006,0.05335));
#7722=CARTESIAN_POINT('',(0.0149884203612524,0.00571655324764954,0.05335));
#7723=CARTESIAN_POINT('',(0.0173036344433554,0.00343775410679738,0.0507421191653703));
#7724=CARTESIAN_POINT('',(0.0175080456345278,0.004,0.0509242017592643));
#7725=CARTESIAN_POINT('',(0.017975,0.004,0.0513401489567129));
#7726=CARTESIAN_POINT('',(0.0170500492183579,0.00339331895897351,0.0509942750269582));
#7727=CARTESIAN_POINT('',(0.0172674656000574,0.00404539487163788,0.0511738304773232));
#7728=CARTESIAN_POINT('',(0.0177878233868659,0.004,0.0516553437873292));
#7729=CARTESIAN_POINT('',(0.0165383323210912,0.00338686124730386,0.0514626079556408));
#7730=CARTESIAN_POINT('',(0.0168021401226338,0.00423231840902623,0.0515926782137952));
#7731=CARTESIAN_POINT('',(0.017393055084511,0.00404955487484369,0.0522407599425032));
#7732=CARTESIAN_POINT('',(0.015745927603063,0.00375530253444588,0.0520167101851652));
#7733=CARTESIAN_POINT('',(0.0163547639387999,0.00469992258820707,0.0519405797196663));
#7734=CARTESIAN_POINT('',(0.0167373834955756,0.00436529126210888,0.0529333877331769));
#7735=CARTESIAN_POINT('',(0.0151296400065756,0.0045792241383473,0.0523109896342303));
#7736=CARTESIAN_POINT('',(0.0161359145324085,0.00515316170264435,0.052175606032974));
#7737=CARTESIAN_POINT('',(0.016184773061183,0.00498249436358416,0.0533012370379542));
#7738=CARTESIAN_POINT('',(0.0149828362796672,0.00533158913085669,0.05235));
#7739=CARTESIAN_POINT('',(0.0160073372435474,0.00556457987110685,0.0523071706732591));
#7740=CARTESIAN_POINT('',(0.0160104664951274,0.00553160784659199,0.0533500000101316));
#7741=CARTESIAN_POINT('',(0.0149884203612524,0.00571655324764953,0.05235));
#7742=CARTESIAN_POINT('',(0.0159839469075016,0.00581103549843302,0.05235));
#7743=CARTESIAN_POINT('',(0.0159839469075016,0.00581103549843302,0.05335));
#7744=CARTESIAN_POINT('',(0.017975,0.003,0.0513401489567129));
#7745=CARTESIAN_POINT('',(0.017975,0.004,0.0513401489567129));
#7746=CARTESIAN_POINT('',(0.0175080456345278,0.004,0.0509242017592643));
#7747=CARTESIAN_POINT('',(0.0173036344433554,0.00343775410679738,0.0507421191653703));
#7748=CARTESIAN_POINT('',(0.0180091747956749,0.004,0.0513017833420572));
#7749=CARTESIAN_POINT('',(0.01754161288526,0.00400000000000026,0.0508927968406751));
#7750=CARTESIAN_POINT('',(0.0173345009176243,0.00344316276696986,0.0507114266735544));
#7751=CARTESIAN_POINT('',(0.0180428361759635,0.004,0.0512629724861753));
#7752=CARTESIAN_POINT('',(0.0175748257990016,0.00400000000000019,0.050860868308768));
#7753=CARTESIAN_POINT('',(0.0173649864297002,0.00344855678110322,0.050680377989064));
#7754=CARTESIAN_POINT('',(0.018075977212228,0.004,0.0512237103804531));
#7755=CARTESIAN_POINT('',(0.0176076634800391,0.004,0.0508284080421625));
#7756=CARTESIAN_POINT('',(0.0173950816529861,0.00345393037282793,0.0506489683043625));
#7757=CARTESIAN_POINT('',(0.018075977212228,0.003,0.0512237103804531));
#7758=CARTESIAN_POINT('',(0.018075977212228,0.004,0.0512237103804531));
#7759=CARTESIAN_POINT('',(0.0176076634800391,0.004,0.0508284080421625));
#7760=CARTESIAN_POINT('',(0.0173950816529861,0.00345393037282793,0.0506489683043625));
#7761=CARTESIAN_POINT('',(0.0185771853121612,0.004,0.0503330403122096));
#7762=CARTESIAN_POINT('',(0.0181765818371573,0.00389336623767204,0.0502027369702333));
#7763=CARTESIAN_POINT('',(0.0180777988393526,0.00357583156942457,0.049936432261097));
#7764=CARTESIAN_POINT('',(0.0189606317956315,0.00416349093755265,0.0493354536216594));
#7765=CARTESIAN_POINT('',(0.0188292378563747,0.00406494548311042,0.0492369082841232));
#7766=CARTESIAN_POINT('',(0.0186978439419452,0.0039664000472879,0.0491383628973195));
#7767=CARTESIAN_POINT('',(0.019275977212228,0.0044,0.04835));
#7768=CARTESIAN_POINT('',(0.019275977212228,0.0044,0.04835));
#7769=CARTESIAN_POINT('',(0.019275977212228,0.0044,0.04835));
#7770=CARTESIAN_POINT('',(0.019275488606114,0.004,0.0606));
#7771=CARTESIAN_POINT('',(0.018075977212228,0.00475,0.06135));
#7772=CARTESIAN_POINT('',(0.017975,0.004,0.0606));
#7773=CARTESIAN_POINT('',(0.017975,0.006,0.06135));
#7774=CARTESIAN_POINT('',(0.015975,0.006,0.0606));
#7775=CARTESIAN_POINT('',(0.018075977212228,0.006,0.06135));
#7776=CARTESIAN_POINT('',(0.018825977212228,0.005,0.06135));
#7777=CARTESIAN_POINT('',(0.016725,0.0175,0.06135));
#7778=CARTESIAN_POINT('',(0.015975,0.0100250786171296,0.0606));
#7779=CARTESIAN_POINT('',(0.022575977212228,5.53618304262623E-19,0.0606));
#7780=CARTESIAN_POINT('',(0.0234820996503117,0.00618396653671423,0.06135));
#7781=CARTESIAN_POINT('',(0.013975,0.0100250786171296,0.06135));
#7782=CARTESIAN_POINT('',(0.0139875786163522,0.0120250390613411,0.0606));
#7783=CARTESIAN_POINT('',(0.023518344547835,0.0064313251981828,0.06135));
#7784=CARTESIAN_POINT('',(0.0237628489716175,0.00648345567632022,0.06135));
#7785=CARTESIAN_POINT('',(0.014,0.014,0.0606));
#7786=CARTESIAN_POINT('',(0.0120250390613411,0.0139875786163522,0.0606));
#7787=CARTESIAN_POINT('',(0.0285306852353742,0.0075,0.06135));
#7788=CARTESIAN_POINT('',(0.0286215368642204,0.0026258466395141,0.06135));
#7789=CARTESIAN_POINT('',(0.0100250786171296,0.013975,0.06135));
#7790=CARTESIAN_POINT('',(0.0100250786171296,0.015975,0.0606));
#7791=CARTESIAN_POINT('',(0.0286261959221099,0.00237589005692508,0.06135));
#7792=CARTESIAN_POINT('',(0.0283934952024991,0.00228450967012026,0.06135));
#7793=CARTESIAN_POINT('',(0.,0.016725,0.06135));
#7794=CARTESIAN_POINT('',(0.00776365732113415,0.015975,0.0606));
#7795=CARTESIAN_POINT('',(0.022575977212228,5.53618304262623E-19,0.0606));
#7796=CARTESIAN_POINT('',(0.0283934952024991,-0.00228450967012027,0.06135));
#7797=CARTESIAN_POINT('',(0.00776365732113415,0.017975,0.06135));
#7798=CARTESIAN_POINT('',(0.00612920314826381,0.0168223684210527,0.0606));
#7799=CARTESIAN_POINT('',(0.0286261959221099,-0.00237589005692508,0.06135));
#7800=CARTESIAN_POINT('',(0.0286215368642204,-0.0026258466395141,0.06135));
#7801=CARTESIAN_POINT('',(0.,0.0125,0.0606));
#7802=CARTESIAN_POINT('',(-0.00612920314826381,0.0168223684210527,0.0606));
#7803=CARTESIAN_POINT('',(0.0285306852353742,-0.0075,0.06135));
#7804=CARTESIAN_POINT('',(0.0237628489716175,-0.00648345567632022,0.06135));
#7805=CARTESIAN_POINT('',(-0.00776365732113415,0.017975,0.06135));
#7806=CARTESIAN_POINT('',(-0.00776365732113415,0.015975,0.0606));
#7807=CARTESIAN_POINT('',(0.023518344547835,-0.0064313251981828,0.06135));
#7808=CARTESIAN_POINT('',(0.0234820996503117,-0.00618396653671423,0.06135));
#7809=CARTESIAN_POINT('',(0.,0.016725,0.06135));
#7810=CARTESIAN_POINT('',(-0.0100250786171296,0.015975,0.0606));
#7811=CARTESIAN_POINT('',(0.022575977212228,5.53618304262623E-19,0.0606));
#7812=CARTESIAN_POINT('',(0.0188259772122281,-0.005,0.06135));
#7813=CARTESIAN_POINT('',(-0.0100250786171296,0.013975,0.06135));
#7814=CARTESIAN_POINT('',(-0.0120250390613411,0.0139875786163522,0.0606));
#7815=CARTESIAN_POINT('',(0.018075977212228,-0.006,0.06135));
#7816=CARTESIAN_POINT('',(0.018075977212228,-0.00475,0.06135));
#7817=CARTESIAN_POINT('',(-0.014,0.014,0.06135));
#7818=CARTESIAN_POINT('',(-0.0139875786163522,0.0120250390613411,0.0606));
#7819=CARTESIAN_POINT('',(1.16945101004087E-17,-0.00475,0.06135));
#7820=CARTESIAN_POINT('',(0.017975,-0.00475,0.06135));
#7821=CARTESIAN_POINT('',(-0.013975,0.0100250786171296,0.06135));
#7822=CARTESIAN_POINT('',(-0.015975,0.0100250786171296,0.0606));
#7823=CARTESIAN_POINT('',(0.017975,-0.006,0.06135));
#7824=CARTESIAN_POINT('',(0.016725,-0.006,0.06135));
#7825=CARTESIAN_POINT('',(-0.015975,0.009,0.0606));
#7826=CARTESIAN_POINT('',(-0.015975,0.006,0.0606));
#7827=CARTESIAN_POINT('',(0.016725,0.0175,0.06135));
#7828=CARTESIAN_POINT('',(0.016725,-0.0100250786171296,0.06135));
#7829=CARTESIAN_POINT('',(-0.017975,0.006,0.06135));
#7830=CARTESIAN_POINT('',(-0.017975,0.004,0.0606));
#7831=CARTESIAN_POINT('',(0.013975,-0.0100250786171296,0.06135));
#7832=CARTESIAN_POINT('',(0.0139922955974843,-0.0127750242279205,0.06135));
#7833=CARTESIAN_POINT('',(-3.35067424225192E-18,0.00475,0.06135));
#7834=CARTESIAN_POINT('',(-0.018075977212228,0.004,0.0606));
#7835=CARTESIAN_POINT('',(0.014,-0.014,0.0606));
#7836=CARTESIAN_POINT('',(0.0127750242279205,-0.0139922955974843,0.06135));
#7837=CARTESIAN_POINT('',(-0.018075977212228,0.006,0.06135));
#7838=CARTESIAN_POINT('',(-0.019275977212228,0.0044,0.0606));
#7839=CARTESIAN_POINT('',(0.0100250786171296,-0.013975,0.06135));
#7840=CARTESIAN_POINT('',(0.0100250786171296,-0.016725,0.06135));
#7841=CARTESIAN_POINT('',(-0.022575977212228,7.70458738759724E-19,0.0606));
#7842=CARTESIAN_POINT('',(-0.0233733649577416,0.00544189055230852,0.0606));
#7843=CARTESIAN_POINT('',(0.,-0.015975,0.0606));
#7844=CARTESIAN_POINT('',(0.00776365732113415,-0.016725,0.06135));
#7845=CARTESIAN_POINT('',(-0.023518344547835,0.0064313251981828,0.06135));
#7846=CARTESIAN_POINT('',(-0.0244963622429646,0.0066398471107325,0.0606));
#7847=CARTESIAN_POINT('',(0.00776365732113415,-0.017975,0.06135));
#7848=CARTESIAN_POINT('',(0.00674212346309018,-0.0172546052631579,0.06135));
#7849=CARTESIAN_POINT('',(-0.0285306852353742,0.0075,0.06135));
#7850=CARTESIAN_POINT('',(-0.0286075596905517,0.00337571638728116,0.0606));
#7851=CARTESIAN_POINT('',(0.,-0.0125,0.0606));
#7852=CARTESIAN_POINT('',(-0.00674212346309018,-0.0172546052631579,0.06135));
#7853=CARTESIAN_POINT('',(-0.0286261959221099,0.00237589005692508,0.06135));
#7854=CARTESIAN_POINT('',(-0.0276953930436665,0.00201036850970584,0.0606));
#7855=CARTESIAN_POINT('',(-0.00776365732113415,-0.017975,0.06135));
#7856=CARTESIAN_POINT('',(-0.00776365732113415,-0.016725,0.06135));
#7857=CARTESIAN_POINT('',(-0.022575977212228,7.70458738759724E-19,0.0606));
#7858=CARTESIAN_POINT('',(-0.0276953930436665,-0.00201036850970584,0.0606));
#7859=CARTESIAN_POINT('',(0.,-0.015975,0.0606));
#7860=CARTESIAN_POINT('',(-0.0100250786171296,-0.016725,0.06135));
#7861=CARTESIAN_POINT('',(-0.0286261959221099,-0.00237589005692508,0.06135));
#7862=CARTESIAN_POINT('',(-0.0286075596905517,-0.00337571638728116,0.0606));
#7863=CARTESIAN_POINT('',(-0.0100250786171296,-0.013975,0.06135));
#7864=CARTESIAN_POINT('',(-0.0127750242279205,-0.0139922955974843,0.06135));
#7865=CARTESIAN_POINT('',(-0.0285306852353742,-0.0075,0.06135));
#7866=CARTESIAN_POINT('',(-0.0244963622429646,-0.00663984711073249,0.0606));
#7867=CARTESIAN_POINT('',(-0.014,-0.014,0.06135));
#7868=CARTESIAN_POINT('',(-0.0139922955974843,-0.0127750242279205,0.06135));
#7869=CARTESIAN_POINT('',(-0.023518344547835,-0.0064313251981828,0.06135));
#7870=CARTESIAN_POINT('',(-0.0233733649577416,-0.00544189055230852,0.0606));
#7871=CARTESIAN_POINT('',(-0.013975,-0.0100250786171296,0.06135));
#7872=CARTESIAN_POINT('',(-0.016725,-0.0100250786171296,0.06135));
#7873=CARTESIAN_POINT('',(-0.022575977212228,7.70458738759724E-19,0.0606));
#7874=CARTESIAN_POINT('',(-0.019275977212228,-0.0044,0.0606));
#7875=CARTESIAN_POINT('',(-0.015975,-0.009,0.0606));
#7876=CARTESIAN_POINT('',(-0.016725,-0.006,0.06135));
#7877=CARTESIAN_POINT('',(-0.018075977212228,-0.006,0.06135));
#7878=CARTESIAN_POINT('',(-0.018075977212228,-0.004,0.0606));
#7879=CARTESIAN_POINT('',(-0.017975,-0.006,0.06135));
#7880=CARTESIAN_POINT('',(-0.017975,-0.00475,0.06135));
#7881=CARTESIAN_POINT('',(-0.019275488606114,-0.004,0.0606));
#7882=CARTESIAN_POINT('',(-0.0259807621135331,-0.015,0.05435));
#7883=CARTESIAN_POINT('',(-0.0259807621135331,-0.015,0.05235));
#7884=CARTESIAN_POINT('',(-0.0279807621135331,-0.015,0.05235));
#7885=CARTESIAN_POINT('',(-0.0259807621135331,0.015,0.05435));
#7886=CARTESIAN_POINT('',(-0.0259807621135331,0.015,0.05235));
#7887=CARTESIAN_POINT('',(-0.0279807621135331,0.015,0.05235));
#7888=CARTESIAN_POINT('',(-3.46944695195361E-18,0.03,0.05435));
#7889=CARTESIAN_POINT('',(-3.46944695195361E-18,0.03,0.05235));
#7890=CARTESIAN_POINT('',(-0.002,0.03,0.05235));
#7891=CARTESIAN_POINT('',(0.0259807621135331,0.015,0.05435));
#7892=CARTESIAN_POINT('',(0.0259807621135331,0.015,0.05235));
#7893=CARTESIAN_POINT('',(0.0239807621135332,0.015,0.05235));
#7894=CARTESIAN_POINT('',(0.0259807621135331,-0.015,0.05435));
#7895=CARTESIAN_POINT('',(0.0259807621135331,-0.015,0.05235));
#7896=CARTESIAN_POINT('',(0.0239807621135332,-0.015,0.05235));
#7897=CARTESIAN_POINT('',(4.33680868994202E-19,-0.03,0.05435));
#7898=CARTESIAN_POINT('',(4.33680868994202E-19,-0.03,0.05235));
#7899=CARTESIAN_POINT('',(-0.002,-0.03,0.05235));
#7900=CARTESIAN_POINT('',(0.0259807621135331,-0.015,0.05235));
#7901=CARTESIAN_POINT('',(0.0259807621135331,-0.015,0.05435));
#7902=CARTESIAN_POINT('',(0.0259807621135331,0.015,0.05235));
#7903=CARTESIAN_POINT('',(0.0259807621135331,0.015,0.05435));
#7904=CARTESIAN_POINT('',(-3.46944695195361E-18,0.03,0.05235));
#7905=CARTESIAN_POINT('',(-2.16840434497101E-18,0.03,0.05435));
#7906=CARTESIAN_POINT('',(-0.0259807621135331,0.015,0.05235));
#7907=CARTESIAN_POINT('',(-0.0259807621135331,0.015,0.05435));
#7908=CARTESIAN_POINT('',(-0.0259807621135331,-0.015,0.05235));
#7909=CARTESIAN_POINT('',(-0.0259807621135331,-0.015,0.05435));
#7910=CARTESIAN_POINT('',(4.33680868994202E-19,-0.03,0.05235));
#7911=CARTESIAN_POINT('',(1.7347234759768E-18,-0.03,0.05435));
#7912=CARTESIAN_POINT('',(-0.0429109908103096,0.043074580599524,0.062352));
#7913=CARTESIAN_POINT('',(-0.0230602220646056,0.0455132237067834,0.0463500000000002));
#7914=CARTESIAN_POINT('',(-0.0232176616181276,0.0467947954788431,0.0469197760660057));
#7915=CARTESIAN_POINT('',(-0.023495820114201,0.0480421889266592,0.0475325265145332));
#7916=CARTESIAN_POINT('',(-0.0238898604844065,0.049254920487023,0.0481906800259125));
#7917=CARTESIAN_POINT('',(-0.0238898604844065,0.049254920487023,0.0481906800259125));
#7918=CARTESIAN_POINT('',(-0.0238898604844065,0.049254920487023,0.062352));
#7919=CARTESIAN_POINT('',(-0.0226001279210715,0.0452855318094883,0.062352));
#7920=CARTESIAN_POINT('',(-0.00713292387221363,-0.00231762745781219,0.100721407927329));
#7921=CARTESIAN_POINT('',(-0.0256739435347105,0.0547457635198971,0.0548956509777704));
#7922=CARTESIAN_POINT('',(-0.0256739435347105,0.0547457635198971,0.062352));
#7923=CARTESIAN_POINT('',(-0.0185410196624969,0.0570633909777092,0.062352));
#7924=CARTESIAN_POINT('',(-0.0256739435347105,0.0547457635198971,0.0548956509777704));
#7925=CARTESIAN_POINT('',(-0.0259239303568618,0.0555151438469431,0.0573671084404194));
#7926=CARTESIAN_POINT('',(-0.0260329533396077,0.0562658739169482,0.0598510981381263));
#7927=CARTESIAN_POINT('',(-0.0260405945769862,0.0569835404801407,0.06235));
#7928=CARTESIAN_POINT('',(-0.0260405945769862,0.0569835404801407,0.06235));
#7929=CARTESIAN_POINT('',(-0.0185410196624969,0.0570633909777092,0.06235));
#7930=CARTESIAN_POINT('',(-0.0124268011612279,0.0614069301013664,0.06235));
#7931=CARTESIAN_POINT('',(-0.0124268011612279,0.0614069301013664,0.06235));
#7932=CARTESIAN_POINT('',(-0.0120111492302172,0.0608218342488086,0.0598510981381263));
#7933=CARTESIAN_POINT('',(-0.0116580826124345,0.0601503987625672,0.0573671084404195));
#7934=CARTESIAN_POINT('',(-0.0114080957902832,0.0593810184355213,0.0548956509777705));
#7935=CARTESIAN_POINT('',(-0.0114080957902832,0.0593810184355213,0.0548956509777705));
#7936=CARTESIAN_POINT('',(-0.0114080957902832,0.0593810184355213,0.062352));
#7937=CARTESIAN_POINT('',(-0.00833428017664427,0.0499207867251125,0.062352));
#7938=CARTESIAN_POINT('',(0.00713292387221368,0.00231762745781202,0.100721407927329));
#7939=CARTESIAN_POINT('',(-0.00962401273997917,0.0538901754026472,0.0481906800259126));
#7940=CARTESIAN_POINT('',(-0.00962401273997917,0.0538901754026472,0.062352));
#7941=CARTESIAN_POINT('',(0.00939711758592391,0.0600705152901461,0.062352));
#7942=CARTESIAN_POINT('',(-0.00962401273997917,0.0538901754026472,0.0481906800259126));
#7943=CARTESIAN_POINT('',(-0.00922997236977372,0.0526774438422834,0.0475325265145333));
#7944=CARTESIAN_POINT('',(-0.00872180784779438,0.0515047838825365,0.0469197760660057));
#7945=CARTESIAN_POINT('',(-0.00809589013480943,0.0503754298917412,0.0463500000000002));
#7946=CARTESIAN_POINT('',(0.0277061351600053,0.0541215548616527,0.062352));
#7947=CARTESIAN_POINT('',(0.0361596474719121,0.0359959340559412,0.0463500000000002));
#7948=CARTESIAN_POINT('',(0.0373298431592044,0.0365416954263186,0.0469197760660057));
#7949=CARTESIAN_POINT('',(0.0384302291237173,0.0371917056506192,0.0475325265145332));
#7950=CARTESIAN_POINT('',(0.0394618402058547,0.0379412149741538,0.0481906800259125));
#7951=CARTESIAN_POINT('',(0.0394618402058547,0.0379412149741538,0.0481906800259125));
#7952=CARTESIAN_POINT('',(0.0394618402058547,0.0379412149741538,0.062352));
#7953=CARTESIAN_POINT('',(0.0360852765186465,0.0354879978568783,0.062352));
#7954=CARTESIAN_POINT('',(-0.00440838939219359,0.00606762745781208,0.100721407927329));
#7955=CARTESIAN_POINT('',(0.0441326302703033,0.0413347425953605,0.0548956509777704));
#7956=CARTESIAN_POINT('',(0.0441326302703033,0.0413347425953605,0.062352));
#7957=CARTESIAN_POINT('',(0.0485410196624968,0.0352671151375484,0.062352));
#7958=CARTESIAN_POINT('',(0.0485410196624968,0.0352671151375484,0.06235));
#7959=CARTESIAN_POINT('',(0.0461475812272897,0.0423749595686592,0.06235));
#7960=CARTESIAN_POINT('',(0.0545613682740478,0.0307943751948067,0.06235));
#7961=CARTESIAN_POINT('',(0.0545613682740478,0.0307943751948067,0.06235));
#7962=CARTESIAN_POINT('',(0.0541333525612426,0.0302182621555296,0.0598510981381263));
#7963=CARTESIAN_POINT('',(0.0536038830518222,0.0296749908721262,0.0573671084404194));
#7964=CARTESIAN_POINT('',(0.0529494090546904,0.0291994876797362,0.0548956509777704));
#7965=CARTESIAN_POINT('',(0.0529494090546904,0.0291994876797363,0.0548956509777704));
#7966=CARTESIAN_POINT('',(0.0529494090546904,0.0291994876797363,0.062352));
#7967=CARTESIAN_POINT('',(0.0441326302703033,0.0413347425953605,0.0548956509777704));
#7968=CARTESIAN_POINT('',(0.0447871042674351,0.0418102457877504,0.0573671084404194));
#7969=CARTESIAN_POINT('',(0.0454674010380463,0.0421459211557367,0.0598510981381263));
#7970=CARTESIAN_POINT('',(0.0461475812272897,0.0423749595686592,0.06235));
#7971=CARTESIAN_POINT('',(0.0449020553030336,0.0233527429412541,0.062352));
#7972=CARTESIAN_POINT('',(0.0044083893921935,-0.00606762745781214,0.100721407927329));
#7973=CARTESIAN_POINT('',(0.0482786189902419,0.0258059600585295,0.0481906800259125));
#7974=CARTESIAN_POINT('',(0.0482786189902419,0.0258059600585295,0.062352));
#7975=CARTESIAN_POINT('',(0.0600343240360913,0.00962562017103058,0.062352));
#7976=CARTESIAN_POINT('',(0.0482786189902419,0.0258059600585295,0.0481906800259125));
#7977=CARTESIAN_POINT('',(0.0472470079081045,0.0250564507349951,0.0475325265145332));
#7978=CARTESIAN_POINT('',(0.0462887734852187,0.0242107856988318,0.0469197760660056));
#7979=CARTESIAN_POINT('',(0.0454081132234616,0.023266513003412,0.0463500000000002));
#7980=CARTESIAN_POINT('',(0.0600343240360913,-0.00962562017103056,0.062352));
#7981=CARTESIAN_POINT('',(0.0454081132234616,-0.023266513003412,0.0463500000000002));
#7982=CARTESIAN_POINT('',(0.0462887734852187,-0.0242107856988318,0.0469197760660056));
#7983=CARTESIAN_POINT('',(0.0472470079081045,-0.025056450734995,0.0475325265145332));
#7984=CARTESIAN_POINT('',(0.0482786189902419,-0.0258059600585295,0.0481906800259124));
#7985=CARTESIAN_POINT('',(0.0482786189902419,-0.0258059600585295,0.0481906800259124));
#7986=CARTESIAN_POINT('',(0.0482786189902419,-0.0258059600585295,0.062352));
#7987=CARTESIAN_POINT('',(0.0449020553030336,-0.0233527429412541,0.062352));
#7988=CARTESIAN_POINT('',(0.00440838939219359,0.00606762745781207,0.100721407927329));
#7989=CARTESIAN_POINT('',(0.0529494090546904,-0.0291994876797362,0.0548956509777703));
#7990=CARTESIAN_POINT('',(0.0529494090546904,-0.0291994876797362,0.062352));
#7991=CARTESIAN_POINT('',(0.0485410196624969,-0.0352671151375484,0.062352));
#7992=CARTESIAN_POINT('',(0.0529494090546904,-0.0291994876797363,0.0548956509777703));
#7993=CARTESIAN_POINT('',(0.0536038830518222,-0.0296749908721262,0.0573671084404194));
#7994=CARTESIAN_POINT('',(0.0541333525612426,-0.0302182621555297,0.0598510981381262));
#7995=CARTESIAN_POINT('',(0.0545613682740478,-0.0307943751948068,0.06235));
#7996=CARTESIAN_POINT('',(0.0545613682740478,-0.0307943751948068,0.06235));
#7997=CARTESIAN_POINT('',(0.0485410196624969,-0.0352671151375484,0.06235));
#7998=CARTESIAN_POINT('',(0.0461475812272897,-0.0423749595686592,0.06235));
#7999=CARTESIAN_POINT('',(0.0461475812272897,-0.0423749595686592,0.06235));
#8000=CARTESIAN_POINT('',(0.0454674010380463,-0.0421459211557367,0.0598510981381262));
#8001=CARTESIAN_POINT('',(0.0447871042674351,-0.0418102457877504,0.0573671084404193));
#8002=CARTESIAN_POINT('',(0.0441326302703033,-0.0413347425953605,0.0548956509777703));
#8003=CARTESIAN_POINT('',(0.0441326302703033,-0.0413347425953605,0.0548956509777703));
#8004=CARTESIAN_POINT('',(0.0441326302703033,-0.0413347425953605,0.062352));
#8005=CARTESIAN_POINT('',(0.0360852765186465,-0.0354879978568783,0.062352));
#8006=CARTESIAN_POINT('',(-0.0044083893921935,-0.00606762745781215,0.100721407927329));
#8007=CARTESIAN_POINT('',(0.0394618402058547,-0.0379412149741538,0.0481906800259124));
#8008=CARTESIAN_POINT('',(0.0394618402058547,-0.0379412149741538,0.062352));
#8009=CARTESIAN_POINT('',(0.0277061351600053,-0.0541215548616527,0.062352));
#8010=CARTESIAN_POINT('',(0.0394618402058547,-0.0379412149741538,0.0481906800259124));
#8011=CARTESIAN_POINT('',(0.0384302291237174,-0.0371917056506193,0.0475325265145332));
#8012=CARTESIAN_POINT('',(0.0373298431592046,-0.0365416954263187,0.0469197760660056));
#8013=CARTESIAN_POINT('',(0.0361596474719125,-0.0359959340559414,0.0463500000000002));
#8014=CARTESIAN_POINT('',(0.00939711758592391,-0.0600705152901462,0.062352));
#8015=CARTESIAN_POINT('',(-0.00809589013480955,-0.0503754298917415,0.0463500000000002));
#8016=CARTESIAN_POINT('',(-0.00872180784779443,-0.0515047838825367,0.0469197760660056));
#8017=CARTESIAN_POINT('',(-0.00922997236977374,-0.0526774438422835,0.0475325265145332));
#8018=CARTESIAN_POINT('',(-0.00962401273997916,-0.0538901754026472,0.0481906800259124));
#8019=CARTESIAN_POINT('',(-0.00962401273997916,-0.0538901754026472,0.0481906800259124));
#8020=CARTESIAN_POINT('',(-0.00962401273997916,-0.0538901754026472,0.062352));
#8021=CARTESIAN_POINT('',(-0.00833428017664425,-0.0499207867251125,0.062352));
#8022=CARTESIAN_POINT('',(0.00713292387221362,-0.00231762745781218,0.100721407927329));
#8023=CARTESIAN_POINT('',(-0.0114080957902832,-0.0593810184355213,0.0548956509777702));
#8024=CARTESIAN_POINT('',(-0.0114080957902832,-0.0593810184355213,0.062352));
#8025=CARTESIAN_POINT('',(-0.0185410196624969,-0.0570633909777092,0.062352));
#8026=CARTESIAN_POINT('',(-0.0185410196624969,-0.0570633909777092,0.06235));
#8027=CARTESIAN_POINT('',(-0.012426801161228,-0.0614069301013665,0.06235));
#8028=CARTESIAN_POINT('',(-0.0260405945769862,-0.0569835404801408,0.06235));
#8029=CARTESIAN_POINT('',(-0.0260405945769862,-0.0569835404801408,0.06235));
#8030=CARTESIAN_POINT('',(-0.0260329533396077,-0.0562658739169482,0.0598510981381262));
#8031=CARTESIAN_POINT('',(-0.0259239303568619,-0.0555151438469431,0.0573671084404194));
#8032=CARTESIAN_POINT('',(-0.0256739435347105,-0.0547457635198971,0.0548956509777703));
#8033=CARTESIAN_POINT('',(-0.0256739435347105,-0.0547457635198971,0.0548956509777703));
#8034=CARTESIAN_POINT('',(-0.0256739435347105,-0.0547457635198971,0.062352));
#8035=CARTESIAN_POINT('',(-0.0114080957902832,-0.0593810184355213,0.0548956509777702));
#8036=CARTESIAN_POINT('',(-0.0116580826124345,-0.0601503987625673,0.0573671084404193));
#8037=CARTESIAN_POINT('',(-0.0120111492302172,-0.0608218342488087,0.0598510981381262));
#8038=CARTESIAN_POINT('',(-0.012426801161228,-0.0614069301013665,0.06235));
#8039=CARTESIAN_POINT('',(-0.0226001279210715,-0.0452855318094883,0.062352));
#8040=CARTESIAN_POINT('',(-0.00713292387221368,0.00231762745781202,0.100721407927329));
#8041=CARTESIAN_POINT('',(-0.0238898604844065,-0.049254920487023,0.0481906800259124));
#8042=CARTESIAN_POINT('',(-0.0238898604844065,-0.049254920487023,0.062352));
#8043=CARTESIAN_POINT('',(-0.0429109908103096,-0.043074580599524,0.062352));
#8044=CARTESIAN_POINT('',(-0.0238898604844065,-0.049254920487023,0.0481906800259124));
#8045=CARTESIAN_POINT('',(-0.023495820114201,-0.0480421889266593,0.0475325265145332));
#8046=CARTESIAN_POINT('',(-0.0232176616181276,-0.0467947954788434,0.0469197760660056));
#8047=CARTESIAN_POINT('',(-0.0230602220646057,-0.0455132237067838,0.0463500000000002));
#8048=CARTESIAN_POINT('',(-0.054226585971711,-0.0275,0.062352));
#8049=CARTESIAN_POINT('',(-0.0504116484959589,-0.00786721486757158,0.0463500000000002));
#8050=CARTESIAN_POINT('',(-0.0516791471785013,-0.00762092132379361,0.0469197760660056));
#8051=CARTESIAN_POINT('',(-0.052951444547847,-0.0075,0.0475325265145332));
#8052=CARTESIAN_POINT('',(-0.054226585971711,-0.0075,0.0481906800259124));
#8053=CARTESIAN_POINT('',(-0.054226585971711,-0.0075,0.0481906800259124));
#8054=CARTESIAN_POINT('',(-0.054226585971711,-0.0075,0.062352));
#8055=CARTESIAN_POINT('',(-0.0500529237239642,-0.0075,0.062352));
#8056=CARTESIAN_POINT('',(0.,-0.0075,0.100721407927329));
#8057=CARTESIAN_POINT('',(-0.06,-0.0075,0.0548956509777703));
#8058=CARTESIAN_POINT('',(-0.06,-0.0075,0.062352));
#8059=CARTESIAN_POINT('',(-0.06,0.,0.062352));
#8060=CARTESIAN_POINT('',(-0.06,-0.0075,0.0548956509777703));
#8061=CARTESIAN_POINT('',(-0.0608089743499609,-0.0075,0.0573671084404193));
#8062=CARTESIAN_POINT('',(-0.061556651029464,-0.00737169866834654,0.0598510981381262));
#8063=CARTESIAN_POINT('',(-0.0622415537631234,-0.00715719475262672,0.06235));
#8064=CARTESIAN_POINT('',(-0.0622415537631234,-0.00715719475262672,0.06235));
#8065=CARTESIAN_POINT('',(-0.06,0.,0.06235));
#8066=CARTESIAN_POINT('',(-0.0622415537631233,0.00715719475262673,0.06235));
#8067=CARTESIAN_POINT('',(-0.0622415537631233,0.00715719475262673,0.06235));
#8068=CARTESIAN_POINT('',(-0.0615566510294639,0.00737169866834654,0.0598510981381263));
#8069=CARTESIAN_POINT('',(-0.0608089743499609,0.0075,0.0573671084404194));
#8070=CARTESIAN_POINT('',(-0.06,0.0075,0.0548956509777704));
#8071=CARTESIAN_POINT('',(-0.06,0.0075,0.0548956509777704));
#8072=CARTESIAN_POINT('',(-0.06,0.0075,0.062352));
#8073=CARTESIAN_POINT('',(-0.0500529237239642,0.0075,0.062352));
#8074=CARTESIAN_POINT('',(0.,0.0075,0.100721407927329));
#8075=CARTESIAN_POINT('',(-0.054226585971711,0.0075,0.0481906800259125));
#8076=CARTESIAN_POINT('',(-0.054226585971711,0.0075,0.062352));
#8077=CARTESIAN_POINT('',(-0.054226585971711,0.0275,0.062352));
#8078=CARTESIAN_POINT('',(-0.054226585971711,0.0075,0.0481906800259125));
#8079=CARTESIAN_POINT('',(-0.052951444547847,0.0075,0.0475325265145332));
#8080=CARTESIAN_POINT('',(-0.0516791471785012,0.00762092132379361,0.0469197760660057));
#8081=CARTESIAN_POINT('',(-0.0504116484959588,0.0078672148675716,0.0463500000000002));
#8082=CARTESIAN_POINT('',(-0.0452063207594095,-0.0146884240089546,-4.85722573273506E-17));
#8083=CARTESIAN_POINT('',(-0.0452063207594095,-0.0146884240089546,0.0592538527573963));
#8084=CARTESIAN_POINT('',(-0.0435063207594095,-0.0146884240089546,0.0592538527573963));
#8085=CARTESIAN_POINT('',(-0.0452063207594095,-0.0146884240089546,0.06235));
#8086=CARTESIAN_POINT('',(-0.0469063207594095,-0.0146884240089546,0.06235));
#8087=CARTESIAN_POINT('',(-0.027939042735645,-0.0384547932966132,-1.04083408558608E-16));
#8088=CARTESIAN_POINT('',(-0.027939042735645,-0.0384547932966132,0.0592538527573962));
#8089=CARTESIAN_POINT('',(-0.026239042735645,-0.0384547932966132,0.0592538527573962));
#8090=CARTESIAN_POINT('',(-0.027939042735645,-0.0384547932966132,0.06235));
#8091=CARTESIAN_POINT('',(-0.029639042735645,-0.0384547932966132,0.06235));
#8092=CARTESIAN_POINT('',(-0.0419563207594095,-0.0146884240089546,0.0592538527573963));
#8093=CARTESIAN_POINT('',(-0.0452063207594095,-0.0146884240089546,0.0592538527573963));
#8094=CARTESIAN_POINT('',(-0.0419563207594095,-0.0146884240089546,0.0592538527573963));
#8095=CARTESIAN_POINT('',(-0.024689042735645,-0.0384547932966132,0.0592538527573962));
#8096=CARTESIAN_POINT('',(-0.027939042735645,-0.0384547932966132,0.0592538527573962));
#8097=CARTESIAN_POINT('',(-0.024689042735645,-0.0384547932966132,0.0592538527573962));
#8098=CARTESIAN_POINT('',(0.027939042735645,-0.0384547932966132,-9.71445146547012E-17));
#8099=CARTESIAN_POINT('',(0.027939042735645,-0.0384547932966132,0.0592538527573962));
#8100=CARTESIAN_POINT('',(0.029639042735645,-0.0384547932966132,0.0592538527573962));
#8101=CARTESIAN_POINT('',(0.027939042735645,-0.0384547932966132,0.06235));
#8102=CARTESIAN_POINT('',(0.026239042735645,-0.0384547932966132,0.06235));
#8103=CARTESIAN_POINT('',(-6.93889390390723E-18,-0.0475327385753172,-1.17961196366423E-16));
#8104=CARTESIAN_POINT('',(-6.93889390390723E-18,-0.0475327385753172,0.0592538527573962));
#8105=CARTESIAN_POINT('',(0.00169999999999999,-0.0475327385753172,0.0592538527573962));
#8106=CARTESIAN_POINT('',(-6.93889390390723E-18,-0.0475327385753172,0.06235));
#8107=CARTESIAN_POINT('',(-0.00170000000000001,-0.0475327385753172,0.06235));
#8108=CARTESIAN_POINT('',(0.00325,-0.0475327385753172,0.0592538527573962));
#8109=CARTESIAN_POINT('',(-6.93889390390723E-18,-0.0475327385753172,0.0592538527573962));
#8110=CARTESIAN_POINT('',(0.00324999999999999,-0.0475327385753172,0.0592538527573962));
#8111=CARTESIAN_POINT('',(0.031189042735645,-0.0384547932966132,0.0592538527573962));
#8112=CARTESIAN_POINT('',(0.027939042735645,-0.0384547932966132,0.0592538527573962));
#8113=CARTESIAN_POINT('',(0.031189042735645,-0.0384547932966132,0.0592538527573962));
#8114=CARTESIAN_POINT('',(0.0452063207594095,0.0146884240089546,0.));
#8115=CARTESIAN_POINT('',(0.0452063207594095,0.0146884240089546,0.0592538527573963));
#8116=CARTESIAN_POINT('',(0.0469063207594095,0.0146884240089546,0.0592538527573963));
#8117=CARTESIAN_POINT('',(0.0452063207594095,0.0146884240089546,0.06235));
#8118=CARTESIAN_POINT('',(0.0435063207594095,0.0146884240089546,0.06235));
#8119=CARTESIAN_POINT('',(0.0452063207594095,-0.0146884240089547,-8.32667268468867E-17));
#8120=CARTESIAN_POINT('',(0.0452063207594095,-0.0146884240089547,0.0592538527573962));
#8121=CARTESIAN_POINT('',(0.0469063207594095,-0.0146884240089547,0.0592538527573962));
#8122=CARTESIAN_POINT('',(0.0452063207594095,-0.0146884240089547,0.06235));
#8123=CARTESIAN_POINT('',(0.0435063207594095,-0.0146884240089547,0.06235));
#8124=CARTESIAN_POINT('',(0.0484563207594095,0.0146884240089546,0.0592538527573963));
#8125=CARTESIAN_POINT('',(0.0452063207594095,0.0146884240089546,0.0592538527573963));
#8126=CARTESIAN_POINT('',(0.0484563207594095,0.0146884240089546,0.0592538527573963));
#8127=CARTESIAN_POINT('',(0.0484563207594095,-0.0146884240089547,0.0592538527573962));
#8128=CARTESIAN_POINT('',(0.0452063207594095,-0.0146884240089547,0.0592538527573962));
#8129=CARTESIAN_POINT('',(0.0484563207594095,-0.0146884240089547,0.0592538527573962));
#8130=CARTESIAN_POINT('',(0.,0.0475327385753172,3.46944695195361E-17));
#8131=CARTESIAN_POINT('',(0.,0.0475327385753172,0.0592538527573963));
#8132=CARTESIAN_POINT('',(0.0017,0.0475327385753172,0.0592538527573963));
#8133=CARTESIAN_POINT('',(0.,0.0475327385753172,0.06235));
#8134=CARTESIAN_POINT('',(-0.0017,0.0475327385753172,0.06235));
#8135=CARTESIAN_POINT('',(0.027939042735645,0.0384547932966132,-9.0205620750794E-17));
#8136=CARTESIAN_POINT('',(0.027939042735645,0.0384547932966132,0.0592538527573962));
#8137=CARTESIAN_POINT('',(0.029639042735645,0.0384547932966132,0.0592538527573962));
#8138=CARTESIAN_POINT('',(0.027939042735645,0.0384547932966132,0.06235));
#8139=CARTESIAN_POINT('',(0.026239042735645,0.0384547932966132,0.06235));
#8140=CARTESIAN_POINT('',(0.031189042735645,0.0384547932966132,0.0592538527573962));
#8141=CARTESIAN_POINT('',(0.027939042735645,0.0384547932966132,0.0592538527573962));
#8142=CARTESIAN_POINT('',(0.031189042735645,0.0384547932966132,0.0592538527573962));
#8143=CARTESIAN_POINT('',(0.00325,0.0475327385753172,0.0592538527573963));
#8144=CARTESIAN_POINT('',(0.,0.0475327385753172,0.0592538527573963));
#8145=CARTESIAN_POINT('',(0.00325,0.0475327385753172,0.0592538527573963));
#8146=CARTESIAN_POINT('',(-0.027939042735645,0.0384547932966132,5.55111512312578E-17));
#8147=CARTESIAN_POINT('',(-0.027939042735645,0.0384547932966132,0.0592538527573964));
#8148=CARTESIAN_POINT('',(-0.026239042735645,0.0384547932966132,0.0592538527573964));
#8149=CARTESIAN_POINT('',(-0.027939042735645,0.0384547932966132,0.06235));
#8150=CARTESIAN_POINT('',(-0.029639042735645,0.0384547932966132,0.06235));
#8151=CARTESIAN_POINT('',(-0.0452063207594095,0.0146884240089547,-2.77555756156289E-17));
#8152=CARTESIAN_POINT('',(-0.0452063207594095,0.0146884240089547,0.0592538527573963));
#8153=CARTESIAN_POINT('',(-0.0435063207594095,0.0146884240089547,0.0592538527573963));
#8154=CARTESIAN_POINT('',(-0.0452063207594095,0.0146884240089547,0.06235));
#8155=CARTESIAN_POINT('',(-0.0469063207594095,0.0146884240089547,0.06235));
#8156=CARTESIAN_POINT('',(-0.0419563207594095,0.0146884240089547,0.0592538527573963));
#8157=CARTESIAN_POINT('',(-0.0452063207594095,0.0146884240089547,0.0592538527573963));
#8158=CARTESIAN_POINT('',(-0.0419563207594095,0.0146884240089547,0.0592538527573963));
#8159=CARTESIAN_POINT('',(-0.024689042735645,0.0384547932966132,0.0592538527573964));
#8160=CARTESIAN_POINT('',(-0.027939042735645,0.0384547932966132,0.0592538527573964));
#8161=CARTESIAN_POINT('',(-0.024689042735645,0.0384547932966132,0.0592538527573964));
#8162=CARTESIAN_POINT('',(0.,0.0480327385753172,0.06235));
#8163=CARTESIAN_POINT('',(0.,0.,0.06235));
#8164=CARTESIAN_POINT('',(-0.053412557612318,0.015198149327643,0.06235));
#8165=CARTESIAN_POINT('',(-0.0309596869689189,0.0461018745438955,0.06235));
#8166=CARTESIAN_POINT('',(-0.053412557612318,0.015198149327643,0.06235));
#8167=CARTESIAN_POINT('',(-0.0539865342870463,0.0131809588430563,0.06235));
#8168=CARTESIAN_POINT('',(-0.0558863324692513,0.0106114904212801,0.06235));
#8169=CARTESIAN_POINT('',(-0.0593466682122882,0.00827103981644837,0.06235));
#8170=CARTESIAN_POINT('',(-0.0612468471018299,0.00746872581151171,0.06235));
#8171=CARTESIAN_POINT('',(-0.0622415537631319,0.00715719475263914,0.06235));
#8172=CARTESIAN_POINT('',(-0.0622415537631234,-0.00715719475262672,0.06235));
#8173=CARTESIAN_POINT('',(-0.0612467966486336,-0.00746874161287666,0.06235));
#8174=CARTESIAN_POINT('',(-0.0593504529130337,-0.0082694233178569,0.06235));
#8175=CARTESIAN_POINT('',(-0.0558898772108854,-0.0106074067527926,0.06235));
#8176=CARTESIAN_POINT('',(-0.0539864136560776,-0.0131813827899746,0.06235));
#8177=CARTESIAN_POINT('',(-0.0534125576123181,-0.0151981493276431,0.06235));
#8178=CARTESIAN_POINT('',(-0.053412557612318,-0.015198149327643,0.06235));
#8179=CARTESIAN_POINT('',(0.,0.,0.06235));
#8180=CARTESIAN_POINT('',(-0.0309596869689189,-0.0461018745438955,0.06235));
#8181=CARTESIAN_POINT('',(-0.030959686968919,-0.0461018745438956,0.06235));
#8182=CARTESIAN_POINT('',(-0.0292185933608101,-0.0472711049412261,0.06235));
#8183=CARTESIAN_POINT('',(-0.0273619535990492,-0.0498719297908964,0.06235));
#8184=CARTESIAN_POINT('',(-0.0262053553510984,-0.0538861436592688,0.06235));
#8185=CARTESIAN_POINT('',(-0.0260294969578095,-0.0559412498366444,0.06235));
#8186=CARTESIAN_POINT('',(-0.0260405945770006,-0.0569835404801451,0.06235));
#8187=CARTESIAN_POINT('',(-0.012426801161228,-0.0614069301013665,0.06235));
#8188=CARTESIAN_POINT('',(-0.0118231056360032,-0.0605571331398614,0.06235));
#8189=CARTESIAN_POINT('',(-0.0104756096415266,-0.0590010273269077,0.06235));
#8190=CARTESIAN_POINT('',(-0.00718267855845606,-0.0564323008692091,0.06235));
#8191=CARTESIAN_POINT('',(-0.00414647928889764,-0.055417401790482,0.06235));
#8192=CARTESIAN_POINT('',(-0.0020510890615555,-0.0554948473944754,0.06235));
#8193=CARTESIAN_POINT('',(-0.00205108906155551,-0.0554948473944752,0.06235));
#8194=CARTESIAN_POINT('',(0.,0.,0.06235));
#8195=CARTESIAN_POINT('',(0.0342784187844689,-0.043690674740854,0.06235));
#8196=CARTESIAN_POINT('',(0.034278418784469,-0.0436906747408541,0.06235));
#8197=CARTESIAN_POINT('',(0.0359284504866037,-0.0423961083824971,0.06235));
#8198=CARTESIAN_POINT('',(0.0389757151464415,-0.0414340381166025,0.06235));
#8199=CARTESIAN_POINT('',(0.0431508679180405,-0.0415745081205361,0.06235));
#8200=CARTESIAN_POINT('',(0.0451597332718418,-0.0420423195837075,0.06235));
#8201=CARTESIAN_POINT('',(0.0461475812272894,-0.0423749595686743,0.06235));
#8202=CARTESIAN_POINT('',(0.0545613682740478,-0.0307943751948068,0.06235));
#8203=CARTESIAN_POINT('',(0.0539397155130031,-0.0299576249288103,0.06235));
#8204=CARTESIAN_POINT('',(0.0528761701016942,-0.0281952169413333,0.06235));
#8205=CARTESIAN_POINT('',(0.0514507377314945,-0.0242696732477389,0.06235));
#8206=CARTESIAN_POINT('',(0.0514237485218914,-0.0210684550847525,0.06235));
#8207=CARTESIAN_POINT('',(0.0521449148583237,-0.0190995525626312,0.06235));
#8208=CARTESIAN_POINT('',(0.0521449148583236,-0.0190995525626312,0.06235));
#8209=CARTESIAN_POINT('',(0.,0.,0.06235));
#8210=CARTESIAN_POINT('',(0.0521449148583236,0.0190995525626312,0.06235));
#8211=CARTESIAN_POINT('',(0.0521449148583236,0.0190995525626312,0.06235));
#8212=CARTESIAN_POINT('',(0.0514235969246488,0.0210688689701184,0.06235));
#8213=CARTESIAN_POINT('',(0.051450270295384,0.0242642859436773,0.06235));
#8214=CARTESIAN_POINT('',(0.0528740583685048,0.028191684575219,0.06235));
#8215=CARTESIAN_POINT('',(0.0539397470426871,0.0299576673680278,0.06235));
#8216=CARTESIAN_POINT('',(0.054561368274062,0.0307943751948018,0.06235));
#8217=CARTESIAN_POINT('',(0.0461475812272897,0.0423749595686592,0.06235));
#8218=CARTESIAN_POINT('',(0.0451596831665391,0.0420423027116354,0.06235));
#8219=CARTESIAN_POINT('',(0.0431548799592946,0.0415754249369868,0.06235));
#8220=CARTESIAN_POINT('',(0.0389809832227763,0.0414328179062524,0.06235));
#8221=CARTESIAN_POINT('',(0.0359281037043537,0.0423963804576542,0.06235));
#8222=CARTESIAN_POINT('',(0.0342784187844689,0.043690674740854,0.06235));
#8223=CARTESIAN_POINT('',(0.0342784187844688,0.043690674740854,0.06235));
#8224=CARTESIAN_POINT('',(0.,0.,0.06235));
#8225=CARTESIAN_POINT('',(-0.0020510890615555,0.0554948473944752,0.06235));
#8226=CARTESIAN_POINT('',(-0.0020510890615555,0.0554948473944752,0.06235));
#8227=CARTESIAN_POINT('',(-0.00414691976339613,0.0554173855105482,0.06235));
#8228=CARTESIAN_POINT('',(-0.007177699373525,0.0564301915425413,0.06235));
#8229=CARTESIAN_POINT('',(-0.0104729027231586,0.0589979273881375,0.06235));
#8230=CARTESIAN_POINT('',(-0.0118231362548894,0.0605571762408122,0.06235));
#8231=CARTESIAN_POINT('',(-0.0124268011612188,0.0614069301013784,0.06235));
#8232=CARTESIAN_POINT('',(-0.0260405945769862,0.0569835404801407,0.06235));
#8233=CARTESIAN_POINT('',(-0.0260294963949055,0.0559411969699128,0.06235));
#8234=CARTESIAN_POINT('',(-0.0262049875064285,0.0538902426491111,0.06235));
#8235=CARTESIAN_POINT('',(-0.0273591651849292,0.049876562963488,0.06235));
#8236=CARTESIAN_POINT('',(-0.0292189592812698,0.0472708592075547,0.06235));
#8237=CARTESIAN_POINT('',(-0.030959686968919,0.0461018745438955,0.06235));
#8238=CARTESIAN_POINT('',(0.,-9.60631289610849E-17,0.06235));
#8239=CARTESIAN_POINT('',(-0.039,-9.60631289610849E-17,0.06235));
#8240=CARTESIAN_POINT('',(-0.0452063207594095,0.0146884240089547,-2.77555756156289E-17));
#8241=CARTESIAN_POINT('',(-0.0425720544158988,0.0165918789812213,0.0510366040665684));
#8242=CARTESIAN_POINT('',(-0.0429410119802616,0.0171024938936546,0.0515232587469023));
#8243=CARTESIAN_POINT('',(-0.0438888110836139,0.0178136510244992,0.0526110713816328));
#8244=CARTESIAN_POINT('',(-0.0452943868850018,0.0180272937048352,0.0540224666579412));
#8245=CARTESIAN_POINT('',(-0.0464567350175136,0.0177358966685942,0.0550712806034514));
#8246=CARTESIAN_POINT('',(-0.047307689478726,0.0172401357828278,0.0557603481320232));
#8247=CARTESIAN_POINT('',(-0.048053342321651,0.0163983023308179,0.05623871512123));
#8248=CARTESIAN_POINT('',(-0.0483411863762397,0.0156333632592811,0.0562788708458441));
#8249=CARTESIAN_POINT('',(-0.048408839306918,0.0152419354838713,0.0562184003923039));
#8250=CARTESIAN_POINT('',(-0.0425720544158989,0.0165918789812214,0.0510366040665682));
#8251=CARTESIAN_POINT('',(-0.0484088393069179,0.0152419354838713,0.0562184003923036));
#8252=CARTESIAN_POINT('',(-0.0425720544158989,0.0165918789812214,0.0510366040665682));
#8253=CARTESIAN_POINT('',(-0.0422985937455548,0.0162134259835635,0.0506759096996153));
#8254=CARTESIAN_POINT('',(-0.0419303729055656,0.0153606474326102,0.0499471852982429));
#8255=CARTESIAN_POINT('',(-0.0419298747086241,0.0141919813625255,0.0490384000112608));
#8256=CARTESIAN_POINT('',(-0.042264475209363,0.0132307429825001,0.0484320787678161));
#8257=CARTESIAN_POINT('',(-0.0427374182015986,0.0125107790577556,0.0481466653671878));
#8258=CARTESIAN_POINT('',(-0.0434298563213121,0.0119234913973562,0.048284682070291));
#8259=CARTESIAN_POINT('',(-0.0441094149324498,0.0116050904189764,0.0487860223303763));
#8260=CARTESIAN_POINT('',(-0.0447128472895996,0.0114583828572762,0.0494056624910703));
#8261=CARTESIAN_POINT('',(-0.0454595937928669,0.0114135121398273,0.0503172564323087));
#8262=CARTESIAN_POINT('',(-0.0462860098745128,0.0115709938863768,0.0515029558595265));
#8263=CARTESIAN_POINT('',(-0.0471691983899395,0.0120342002720847,0.0529541311364271));
#8264=CARTESIAN_POINT('',(-0.0476611376247897,0.0125260464778564,0.0538914812715242));
#8265=CARTESIAN_POINT('',(-0.0478744065726318,0.0128326713063343,0.0543442041988725));
#8266=CARTESIAN_POINT('',(-0.0478744065726318,0.0128326713063345,0.0543442041988723));
#8267=CARTESIAN_POINT('',(-0.0478744065726318,0.0128326713063345,0.0543442041988723));
#8268=CARTESIAN_POINT('',(-0.048069894236103,0.0131137313100899,0.0547591813822018));
#8269=CARTESIAN_POINT('',(-0.0483980757561939,0.0137507114580948,0.0555535570499014));
#8270=CARTESIAN_POINT('',(-0.0485000800678167,0.0147140327351325,0.0561368463467128));
#8271=CARTESIAN_POINT('',(-0.0484088393069179,0.0152419354838713,0.0562184003923037));
#8272=CARTESIAN_POINT('',(-0.027939042735645,0.0384547932966132,5.55111512312578E-17));
#8273=CARTESIAN_POINT('',(-0.0294550960866895,0.0413295249774467,0.0562184003923037));
#8274=CARTESIAN_POINT('',(-0.0289790899124575,0.0415805573643555,0.056136478776285));
#8275=CARTESIAN_POINT('',(-0.0280360689323976,0.0417795346264632,0.0555550545763725));
#8276=CARTESIAN_POINT('',(-0.0273259360077742,0.0416647060941684,0.0547587029244606));
#8277=CARTESIAN_POINT('',(-0.0269986008939223,0.0415657528177799,0.0543442041988725));
#8278=CARTESIAN_POINT('',(-0.0294550960866895,0.0413295249774467,0.0562184003923036));
#8279=CARTESIAN_POINT('',(-0.0269986008939223,0.0415657528177799,0.0543442041988725));
#8280=CARTESIAN_POINT('',(-0.0269986008939223,0.0415657528177799,0.0543442041988725));
#8281=CARTESIAN_POINT('',(-0.0266401113700165,0.041457381575465,0.0538902551891039));
#8282=CARTESIAN_POINT('',(-0.0260243147557487,0.0411438317551753,0.0529592250936526));
#8283=CARTESIAN_POINT('',(-0.0253078091552437,0.0404447787907887,0.0515027882653388));
#8284=CARTESIAN_POINT('',(-0.024904630551958,0.0397124273073336,0.0503240884994696));
#8285=CARTESIAN_POINT('',(-0.0247154137121399,0.0389875682764011,0.0494104072028049));
#8286=CARTESIAN_POINT('',(-0.0246674729310486,0.0383733110593384,0.0487936061743501));
#8287=CARTESIAN_POINT('',(-0.0247588957299595,0.0376252543669598,0.0482868388208808));
#8288=CARTESIAN_POINT('',(-0.0251015304526162,0.0367855533160375,0.0481458512946854));
#8289=CARTESIAN_POINT('',(-0.0256404143466654,0.0361103701081293,0.0484297988063762));
#8290=CARTESIAN_POINT('',(-0.0264497161210808,0.0354946013581399,0.0490346522239151));
#8291=CARTESIAN_POINT('',(-0.0275652177723257,0.0351299836999021,0.0499464971687155));
#8292=CARTESIAN_POINT('',(-0.0284951798111683,0.0352195174084874,0.0506794084844068));
#8293=CARTESIAN_POINT('',(-0.0289353029226432,0.0353612571905039,0.0510366040665712));
#8294=CARTESIAN_POINT('',(-0.028935302922643,0.0353612571905038,0.0510366040665715));
#8295=CARTESIAN_POINT('',(-0.0294550960866894,0.0413295249774466,0.0562184003923039));
#8296=CARTESIAN_POINT('',(-0.0298042861727055,0.0411453718602755,0.0562784967055298));
#8297=CARTESIAN_POINT('',(-0.0304477789200108,0.0406320143501919,0.056238653942933));
#8298=CARTESIAN_POINT('',(-0.0310157144628427,0.039662463309144,0.055758663760084));
#8299=CARTESIAN_POINT('',(-0.0312239985852062,0.038701289626883,0.0550705795563457));
#8300=CARTESIAN_POINT('',(-0.0311407242655233,0.0375027595605239,0.0540185464952158));
#8301=CARTESIAN_POINT('',(-0.0305031926001945,0.0362337291639922,0.0526086451714777));
#8302=CARTESIAN_POINT('',(-0.029529037614501,0.0355524669307003,0.0515184678982597));
#8303=CARTESIAN_POINT('',(-0.0289353029226429,0.0353612571905038,0.0510366040665716));
#8304=CARTESIAN_POINT('',(0.,-9.36750677027476E-17,0.100721407927329));
#8305=CARTESIAN_POINT('',(-0.0309596869689189,0.0461018745438955,0.06235));
#8306=CARTESIAN_POINT('',(-0.030869772564498,0.0457317958961794,0.0618328169651519));
#8307=CARTESIAN_POINT('',(-0.0307650430543331,0.0453611271943364,0.0613190882547525));
#8308=CARTESIAN_POINT('',(-0.0306445720915121,0.0449903556953544,0.0608086518744877));
#8309=CARTESIAN_POINT('',(-0.0306445720915121,0.0449903556953544,0.0608086518744877));
#8310=CARTESIAN_POINT('',(-0.0144959420628858,-0.00471001709168276,0.100721407927329));
#8311=CARTESIAN_POINT('',(-0.028935302922643,0.0353612571905037,0.0510366040665716));
#8312=CARTESIAN_POINT('',(-0.0292888117031678,0.033977149693572,0.0502573940361465));
#8313=CARTESIAN_POINT('',(-0.0300582626559211,0.0325106354631352,0.0497456132649348));
#8314=CARTESIAN_POINT('',(-0.0312271449636662,0.0313461923677441,0.0497456132649348));
#8315=CARTESIAN_POINT('',(-0.0312271449636662,0.0313461923677441,0.0497456132649348));
#8316=CARTESIAN_POINT('',(0.,-9.36750677027476E-17,0.0497456132649348));
#8317=CARTESIAN_POINT('',(-0.0394617189919673,0.0200122735524089,0.0497456132649348));
#8318=CARTESIAN_POINT('',(-0.0394617189919673,0.020012273552409,0.0497456132649348));
#8319=CARTESIAN_POINT('',(-0.0402079656881762,0.018540767711388,0.0497456132649348));
#8320=CARTESIAN_POINT('',(-0.0413649301825333,0.0173557985491052,0.050257394036146));
#8321=CARTESIAN_POINT('',(-0.0425720544158997,0.0165918789812258,0.0510366040665706));
#8322=CARTESIAN_POINT('',(0.,0.015241935483871,0.100721407927329));
#8323=CARTESIAN_POINT('',(-0.0522580645161291,0.015241935483871,0.0608086518744876));
#8324=CARTESIAN_POINT('',(-0.0522580645161291,0.015241935483871,0.0608086518744876));
#8325=CARTESIAN_POINT('',(-0.0526479167411329,0.0152419354838709,0.0613190882547524));
#8326=CARTESIAN_POINT('',(-0.0530328068238608,0.0152269962388093,0.0618328169651519));
#8327=CARTESIAN_POINT('',(-0.0534125576123181,0.015198149327643,0.06235));
#8328=CARTESIAN_POINT('',(0.027939042735645,0.0384547932966132,-9.0205620750794E-17));
#8329=CARTESIAN_POINT('',(0.0302045887834499,0.0407849866588207,0.0562184003923039));
#8330=CARTESIAN_POINT('',(0.0299219014276412,0.0410598313271233,0.0562784206233272));
#8331=CARTESIAN_POINT('',(0.0292348429337956,0.0415133626265389,0.0562387400777972));
#8332=CARTESIAN_POINT('',(0.0281379644062826,0.041753939980868,0.0557592379017579));
#8333=CARTESIAN_POINT('',(0.0271597368247904,0.0416554379354317,0.0550716695229791));
#8334=CARTESIAN_POINT('',(0.0260459342934402,0.0412067029132891,0.054020496392868));
#8335=CARTESIAN_POINT('',(0.0250354892084897,0.0402086053582669,0.052610534280455));
#8336=CARTESIAN_POINT('',(0.0246874247690682,0.0390724544740463,0.0515202866674005));
#8337=CARTESIAN_POINT('',(0.0246890537349337,0.0384463378098827,0.0510366040665716));
#8338=CARTESIAN_POINT('',(0.0302045887834499,0.0407849866588208,0.0562184003923037));
#8339=CARTESIAN_POINT('',(0.0246890537349338,0.0384463378098828,0.0510366040665715));
#8340=CARTESIAN_POINT('',(0.0302045887834499,0.0407849866588207,0.0562184003923037));
#8341=CARTESIAN_POINT('',(0.0305904287680858,0.040409851158714,0.056136478776285));
#8342=CARTESIAN_POINT('',(0.0310710768986985,0.0395744722661105,0.0555550545763723));
#8343=CARTESIAN_POINT('',(0.0311813116167767,0.0388636117527934,0.0547587029244605));
#8344=CARTESIAN_POINT('',(0.0311883535714946,0.0385217193156992,0.0543442041988724));
#8345=CARTESIAN_POINT('',(0.0311883535714946,0.0385217193156992,0.0543442041988724));
#8346=CARTESIAN_POINT('',(0.0311883535714946,0.0385217193156992,0.0543442041988724));
#8347=CARTESIAN_POINT('',(0.0311960657505042,0.0381472869623883,0.0538902551891038));
#8348=CARTESIAN_POINT('',(0.0310881537696219,0.0374647373566237,0.0529592250936525));
#8349=CARTESIAN_POINT('',(0.0306447272997274,0.0365672807903378,0.0515027882653387));
#8350=CARTESIAN_POINT('',(0.0300728086893527,0.0359575260982088,0.0503240884994696));
#8351=CARTESIAN_POINT('',(0.0294418980037146,0.0355535764306227,0.0494104072028049));
#8352=CARTESIAN_POINT('',(0.0288725191908266,0.0353181661193797,0.0487936061743501));
#8353=CARTESIAN_POINT('',(0.028132823800445,0.035173952137321,0.0482868388208808));
#8354=CARTESIAN_POINT('',(0.0272283406920616,0.0352403352280832,0.0481458512946854));
#8355=CARTESIAN_POINT('',(0.0264196790212312,0.0355442011814849,0.0484297988063762));
#8356=CARTESIAN_POINT('',(0.0255839601371508,0.0361236098993402,0.0490346522239151));
#8357=CARTESIAN_POINT('',(0.0248924791698395,0.03707184196085,0.0499464971687155));
#8358=CARTESIAN_POINT('',(0.0246902567126916,0.0379839558553206,0.0506794084844068));
#8359=CARTESIAN_POINT('',(0.0246890537349337,0.038446337809883,0.0510366040665713));
#8360=CARTESIAN_POINT('',(0.,0.0475327385753172,3.46944695195361E-17));
#8361=CARTESIAN_POINT('',(0.00262432632270344,0.0456156023381223,0.0510366040665684));
#8362=CARTESIAN_POINT('',(0.00299346973082378,0.0461209147640144,0.0515200292101214));
#8363=CARTESIAN_POINT('',(0.00337992336646015,0.0472453623390034,0.0526109573371455));
#8364=CARTESIAN_POINT('',(0.00314924360478865,0.048645543824414,0.0540196941158832));
#8365=CARTESIAN_POINT('',(0.00251241339118589,0.0496633640132193,0.055070949341389));
#8366=CARTESIAN_POINT('',(0.00177790679240393,0.0503192865849059,0.055759827135668));
#8367=CARTESIAN_POINT('',(0.000747905097038225,0.050768726532142,0.0562386365253262));
#8368=CARTESIAN_POINT('',(-7.09936532525959E-5,0.0508060373530433,0.056278723577078));
#8369=CARTESIAN_POINT('',(-0.000463211960917818,0.0507495591608119,0.0562184003923039));
#8370=CARTESIAN_POINT('',(0.00262432632270347,0.0456156023381224,0.0510366040665683));
#8371=CARTESIAN_POINT('',(-0.000463211960917792,0.050749559160812,0.0562184003923037));
#8372=CARTESIAN_POINT('',(0.00262432632270347,0.0456156023381224,0.0510366040665682));
#8373=CARTESIAN_POINT('',(0.00234890012759897,0.0452385773777928,0.0506759096996153));
#8374=CARTESIAN_POINT('',(0.0016516460269977,0.0446248554838023,0.0499471852982429));
#8375=CARTESIAN_POINT('',(0.000540332496992182,0.0442632439939491,0.0490384000112608));
#8376=CARTESIAN_POINT('',(-0.000477256769098667,0.0442844289854592,0.0484320787678161));
#8377=CARTESIAN_POINT('',(-0.00130813057319566,0.044511743411978,0.0481466653671878));
#8378=CARTESIAN_POINT('',(-0.00208064947610283,0.0449888093302126,0.0482846820702909));
#8379=CARTESIAN_POINT('',(-0.0025934619609011,0.0455367166621946,0.0487860223303763));
#8380=CARTESIAN_POINT('',(-0.0029194599967609,0.0460652798078366,0.0494056624910703));
#8381=CARTESIAN_POINT('',(-0.00319289194498113,0.0467616121215481,0.0503172564323088));
#8382=CARTESIAN_POINT('',(-0.00329849451738106,0.0475962450571562,0.0515029558595265));
#8383=CARTESIAN_POINT('',(-0.00313087932636766,0.0485793458949566,0.0529541311364272));
#8384=CARTESIAN_POINT('',(-0.00281512337112188,0.0491991967460844,0.0538914812715242));
#8385=CARTESIAN_POINT('',(-0.00258940955919576,0.04949677985155,0.0543442041988726));
#8386=CARTESIAN_POINT('',(-0.00258940955919557,0.0494967798515501,0.0543442041988724));
#8387=CARTESIAN_POINT('',(-0.00258940955919557,0.0494967798515501,0.0543442041988724));
#8388=CARTESIAN_POINT('',(-0.00238251462135736,0.0497695519853491,0.0547591813822019));
#8389=CARTESIAN_POINT('',(-0.00187812416779452,0.0502785088493723,0.0555535570499013));
#8390=CARTESIAN_POINT('',(-0.000993472255773228,0.0506732033602788,0.0561368463467127));
#8391=CARTESIAN_POINT('',(-0.000463211960917789,0.0507495591608119,0.0562184003923037));
#8392=CARTESIAN_POINT('',(0.,-9.36750677027476E-17,0.100721407927329));
#8393=CARTESIAN_POINT('',(0.0342784187844689,0.043690674740854,0.06235));
#8394=CARTESIAN_POINT('',(0.033954238154022,0.0434908004692211,0.0618328169651519));
#8395=CARTESIAN_POINT('',(0.033634074468201,0.043276653857978,0.0613190882547524));
#8396=CARTESIAN_POINT('',(0.0333186773928781,0.0430475044695474,0.0608086518744876));
#8397=CARTESIAN_POINT('',(0.0333186773928781,0.0430475044695474,0.0608086518744877));
#8398=CARTESIAN_POINT('',(-0.00895898489381274,0.0123309848336181,0.100721407927329));
#8399=CARTESIAN_POINT('',(0.0246890537349337,0.0384463378098828,0.0510366040665717));
#8400=CARTESIAN_POINT('',(0.0232634490598808,0.0383548319005748,0.0502573940361465));
#8401=CARTESIAN_POINT('',(0.0216309377240456,0.0386334454234626,0.0497456132649348));
#8402=CARTESIAN_POINT('',(0.0201622820328015,0.0393852858535673,0.0497456132649348));
#8403=CARTESIAN_POINT('',(0.0201622820328015,0.0393852858535673,0.0497456132649348));
#8404=CARTESIAN_POINT('',(0.,-9.36750677027476E-17,0.0497456132649347));
#8405=CARTESIAN_POINT('',(0.00683846137213316,0.0437144576152934,0.0497456132649348));
#8406=CARTESIAN_POINT('',(0.00683846137213316,0.0437144576152934,0.0497456132649348));
#8407=CARTESIAN_POINT('',(0.00520837324213912,0.0439694600862891,0.0497456132649348));
#8408=CARTESIAN_POINT('',(0.00372387890809643,0.0447036230988139,0.0502573940361461));
#8409=CARTESIAN_POINT('',(0.00262432632270733,0.0456156023381246,0.0510366040665707));
#8410=CARTESIAN_POINT('',(0.0144959420628858,0.00471001709168258,0.100721407927329));
#8411=CARTESIAN_POINT('',(-0.00165268796574047,0.0544103898787197,0.0608086518744877));
#8412=CARTESIAN_POINT('',(-0.00165268796574047,0.0544103898787197,0.0608086518744877));
#8413=CARTESIAN_POINT('',(-0.00177315892856153,0.0547811613777017,0.0613190882547525));
#8414=CARTESIAN_POINT('',(-0.00190630457145524,0.0551425971183303,0.0618328169651519));
#8415=CARTESIAN_POINT('',(-0.00205108906155549,0.0554948473944752,0.06235));
#8416=CARTESIAN_POINT('',(0.0452063207594095,0.0146884240089546,0.));
#8417=CARTESIAN_POINT('',(0.0441939772809005,0.0116001136810374,0.0510366040665683));
#8418=CARTESIAN_POINT('',(0.0447924544918582,0.0114039337518144,0.0515231387191157));
#8419=CARTESIAN_POINT('',(0.0459773768451148,0.0113856312562185,0.0526110480566369));
#8420=CARTESIAN_POINT('',(0.0472400166893739,0.0120389006564077,0.0540223526126165));
#8421=CARTESIAN_POINT('',(0.0480092073561456,0.0129579654840492,0.0550713083494368));
#8422=CARTESIAN_POINT('',(0.0484062180479306,0.0138591902622974,0.0557603411359852));
#8423=CARTESIAN_POINT('',(0.0485146398862338,0.0149785244776288,0.0562386985574016));
#8424=CARTESIAN_POINT('',(0.0482979417302294,0.0157664984483827,0.0562788846599525));
#8425=CARTESIAN_POINT('',(0.0481225585710753,0.0161230169915845,0.0562184003923038));
#8426=CARTESIAN_POINT('',(0.0441939772809006,0.0116001136810373,0.0510366040665682));
#8427=CARTESIAN_POINT('',(0.0481225585710753,0.0161230169915844,0.0562184003923036));
#8428=CARTESIAN_POINT('',(0.0441939772809006,0.0116001136810373,0.0510366040665682));
#8429=CARTESIAN_POINT('',(0.0437502938605899,0.0117455524386045,0.0506759096996153));
#8430=CARTESIAN_POINT('',(0.0429511462876339,0.0122190299994318,0.0499471852982429));
#8431=CARTESIAN_POINT('',(0.0422638185569913,0.0131642078780647,0.0490384000112608));
#8432=CARTESIAN_POINT('',(0.0419695143046991,0.0141385393028947,0.0484320787678162));
#8433=CARTESIAN_POINT('',(0.0419289490456408,0.014998991269361,0.0481466653671878));
#8434=CARTESIAN_POINT('',(0.0421439442264058,0.0158811218821036,0.048284682070291));
#8435=CARTESIAN_POINT('',(0.0425065672920829,0.0165381482143335,0.0487860223303763));
#8436=CARTESIAN_POINT('',(0.0429085217828057,0.0170115257652411,0.0494056624910703));
#8437=CARTESIAN_POINT('',(0.0434862780484627,0.0174867535200285,0.0503172564323087));
#8438=CARTESIAN_POINT('',(0.0442474281510661,0.0178451032958149,0.0515029558595265));
#8439=CARTESIAN_POINT('',(0.0452342085515699,0.0179894866422362,0.0529541311364271));
#8440=CARTESIAN_POINT('',(0.0459212956989122,0.017880729330417,0.0538914812715242));
#8441=CARTESIAN_POINT('',(0.0462740634542549,0.0177580209755946,0.0543442041988725));
#8442=CARTESIAN_POINT('',(0.046274063454255,0.0177580209755944,0.0543442041988723));
#8443=CARTESIAN_POINT('',(0.046274063454255,0.0177580209755944,0.0543442041988723));
#8444=CARTESIAN_POINT('',(0.0465974192214105,0.0176455434217107,0.0547591813822018));
#8445=CARTESIAN_POINT('',(0.0472373311854042,0.0173231159144797,0.0555535570499013));
#8446=CARTESIAN_POINT('',(0.0478860804468688,0.0166037292603555,0.0561368463467127));
#8447=CARTESIAN_POINT('',(0.0481225585710753,0.0161230169915844,0.0562184003923037));
#8448=CARTESIAN_POINT('',(0.0452063207594095,-0.0146884240089547,-8.32667268468867E-17));
#8449=CARTESIAN_POINT('',(0.0481225585710753,-0.0161230169915845,0.0562184003923038));
#8450=CARTESIAN_POINT('',(0.0482954306440101,-0.0157716029795423,0.0562780186634011));
#8451=CARTESIAN_POINT('',(0.0485161906999646,-0.0149753830745199,0.0562392332518459));
#8452=CARTESIAN_POINT('',(0.04840511249104,-0.0138565351897092,0.0557583566351424));
#8453=CARTESIAN_POINT('',(0.0480081933946172,-0.0129563089288303,0.0550697751964318));
#8454=CARTESIAN_POINT('',(0.0472389206342098,-0.0120382340905286,0.0540210821638131));
#8455=CARTESIAN_POINT('',(0.0459751664198118,-0.0113840747813743,0.0526084510687704));
#8456=CARTESIAN_POINT('',(0.0447877111338571,-0.0114054886174307,0.0515192825855912));
#8457=CARTESIAN_POINT('',(0.0441939772809045,-0.0116001136810361,0.0510366040665716));
#8458=CARTESIAN_POINT('',(0.0481225585710753,-0.0161230169915844,0.0562184003923035));
#8459=CARTESIAN_POINT('',(0.0441939772809046,-0.0116001136810361,0.0510366040665714));
#8460=CARTESIAN_POINT('',(0.0481225585710753,-0.0161230169915844,0.0562184003923036));
#8461=CARTESIAN_POINT('',(0.0478850146215671,-0.0166058958679459,0.0561364787762849));
#8462=CARTESIAN_POINT('',(0.047239050522855,-0.0173211656791669,0.0555550545763723));
#8463=CARTESIAN_POINT('',(0.0465970464007442,-0.0176456731053621,0.0547587029244604));
#8464=CARTESIAN_POINT('',(0.0462740634542551,-0.0177580209755944,0.0543442041988724));
#8465=CARTESIAN_POINT('',(0.0462740634542551,-0.0177580209755944,0.0543442041988724));
#8466=CARTESIAN_POINT('',(0.0462740634542551,-0.0177580209755944,0.0543442041988724));
#8467=CARTESIAN_POINT('',(0.0459203403191046,-0.0178810616541132,0.0538902551891038));
#8468=CARTESIAN_POINT('',(0.0452378504328582,-0.017989350689194,0.0529592250936525));
#8469=CARTESIAN_POINT('',(0.044247292202447,-0.0178449563861988,0.0515027882653387));
#8470=CARTESIAN_POINT('',(0.0434906484591511,-0.0174894540272792,0.0503240884994695));
#8471=CARTESIAN_POINT('',(0.0429115073717432,-0.017014249620659,0.0494104072028049));
#8472=CARTESIAN_POINT('',(0.042511671131813,-0.0165454839772467,0.04879360617435));
#8473=CARTESIAN_POINT('',(0.0421459370381465,-0.0158865564274334,0.0482868388208809));
#8474=CARTESIAN_POINT('',(0.0419295704575721,-0.0150058283701419,0.0481458512946854));
#8475=CARTESIAN_POINT('',(0.0419686739536489,-0.0141428456750075,0.0484297988063762));
#8476=CARTESIAN_POINT('',(0.0422614730526624,-0.0131689826440056,0.049034652223915));
#8477=CARTESIAN_POINT('',(0.0429496159635352,-0.0122183253425323,0.0499464971687155));
#8478=CARTESIAN_POINT('',(0.043754597650572,-0.0117441416627237,0.0506794084844067));
#8479=CARTESIAN_POINT('',(0.0441939772809048,-0.011600113681036,0.0510366040665712));
#8480=CARTESIAN_POINT('',(0.,-9.36750677027476E-17,0.100721407927329));
#8481=CARTESIAN_POINT('',(0.0521449148583236,-0.0190995525626312,0.06235));
#8482=CARTESIAN_POINT('',(0.0518546458057921,-0.0188530030082609,0.0618328169651518));
#8483=CARTESIAN_POINT('',(0.0515520442558265,-0.0186146841907417,0.0613190882547523));
#8484=CARTESIAN_POINT('',(0.0512366471805035,-0.0183855348023111,0.0608086518744875));
#8485=CARTESIAN_POINT('',(0.0512366471805035,-0.0183855348023111,0.0608086518744875));
#8486=CARTESIAN_POINT('',(0.00895898489381274,0.0123309848336181,0.100721407927329));
#8487=CARTESIAN_POINT('',(0.0441939772809045,-0.011600113681036,0.0510366040665716));
#8488=CARTESIAN_POINT('',(0.0436664139177259,-0.0102725599462281,0.0502573940361464));
#8489=CARTESIAN_POINT('',(0.0434269173779135,-0.00863385308892122,0.0497456132649347));
#8490=CARTESIAN_POINT('',(0.0436881205506988,-0.00700474705360906,0.0497456132649347));
#8491=CARTESIAN_POINT('',(0.0436881205506988,-0.00700474705360906,0.0497456132649347));
#8492=CARTESIAN_POINT('',(0.,-9.36750677027476E-17,0.0497456132649348));
#8493=CARTESIAN_POINT('',(0.0436881205506988,0.00700474705360905,0.0497456132649348));
#8494=CARTESIAN_POINT('',(0.0436881205506988,0.00700474705360905,0.0497456132649348));
#8495=CARTESIAN_POINT('',(0.0434269173779136,0.00863385308892051,0.0497456132649348));
#8496=CARTESIAN_POINT('',(0.0436664139177257,0.0102725599462267,0.050257394036146));
#8497=CARTESIAN_POINT('',(0.0441939772809039,0.0116001136810343,0.0510366040665706));
#8498=CARTESIAN_POINT('',(0.00895898489381267,-0.0123309848336182,0.100721407927329));
#8499=CARTESIAN_POINT('',(0.0512366471805035,0.0183855348023111,0.0608086518744876));
#8500=CARTESIAN_POINT('',(0.0512366471805035,0.0183855348023111,0.0608086518744876));
#8501=CARTESIAN_POINT('',(0.0515520442558265,0.0186146841907417,0.0613190882547524));
#8502=CARTESIAN_POINT('',(0.0518546458057921,0.0188530030082608,0.0618328169651519));
#8503=CARTESIAN_POINT('',(0.0521449148583236,0.0190995525626312,0.06235));
#8504=CARTESIAN_POINT('',(-6.93889390390723E-18,-0.0475327385753172,-1.17961196366423E-16));
#8505=CARTESIAN_POINT('',(-0.000463211960917799,-0.0507495591608119,0.0562184003923037));
#8506=CARTESIAN_POINT('',(-7.07488008745634E-5,-0.0508060726110091,0.0562787612353792));
#8507=CARTESIAN_POINT('',(0.000746882105774281,-0.0507689229702415,0.0562388451553744));
#8508=CARTESIAN_POINT('',(0.00177788815227116,-0.050319274572595,0.0557598175764709));
#8509=CARTESIAN_POINT('',(0.00251094218488866,-0.049664828822011,0.0550724830759365));
#8510=CARTESIAN_POINT('',(0.003148818608892,-0.0486475247909997,0.0540217007776829));
#8511=CARTESIAN_POINT('',(0.00337956756611354,-0.0472452588492264,0.0526108649684957));
#8512=CARTESIAN_POINT('',(0.00299488570508752,-0.0461228530605544,0.0515218835505948));
#8513=CARTESIAN_POINT('',(0.00262432632270596,-0.0456156023381258,0.0510366040665716));
#8514=CARTESIAN_POINT('',(-0.00046321196091777,-0.050749559160812,0.0562184003923035));
#8515=CARTESIAN_POINT('',(0.00262432632270612,-0.0456156023381258,0.0510366040665714));
#8516=CARTESIAN_POINT('',(-0.000463211960917772,-0.050749559160812,0.0562184003923035));
#8517=CARTESIAN_POINT('',(-0.000995862180171695,-0.0506728592187461,0.0561364787762848));
#8518=CARTESIAN_POINT('',(-0.00187573807930062,-0.0502795413806038,0.0555550545763722));
#8519=CARTESIAN_POINT('',(-0.00238275316576084,-0.0497692374862772,0.0547587029244604));
#8520=CARTESIAN_POINT('',(-0.00258940955919555,-0.0494967798515501,0.0543442041988723));
#8521=CARTESIAN_POINT('',(-0.00258940955919555,-0.0494967798515502,0.0543442041988723));
#8522=CARTESIAN_POINT('',(-0.00258940955919555,-0.0494967798515502,0.0543442041988723));
#8523=CARTESIAN_POINT('',(-0.00281573465833538,-0.0491983908195628,0.0538902551891037));
#8524=CARTESIAN_POINT('',(-0.00312962462413141,-0.0485827675180869,0.0529592250936524));
#8525=CARTESIAN_POINT('',(-0.003298396808467,-0.0475960703647682,0.0515027882653386));
#8526=CARTESIAN_POINT('',(-0.00319410974882408,-0.0467666031317461,0.0503240884994694));
#8527=CARTESIAN_POINT('',(-0.00292112793948567,-0.0460689609892651,0.0494104072028047));
#8528=CARTESIAN_POINT('',(-0.00259886151280848,-0.045543837577635,0.0487936061743499));
#8529=CARTESIAN_POINT('',(-0.0020852022231574,-0.0449923839736679,0.0482868388208806));
#8530=CARTESIAN_POINT('',(-0.00131444101559851,-0.0445144471901782,0.0481458512946852));
#8531=CARTESIAN_POINT('',(-0.000481612055113734,-0.0442849605062839,0.048429798806376));
#8532=CARTESIAN_POINT('',(0.000535066624032438,-0.044262488770593,0.0490346522239149));
#8533=CARTESIAN_POINT('',(0.00165184329938046,-0.0446231823081392,0.0499464971687155));
#8534=CARTESIAN_POINT('',(0.00235157179943827,-0.0452422345715776,0.0506794084844067));
#8535=CARTESIAN_POINT('',(0.00262432632270615,-0.045615602338126,0.0510366040665712));
#8536=CARTESIAN_POINT('',(0.027939042735645,-0.0384547932966132,-9.71445146547012E-17));
#8537=CARTESIAN_POINT('',(0.0246890537349338,-0.0384463378098786,0.0510366040665683));
#8538=CARTESIAN_POINT('',(0.0246874134559487,-0.0390768028353406,0.0515236458284326));
#8539=CARTESIAN_POINT('',(0.0250346882248215,-0.0402083449492907,0.0526098154934417));
#8540=CARTESIAN_POINT('',(0.0260523999194033,-0.0412090764620816,0.0540264125004556));
#8541=CARTESIAN_POINT('',(0.027151090192734,-0.0416528041678802,0.055064181118129));
#8542=CARTESIAN_POINT('',(0.0281347173369967,-0.0417549187489104,0.0557580229177002));
#8543=CARTESIAN_POINT('',(0.0292352074349116,-0.0415135042084777,0.0562390976666844));
#8544=CARTESIAN_POINT('',(0.0299226715007561,-0.041059082618398,0.0562782571212626));
#8545=CARTESIAN_POINT('',(0.0302045887834499,-0.0407849866588207,0.0562184003923037));
#8546=CARTESIAN_POINT('',(0.0246890537349338,-0.0384463378098787,0.0510366040665681));
#8547=CARTESIAN_POINT('',(0.0302045887834499,-0.0407849866588208,0.0562184003923035));
#8548=CARTESIAN_POINT('',(0.0246890537349338,-0.0384463378098787,0.0510366040665682));
#8549=CARTESIAN_POINT('',(0.0246902684960414,-0.037979426754091,0.0506759096996153));
#8550=CARTESIAN_POINT('',(0.0248936222345289,-0.037073079634599,0.0499471852982427));
#8551=CARTESIAN_POINT('',(0.0255801438655869,-0.036127316090336,0.0490384000112607));
#8552=CARTESIAN_POINT('',(0.0264158431007276,-0.0355463311449941,0.048432078767816));
#8553=CARTESIAN_POINT('',(0.0272216461959641,-0.03524185701055,0.0481466653671875));
#8554=CARTESIAN_POINT('',(0.0281270394280015,-0.0351737362275929,0.0482846820702907));
#8555=CARTESIAN_POINT('',(0.0288639652924929,-0.0353155789547531,0.0487860223303761));
#8556=CARTESIAN_POINT('',(0.0294383848655501,-0.0355515786844231,0.0494056624910702));
#8557=CARTESIAN_POINT('',(0.0300688898231596,-0.0359542040932786,0.0503172564323086));
#8558=CARTESIAN_POINT('',(0.0306449090295089,-0.0365673646875899,0.0515029558595265));
#8559=CARTESIAN_POINT('',(0.0310871576654391,-0.0374612317098925,0.0529541311364271));
#8560=CARTESIAN_POINT('',(0.031196044920484,-0.0381482982762498,0.0538914812715242));
#8561=CARTESIAN_POINT('',(0.0311883535714947,-0.0385217193156992,0.0543442041988726));
#8562=CARTESIAN_POINT('',(0.0311883535714946,-0.0385217193156994,0.0543442041988724));
#8563=CARTESIAN_POINT('',(0.0311883535714946,-0.0385217193156994,0.0543442041988724));
#8564=CARTESIAN_POINT('',(0.0311813034882167,-0.0388640064007699,0.0547591813822018));
#8565=CARTESIAN_POINT('',(0.0310724003782097,-0.0395722344231697,0.0555535570499013));
#8566=CARTESIAN_POINT('',(0.0305886975599498,-0.0404115343373781,0.0561368463467126));
#8567=CARTESIAN_POINT('',(0.0302045887834498,-0.0407849866588207,0.0562184003923036));
#8568=CARTESIAN_POINT('',(0.,-9.36750677027476E-17,0.100721407927329));
#8569=CARTESIAN_POINT('',(-0.00205108906155552,-0.0554948473944753,0.06235));
#8570=CARTESIAN_POINT('',(-0.00190630457145525,-0.0551425971183304,0.0618328169651518));
#8571=CARTESIAN_POINT('',(-0.00177315892856152,-0.0547811613777017,0.0613190882547523));
#8572=CARTESIAN_POINT('',(-0.00165268796574046,-0.0544103898787197,0.0608086518744875));
#8573=CARTESIAN_POINT('',(-0.00165268796574046,-0.0544103898787197,0.0608086518744875));
#8574=CARTESIAN_POINT('',(0.0144959420628858,-0.00471001709168275,0.100721407927329));
#8575=CARTESIAN_POINT('',(0.0026243263227061,-0.0456156023381257,0.0510366040665715));
#8576=CARTESIAN_POINT('',(0.00372387890809536,-0.0447036230988145,0.0502573940361464));
#8577=CARTESIAN_POINT('',(0.00520837324213848,-0.0439694600862892,0.0497456132649347));
#8578=CARTESIAN_POINT('',(0.00683846137213316,-0.0437144576152934,0.0497456132649347));
#8579=CARTESIAN_POINT('',(0.00683846137213317,-0.0437144576152934,0.0497456132649347));
#8580=CARTESIAN_POINT('',(0.,-9.36750677027476E-17,0.0497456132649348));
#8581=CARTESIAN_POINT('',(0.0201622820328015,-0.0393852858535674,0.0497456132649347));
#8582=CARTESIAN_POINT('',(0.0201622820328015,-0.0393852858535674,0.0497456132649347));
#8583=CARTESIAN_POINT('',(0.0216309377240449,-0.038633445423463,0.0497456132649347));
#8584=CARTESIAN_POINT('',(0.0232634490598795,-0.038354831900575,0.0502573940361459));
#8585=CARTESIAN_POINT('',(0.0246890537349319,-0.0384463378098827,0.0510366040665706));
#8586=CARTESIAN_POINT('',(-0.00895898489381266,-0.0123309848336182,0.100721407927329));
#8587=CARTESIAN_POINT('',(0.0333186773928782,-0.0430475044695474,0.0608086518744875));
#8588=CARTESIAN_POINT('',(0.0333186773928782,-0.0430475044695474,0.0608086518744875));
#8589=CARTESIAN_POINT('',(0.0336340744682011,-0.043276653857978,0.0613190882547523));
#8590=CARTESIAN_POINT('',(0.033954238154022,-0.0434908004692211,0.0618328169651518));
#8591=CARTESIAN_POINT('',(0.034278418784469,-0.0436906747408541,0.06235));
#8592=CARTESIAN_POINT('',(-0.0452063207594095,-0.0146884240089546,-4.85722573273506E-17));
#8593=CARTESIAN_POINT('',(-0.048408839306918,-0.015241935483871,0.0562184003923036));
#8594=CARTESIAN_POINT('',(-0.0485004912970238,-0.0147116534363776,0.0561364787762849));
#8595=CARTESIAN_POINT('',(-0.0483983204098553,-0.0137532998328031,0.0555550545763722));
#8596=CARTESIAN_POINT('',(-0.0480696688439858,-0.0131134072553226,0.0547587029244604));
#8597=CARTESIAN_POINT('',(-0.0478744065726319,-0.0128326713063346,0.0543442041988724));
#8598=CARTESIAN_POINT('',(-0.048408839306918,-0.0152419354838711,0.0562184003923037));
#8599=CARTESIAN_POINT('',(-0.0478744065726319,-0.0128326713063346,0.0543442041988724));
#8600=CARTESIAN_POINT('',(-0.0478744065726318,-0.0128326713063346,0.0543442041988724));
#8601=CARTESIAN_POINT('',(-0.047660560041257,-0.0125252160641773,0.0538902551891038));
#8602=CARTESIAN_POINT('',(-0.0471720648226001,-0.012036450904518,0.0529592250936524));
#8603=CARTESIAN_POINT('',(-0.0462858135384638,-0.0115710328301595,0.0515027882653387));
#8604=CARTESIAN_POINT('',(-0.0454647168477218,-0.0114138962465172,0.0503240884994695));
#8605=CARTESIAN_POINT('',(-0.0447168637238323,-0.0114579340970997,0.0494104072028048));
#8606=CARTESIAN_POINT('',(-0.0441178558787827,-0.0116021556238364,0.04879360617435));
#8607=CARTESIAN_POINT('',(-0.0434346628854746,-0.0119202661031794,0.0482868388208808));
#8608=CARTESIAN_POINT('',(-0.042741939681419,-0.0125056129838006,0.0481458512946854));
#8609=CARTESIAN_POINT('',(-0.0422663265731009,-0.0132267651083228,0.0484297988063761));
#8610=CARTESIAN_POINT('',(-0.0419307836927648,-0.0141867398428815,0.049034652223915));
#8611=CARTESIAN_POINT('',(-0.0419287206604294,-0.0153603180100806,0.0499464971687155));
#8612=CARTESIAN_POINT('',(-0.0423012463515334,-0.0162170970295068,0.0506794084844067));
#8613=CARTESIAN_POINT('',(-0.0425720544159014,-0.016591878981225,0.0510366040665712));
#8614=CARTESIAN_POINT('',(-0.0425720544159013,-0.0165918789812248,0.0510366040665714));
#8615=CARTESIAN_POINT('',(-0.048408839306918,-0.0152419354838711,0.0562184003923038));
#8616=CARTESIAN_POINT('',(-0.0483418187917421,-0.0156297042161213,0.0562783055717034));
#8617=CARTESIAN_POINT('',(-0.048051339987577,-0.0164031990077204,0.0562383009545047));
#8618=CARTESIAN_POINT('',(-0.0473060560688417,-0.0172414343290449,0.055759108704196));
#8619=CARTESIAN_POINT('',(-0.0464493997349047,-0.0177390523045585,0.0550650315014308));
#8620=CARTESIAN_POINT('',(-0.045293031102155,-0.018026368678552,0.0540208979699633));
#8621=CARTESIAN_POINT('',(-0.0438834771268316,-0.0178125805994932,0.0526056871331701));
#8622=CARTESIAN_POINT('',(-0.0429385324319041,-0.0170990623489724,0.0515199882249507));
#8623=CARTESIAN_POINT('',(-0.0425720544159013,-0.0165918789812248,0.0510366040665716));
#8624=CARTESIAN_POINT('',(-0.027939042735645,-0.0384547932966132,-1.04083408558608E-16));
#8625=CARTESIAN_POINT('',(-0.0289353029226389,-0.0353612571905025,0.0510366040665682));
#8626=CARTESIAN_POINT('',(-0.0295323829836275,-0.0355535442926429,0.0515211829364869));
#8627=CARTESIAN_POINT('',(-0.0305051875596348,-0.0362362407845803,0.0526118088643718));
#8628=CARTESIAN_POINT('',(-0.0311414018276737,-0.0375063658684066,0.0540219428942988));
#8629=CARTESIAN_POINT('',(-0.0312240308496757,-0.0387025723125123,0.0550716789354544));
#8630=CARTESIAN_POINT('',(-0.0310140656995484,-0.0396669114879096,0.0557614439363628));
#8631=CARTESIAN_POINT('',(-0.0304462382194422,-0.0406331252779719,0.0562386538864384));
#8632=CARTESIAN_POINT('',(-0.0298039377169721,-0.0411455556261156,0.0562784367355999));
#8633=CARTESIAN_POINT('',(-0.0294550960866894,-0.0413295249774466,0.0562184003923036));
#8634=CARTESIAN_POINT('',(-0.028935302922639,-0.0353612571905026,0.0510366040665681));
#8635=CARTESIAN_POINT('',(-0.0294550960866894,-0.0413295249774467,0.0562184003923035));
#8636=CARTESIAN_POINT('',(-0.028935302922639,-0.0353612571905026,0.0510366040665681));
#8637=CARTESIAN_POINT('',(-0.0284908687386755,-0.0352181290458698,0.0506759096996151));
#8638=CARTESIAN_POINT('',(-0.0275660416435949,-0.0351314532812454,0.0499471852982427));
#8639=CARTESIAN_POINT('',(-0.0264544202109464,-0.0354921171442033,0.0490384000112606));
#8640=CARTESIAN_POINT('',(-0.0256436254269649,-0.03610738012586,0.048432078767816));
#8641=CARTESIAN_POINT('',(-0.0251050464668106,-0.0367796567285447,0.0481466653671876));
#8642=CARTESIAN_POINT('',(-0.0247604778569924,-0.0376196863820795,0.0482846820702907));
#8643=CARTESIAN_POINT('',(-0.024667655691225,-0.0383643763407515,0.0487860223303761));
#8644=CARTESIAN_POINT('',(-0.0247145993619952,-0.0389836097459309,0.0494056624910702));
#8645=CARTESIAN_POINT('',(-0.0249026821337743,-0.0397076736881253,0.0503172564323086));
#8646=CARTESIAN_POINT('',(-0.0253078327886811,-0.0404449775517582,0.0515029558595264));
#8647=CARTESIAN_POINT('',(-0.0260212885007018,-0.0411418010993851,0.0529541311364271));
#8648=CARTESIAN_POINT('',(-0.0266410796234846,-0.0414576742781083,0.0538914812715242));
#8649=CARTESIAN_POINT('',(-0.0269986008939221,-0.0415657528177799,0.0543442041988725));
#8650=CARTESIAN_POINT('',(-0.0269986008939223,-0.0415657528177798,0.0543442041988723));
#8651=CARTESIAN_POINT('',(-0.0269986008939223,-0.0415657528177798,0.0543442041988723));
#8652=CARTESIAN_POINT('',(-0.027326313852167,-0.0416648203163799,0.0547591813822017));
#8653=CARTESIAN_POINT('',(-0.0280335316396256,-0.041780101798777,0.0555535570499012));
#8654=CARTESIAN_POINT('',(-0.0289812256832287,-0.0415794310183885,0.0561368463467125));
#8655=CARTESIAN_POINT('',(-0.0294550960866894,-0.0413295249774466,0.0562184003923035));
#8656=CARTESIAN_POINT('',(0.,-9.36750677027476E-17,0.100721407927329));
#8657=CARTESIAN_POINT('',(-0.0534125576123181,-0.015198149327643,0.06235));
#8658=CARTESIAN_POINT('',(-0.0530328068238608,-0.0152269962388093,0.0618328169651519));
#8659=CARTESIAN_POINT('',(-0.0526479167411329,-0.015241935483871,0.0613190882547523));
#8660=CARTESIAN_POINT('',(-0.0522580645161291,-0.015241935483871,0.0608086518744875));
#8661=CARTESIAN_POINT('',(-0.0522580645161291,-0.015241935483871,0.0608086518744875));
#8662=CARTESIAN_POINT('',(0.,-0.015241935483871,0.100721407927329));
#8663=CARTESIAN_POINT('',(-0.0425720544159012,-0.0165918789812249,0.0510366040665716));
#8664=CARTESIAN_POINT('',(-0.0413649301825342,-0.0173557985491043,0.0502573940361464));
#8665=CARTESIAN_POINT('',(-0.0402079656881765,-0.0185407677113874,0.0497456132649347));
#8666=CARTESIAN_POINT('',(-0.0394617189919673,-0.020012273552409,0.0497456132649347));
#8667=CARTESIAN_POINT('',(-0.0394617189919673,-0.020012273552409,0.0497456132649347));
#8668=CARTESIAN_POINT('',(0.,-9.36750677027476E-17,0.0497456132649348));
#8669=CARTESIAN_POINT('',(-0.0312271449636662,-0.0313461923677441,0.0497456132649347));
#8670=CARTESIAN_POINT('',(-0.0312271449636662,-0.0313461923677441,0.0497456132649347));
#8671=CARTESIAN_POINT('',(-0.0300582626559216,-0.0325106354631347,0.0497456132649347));
#8672=CARTESIAN_POINT('',(-0.0292888117031685,-0.0339771496935708,0.0502573940361459));
#8673=CARTESIAN_POINT('',(-0.0289353029226435,-0.035361257190502,0.0510366040665706));
#8674=CARTESIAN_POINT('',(-0.0144959420628858,0.00471001709168258,0.100721407927329));
#8675=CARTESIAN_POINT('',(-0.0306445720915121,-0.0449903556953544,0.0608086518744875));
#8676=CARTESIAN_POINT('',(-0.0306445720915121,-0.0449903556953545,0.0608086518744875));
#8677=CARTESIAN_POINT('',(-0.0307650430543332,-0.0453611271943365,0.0613190882547523));
#8678=CARTESIAN_POINT('',(-0.0308697725644981,-0.0457317958961795,0.0618328169651519));
#8679=CARTESIAN_POINT('',(-0.030959686968919,-0.0461018745438956,0.06235));
#8680=CARTESIAN_POINT('',(0.,-9.60631289610849E-17,0.062352));
#8681=CARTESIAN_POINT('',(0.0512366471805035,0.0183855348023111,0.0608086518744876));
#8682=CARTESIAN_POINT('',(0.0478398280375854,0.0254871597705207,0.0597194148671976));
#8683=CARTESIAN_POINT('',(0.0529494090546904,0.0291994876797363,0.0548956509777704));
#8684=CARTESIAN_POINT('',(0.0525626007194357,0.0193488964395186,0.0629545656381653));
#8685=CARTESIAN_POINT('',(0.0491925458799743,0.0256580751090184,0.0615346514956048));
#8686=CARTESIAN_POINT('',(0.0536018623834119,0.0296735227705911,0.0573594778919874));
#8687=CARTESIAN_POINT('',(0.0536463089602108,0.0204564816175595,0.0651271103735758));
#8688=CARTESIAN_POINT('',(0.0504594127977485,0.0261015424784967,0.0635821562549503));
#8689=CARTESIAN_POINT('',(0.0541351156445534,0.0302185250016041,0.0598538811063611));
#8690=CARTESIAN_POINT('',(0.0545283685377424,0.021648069181473,0.0673407529708082));
#8691=CARTESIAN_POINT('',(0.0515569255218399,0.0267356091483001,0.0657861842314517));
#8692=CARTESIAN_POINT('',(0.0545691449606333,0.0308048617393239,0.0623954707550274));
#8693=CARTESIAN_POINT('',(0.0588272615776151,0.0211093177359868,0.0548956509777704));
#8694=CARTESIAN_POINT('',(0.0102862419151182,-0.0141577974015616,0.100721407927329));
#8695=CARTESIAN_POINT('',(0.0541564715131666,0.0177157901147801,0.0481906800259125));
#8696=CARTESIAN_POINT('',(0.0482786189902419,0.0258059600585295,0.0481906800259125));
#8697=CARTESIAN_POINT('',(0.0436607000851841,0.0224508455831252,0.0537202303313248));
#8698=CARTESIAN_POINT('',(0.0471685397050161,0.0154298817128729,0.0549688384648049));
#8699=CARTESIAN_POINT('',(0.0470638298397345,0.0249233640781264,0.0474156614568343));
#8700=CARTESIAN_POINT('',(0.0430838919685507,0.0215131649319843,0.0528093416409665));
#8701=CARTESIAN_POINT('',(0.046639518623114,0.0150455253995339,0.0542938222915122));
#8702=CARTESIAN_POINT('',(0.0447690924220931,0.022850960128235,0.0459485116406778));
#8703=CARTESIAN_POINT('',(0.042002394507526,0.0195176777186956,0.0511005221178073));
#8704=CARTESIAN_POINT('',(0.0456401974899149,0.014143026904183,0.0530159821293865));
#8705=CARTESIAN_POINT('',(0.0418409621907471,0.0185242040186105,0.0440023264290705));
#8706=CARTESIAN_POINT('',(0.0406507808508054,0.015820122792543,0.0488366353713413));
#8707=CARTESIAN_POINT('',(0.044365044002143,0.0122587944052806,0.0513209175900931));
#8708=CARTESIAN_POINT('',(0.0399825318838922,0.0129255193334299,0.0425678693103893));
#8709=CARTESIAN_POINT('',(0.0398859542671143,0.0114072363599877,0.0471859848854658));
#8710=CARTESIAN_POINT('',(0.0435557275774658,0.00982065752601445,0.0500715517126384));
#8711=CARTESIAN_POINT('',(0.0399468071449152,0.00857827828437993,0.0421936436867617));
#8712=CARTESIAN_POINT('',(0.0400273070659888,0.00807620588045334,0.0467553947943026));
#8713=CARTESIAN_POINT('',(0.04354017003173,0.00792750416627327,0.0497456132660705));
#8714=CARTESIAN_POINT('',(0.0402865453766246,0.00645935454466379,0.042193643685321));
#8715=CARTESIAN_POINT('',(0.0402865453766246,0.0064593545446639,0.046755394792681));
#8716=CARTESIAN_POINT('',(0.0436881205506989,0.00700474705360882,0.049745613264935));
#8717=CARTESIAN_POINT('',(0.0501604347063579,0.00804248735784744,0.0421936436853208));
#8718=CARTESIAN_POINT('',(0.,-2.4983462542779E-18,0.0421936436853208));
#8719=CARTESIAN_POINT('',(0.0501604347063579,-0.00804248735784743,0.0421936436853208));
#8720=CARTESIAN_POINT('',(0.0471685397050161,-0.015429881712873,0.0549688384648048));
#8721=CARTESIAN_POINT('',(0.0436607000851842,-0.0224508455831252,0.0537202303313247));
#8722=CARTESIAN_POINT('',(0.0482786189902419,-0.0258059600585295,0.0481906800259124));
#8723=CARTESIAN_POINT('',(0.0466395186231688,-0.0150455253995398,0.0542938222915705));
#8724=CARTESIAN_POINT('',(0.0430838919685762,-0.0215131649320017,0.052809341641047));
#8725=CARTESIAN_POINT('',(0.0470638298397804,-0.0249233640781598,0.0474156614569353));
#8726=CARTESIAN_POINT('',(0.0456401974898896,-0.0141430269041801,0.0530159821293594));
#8727=CARTESIAN_POINT('',(0.042002394507515,-0.0195176777186879,0.0511005221177718));
#8728=CARTESIAN_POINT('',(0.0447690924220719,-0.022850960128219,0.0459485116406307));
#8729=CARTESIAN_POINT('',(0.0443650440021494,-0.0122587944052821,0.0513209175901001));
#8730=CARTESIAN_POINT('',(0.0406507808508077,-0.0158201227925457,0.0488366353713493));
#8731=CARTESIAN_POINT('',(0.0418409621907526,-0.0185242040186165,0.0440023264290836));
#8732=CARTESIAN_POINT('',(0.0435557275774658,-0.00982065752601155,0.0500715517126376));
#8733=CARTESIAN_POINT('',(0.0398859542671154,-0.011407236359984,0.0471859848854671));
#8734=CARTESIAN_POINT('',(0.0399825318838917,-0.012925519333422,0.0425678693103839));
#8735=CARTESIAN_POINT('',(0.0435401700317259,-0.00792750416627917,0.0497456132660678));
#8736=CARTESIAN_POINT('',(0.0400273070659846,-0.00807620588046056,0.0467553947942944));
#8737=CARTESIAN_POINT('',(0.0399468071449129,-0.00857827828439451,0.0421936436867654));
#8738=CARTESIAN_POINT('',(0.0436881205506989,-0.00700474705360887,0.0497456132649349));
#8739=CARTESIAN_POINT('',(0.0402865453766246,-0.00645935454466396,0.046755394792681));
#8740=CARTESIAN_POINT('',(0.0402865453766246,-0.00645935454466385,0.042193643685321));
#8741=CARTESIAN_POINT('',(0.0541564715131666,-0.0177157901147801,0.0481906800259124));
#8742=CARTESIAN_POINT('',(0.0102862419151183,0.0141577974015615,0.100721407927329));
#8743=CARTESIAN_POINT('',(0.0588272615776151,-0.0211093177359868,0.0548956509777703));
#8744=CARTESIAN_POINT('',(0.0529494090546904,-0.0291994876797363,0.0548956509777703));
#8745=CARTESIAN_POINT('',(0.0478398280375854,-0.0254871597705207,0.0597194148671975));
#8746=CARTESIAN_POINT('',(0.0512366471805035,-0.0183855348023111,0.0608086518744875));
#8747=CARTESIAN_POINT('',(0.0536018623833921,-0.0296735227705768,0.0573594778920841));
#8748=CARTESIAN_POINT('',(0.0491925458800076,-0.0256580751088706,0.0615346514956432));
#8749=CARTESIAN_POINT('',(0.0525626007195134,-0.019348896439306,0.0629545656381669));
#8750=CARTESIAN_POINT('',(0.0541351156445734,-0.030218525001631,0.0598538811063717));
#8751=CARTESIAN_POINT('',(0.0504594127978196,-0.0261015424784234,0.063582156255026));
#8752=CARTESIAN_POINT('',(0.0536463089602451,-0.0204564816175138,0.065127110373602));
#8753=CARTESIAN_POINT('',(0.0545691449606334,-0.0308048617393239,0.0623954707550273));
#8754=CARTESIAN_POINT('',(0.0515569255218399,-0.0267356091483001,0.0657861842314517));
#8755=CARTESIAN_POINT('',(0.0545283685377425,-0.021648069181473,0.0673407529708082));
#8756=CARTESIAN_POINT('',(-0.0306445720915121,-0.0449903556953544,0.0608086518744875));
#8757=CARTESIAN_POINT('',(-0.0237222572544476,-0.0487390907854014,0.0597194148671975));
#8758=CARTESIAN_POINT('',(-0.0256739435347105,-0.0547457635198971,0.0548956509777702));
#8759=CARTESIAN_POINT('',(-0.0311510412755489,-0.0465491075668248,0.0629545656381776));
#8760=CARTESIAN_POINT('',(-0.0247161674623296,-0.049672471796979,0.0615346514956576));
#8761=CARTESIAN_POINT('',(-0.0259231585301952,-0.0555127684087177,0.0573594778921271));
#8762=CARTESIAN_POINT('',(-0.0313767574257228,-0.0480821505204224,0.0651271103735328));
#8763=CARTESIAN_POINT('',(-0.0254804207486771,-0.0507758901263215,0.0635821562549238));
#8764=CARTESIAN_POINT('',(-0.0260342252069225,-0.0562671228782403,0.0598538811063292));
#8765=CARTESIAN_POINT('',(-0.0313899610170969,-0.0495646267212702,0.0673407529708082));
#8766=CARTESIAN_POINT('',(-0.0259956321564654,-0.0519339626312201,0.0657861842314517));
#8767=CARTESIAN_POINT('',(-0.0260407222123792,-0.0569965952945541,0.0623954707550273));
#8768=CARTESIAN_POINT('',(-0.035184508697662,-0.0516555935761476,0.0548956509777702));
#8769=CARTESIAN_POINT('',(-0.0166434890351653,0.00540779740156149,0.100721407927329));
#8770=CARTESIAN_POINT('',(-0.033400425647358,-0.0461647505432735,0.0481906800259124));
#8771=CARTESIAN_POINT('',(-0.0238898604844065,-0.049254920487023,0.0481906800259124));
#8772=CARTESIAN_POINT('',(-0.0221259724199651,-0.0438262312296719,0.0537202303313247));
#8773=CARTESIAN_POINT('',(-0.0290906933057634,-0.0402080085376898,0.0549688384648049));
#8774=CARTESIAN_POINT('',(-0.0234258523180933,-0.047826850192446,0.0474156614568117));
#8775=CARTESIAN_POINT('',(-0.0222104797092804,-0.0427285923432891,0.0528093416409383));
#8776=CARTESIAN_POINT('',(-0.0288886252327523,-0.0395861069581913,0.0542938222915115));
#8777=CARTESIAN_POINT('',(-0.0227874992281091,-0.0448014273657282,0.0459485116406882));
#8778=CARTESIAN_POINT('',(-0.0225084478389545,-0.0404785210176307,0.0511005221178199));
#8779=CARTESIAN_POINT('',(-0.0286106327589046,-0.0382685841136819,0.0530159821293865));
#8780=CARTESIAN_POINT('',(-0.0229617955407186,-0.0395798963757801,0.0440023264290676));
#8781=CARTESIAN_POINT('',(-0.0235883376760065,-0.03669267767055,0.0488366353713377));
#8782=CARTESIAN_POINT('',(-0.0286865359916191,-0.0359946915861866,0.0513209175900938));
#8783=CARTESIAN_POINT('',(-0.0247491181297997,-0.033958107392526,0.0425678693103901));
#8784=CARTESIAN_POINT('',(-0.0255634095371449,-0.0326730237658943,0.0471859848854681));
#8785=CARTESIAN_POINT('',(-0.0294648861509303,-0.0335464931573783,0.0500715517126353));
#8786=CARTESIAN_POINT('',(-0.0272754603856257,-0.0304201170305037,0.0421936436867617));
#8787=CARTESIAN_POINT('',(-0.0276356969444312,-0.0300612485897447,0.0467553947942995));
#8788=CARTESIAN_POINT('',(-0.0305650674572172,-0.0320057554204668,0.0497456132660773));
#8789=CARTESIAN_POINT('',(-0.028795786513665,-0.0289055648375176,0.042193643685321));
#8790=CARTESIAN_POINT('',(-0.028795786513665,-0.0289055648375176,0.046755394792681));
#8791=CARTESIAN_POINT('',(-0.0312271449636663,-0.0313461923677439,0.0497456132649349));
#8792=CARTESIAN_POINT('',(-0.0358533886619871,-0.035990072718521,0.0421936436853207));
#8793=CARTESIAN_POINT('',(0.,-2.4983462542779E-18,0.0421936436853208));
#8794=CARTESIAN_POINT('',(-0.0453078995833699,-0.0229770548194325,0.0421936436853208));
#8795=CARTESIAN_POINT('',(-0.0472296071366515,-0.015241935483871,0.0549688384648048));
#8796=CARTESIAN_POINT('',(-0.0485185242904783,-0.0075,0.0537202303313247));
#8797=CARTESIAN_POINT('',(-0.054226585971711,-0.0075,0.0481906800259124));
#8798=CARTESIAN_POINT('',(-0.0465757011184381,-0.0152419354831933,0.0542938222915572));
#8799=CARTESIAN_POINT('',(-0.0475007218635686,-0.00791956027770926,0.0528093416409962));
#8800=CARTESIAN_POINT('',(-0.0527250240033786,-0.0075,0.0474156614569091));
#8801=CARTESIAN_POINT('',(-0.0452367580330087,-0.0153846858788883,0.0530159821293657));
#8802=CARTESIAN_POINT('',(-0.045452854083058,-0.00889825508733657,0.051100522117794));
#8803=CARTESIAN_POINT('',(-0.0496504139563044,-0.00782779720269927,0.0459485116406429));
#8804=CARTESIAN_POINT('',(-0.0430976131162394,-0.0161595455773489,0.0513209175900982));
#8805=CARTESIAN_POINT('',(-0.0421860074098311,-0.0110951812860101,0.0488366353713452));
#8806=CARTESIAN_POINT('',(-0.0447383034059144,-0.00960710465912126,0.0440023264290803));
#8807=CARTESIAN_POINT('',(-0.041009761474142,-0.0176563354884224,0.0500715517126388));
#8808=CARTESIAN_POINT('',(-0.0389734201407691,-0.0142157276177435,0.0471859848854625));
#8809=CARTESIAN_POINT('',(-0.0399439774146132,-0.0130441777888073,0.0425678693103849));
#8810=CARTESIAN_POINT('',(-0.0398844075300641,-0.0191787842334593,0.0497456132660662));
#8811=CARTESIAN_POINT('',(-0.0371298463664627,-0.0169936729750051,0.0467553947943077));
#8812=CARTESIAN_POINT('',(-0.0373598313168838,-0.0165401712013932,0.0421936436867654));
#8813=CARTESIAN_POINT('',(-0.0394617189919672,-0.0200122735524091,0.0497456132649349));
#8814=CARTESIAN_POINT('',(-0.0363892131950286,-0.0184541096388653,0.046755394792681));
#8815=CARTESIAN_POINT('',(-0.0363892131950286,-0.0184541096388654,0.042193643685321));
#8816=CARTESIAN_POINT('',(-0.054226585971711,-0.0175,0.0481906800259124));
#8817=CARTESIAN_POINT('',(0.,-0.0175,0.100721407927329));
#8818=CARTESIAN_POINT('',(-0.06,-0.0175,0.0548956509777703));
#8819=CARTESIAN_POINT('',(-0.06,-0.0075,0.0548956509777703));
#8820=CARTESIAN_POINT('',(-0.0536842105263158,-0.0075,0.0597194148671975));
#8821=CARTESIAN_POINT('',(-0.052258064516129,-0.015241935483871,0.0608086518744875));
#8822=CARTESIAN_POINT('',(-0.0608064766664025,-0.0075,0.0573594778921164));
#8823=CARTESIAN_POINT('',(-0.0548790437646107,-0.0081568341848748,0.0615346514957374));
#8824=CARTESIAN_POINT('',(-0.0538970332258052,-0.0152419354832022,0.0629545656381621));
#8825=CARTESIAN_POINT('',(-0.0615582318909029,-0.00737252233576416,0.0598538811062762));
#8826=CARTESIAN_POINT('',(-0.0561646242105241,-0.0085427072373852,0.0635821562549503));
#8827=CARTESIAN_POINT('',(-0.0554247938428645,-0.0149828679730304,0.0651271103735345));
#8828=CARTESIAN_POINT('',(-0.0622540090709457,-0.00715328198158682,0.0623954707550274));
#8829=CARTESIAN_POINT('',(-0.0574252256933185,-0.00867483831933781,0.0657861842314517));
#8830=CARTESIAN_POINT('',(-0.0568387926280509,-0.0145373149948377,0.0673407529708082));
#8831=CARTESIAN_POINT('',(0.0333186773928781,-0.0430475044695474,0.0608086518744875));
#8832=CARTESIAN_POINT('',(0.0390230492531984,-0.0376224146861449,0.0597194148671975));
#8833=CARTESIAN_POINT('',(0.0441326302703033,-0.0413347425953605,0.0548956509777702));
#8834=CARTESIAN_POINT('',(0.0346446309327681,-0.0440108661053807,0.062954565638109));
#8835=CARTESIAN_POINT('',(0.0396036122015541,-0.0388561100603133,0.0615346514957588));
#8836=CARTESIAN_POINT('',(0.0447850835989702,-0.0418087776861757,0.0573594778921486));
#8837=CARTESIAN_POINT('',(0.036032891297008,-0.0446992712468712,0.0651271103735656));
#8838=CARTESIAN_POINT('',(0.0404168581401075,-0.0399239331445095,0.0635821562549519));
#8839=CARTESIAN_POINT('',(0.0454681958422177,-0.0421475167237024,0.0598538811063504));
#8840=CARTESIAN_POINT('',(0.0374387298139508,-0.0451699389482839,0.0673407529708082));
#8841=CARTESIAN_POINT('',(0.0413590414615832,-0.0407717923958987,0.0657861842314516));
#8842=CARTESIAN_POINT('',(0.046159957652101,-0.0423791151166436,0.0623954707550273));
#8843=CARTESIAN_POINT('',(0.0382547777473786,-0.04942491253911,0.0548956509777702));
#8844=CARTESIAN_POINT('',(-0.0102862419151182,-0.0141577974015616,0.100721407927329));
#8845=CARTESIAN_POINT('',(0.03358398768293,-0.0460313849179032,0.0481906800259124));
#8846=CARTESIAN_POINT('',(0.0394618402058548,-0.0379412149741537,0.0481906800259124));
#8847=CARTESIAN_POINT('',(0.0348439213007971,-0.0345861004987493,0.0537202303313247));
#8848=CARTESIAN_POINT('',(0.0292505699173907,-0.0400918513801093,0.0549688384648048));
#8849=CARTESIAN_POINT('',(0.0382470510553514,-0.0370586189937535,0.0474156614568754));
#8850=CARTESIAN_POINT('',(0.0337738904967629,-0.0343272826373295,0.0528093416409895));
#8851=CARTESIAN_POINT('',(0.0287215488362826,-0.039707495065692,0.054293822291546));
#8852=CARTESIAN_POINT('',(0.0355669649147256,-0.0355166020592416,0.0459485116406581));
#8853=CARTESIAN_POINT('',(0.031541868284592,-0.0339153568905461,0.0511005221177945));
#8854=CARTESIAN_POINT('',(0.0275544145483903,-0.0390359715624558,0.0530159821293703));
#8855=CARTESIAN_POINT('',(0.0305471333190233,-0.0340688258905492,0.0440023264290774));
#8856=CARTESIAN_POINT('',(0.0276076129879496,-0.0337725032246588,0.048836635371351));
#8857=CARTESIAN_POINT('',(0.0253683588539164,-0.0384054883921882,0.0513209175900986));
#8858=CARTESIAN_POINT('',(0.0246481812188109,-0.0340314423510064,0.0425678693103808));
#8859=CARTESIAN_POINT('',(0.0231743641784692,-0.0344087668202939,0.0471859848854401));
#8860=CARTESIAN_POINT('',(0.0227994603582161,-0.0383892084630457,0.0500715517126324));
#8861=CARTESIAN_POINT('',(0.0205026697397659,-0.0353408374679984,0.0421936436867765));
#8862=CARTESIAN_POINT('',(0.0200500463520388,-0.0355725463477368,0.0467553947943557));
#8863=CARTESIAN_POINT('',(0.0209941569730853,-0.0389594289189251,0.0497456132660808));
#8864=CARTESIAN_POINT('',(0.0185924383967977,-0.0363187311724651,0.042193643685321));
#8865=CARTESIAN_POINT('',(0.0185924383967978,-0.036318731172465,0.046755394792681));
#8866=CARTESIAN_POINT('',(0.0201622820328013,-0.0393852858535674,0.0497456132649349));
#8867=CARTESIAN_POINT('',(0.0231492867784018,-0.0452201430170588,0.0421936436853207));
#8868=CARTESIAN_POINT('',(0.,-2.4983462542779E-18,0.0421936436853208));
#8869=CARTESIAN_POINT('',(0.00785156676059734,-0.0501906735582998,0.0421936436853208));
#8870=CARTESIAN_POINT('',(-9.88091799918005E-5,-0.0496280427210552,0.0549688384648049));
#8871=CARTESIAN_POINT('',(-0.00786012467553779,-0.0484614861452962,0.0537202303313247));
#8872=CARTESIAN_POINT('',(-0.00962401273997915,-0.0538901754026472,0.0481906800259124));
#8873=CARTESIAN_POINT('',(0.000103258891729773,-0.0490061411411427,0.0542938222915175));
#8874=CARTESIAN_POINT('',(-0.00714658089257995,-0.0476231497708429,0.0528093416409469));
#8875=CARTESIAN_POINT('',(-0.00916000457365412,-0.0524621051080338,0.0474156614568342));
#8876=CARTESIAN_POINT('',(0.000652778753637121,-0.0477768428930739,0.0530159821293842));
#8877=CARTESIAN_POINT('',(-0.00558296087005632,-0.0459779451021828,0.0511005221178164));
#8878=CARTESIAN_POINT('',(-0.00789814415238687,-0.0496392720940545,0.0459485116406778));
#8879=CARTESIAN_POINT('',(0.00205074625179326,-0.0459818399957393,0.0513209175900929));
#8880=CARTESIAN_POINT('',(-0.00248404875292488,-0.0435498768166415,0.0488366353713375));
#8881=CARTESIAN_POINT('',(-0.00468799656314136,-0.0455174135885903,0.04400232642907));
#8882=CARTESIAN_POINT('',(0.00411945968938443,-0.0444587086060034,0.0500715517126415));
#8883=CARTESIAN_POINT('',(0.00147651123231562,-0.0414588266084768,0.0471859848854716));
#8884=CARTESIAN_POINT('',(6.23824417075189E-5,-0.0420198526213051,0.0425678693103909));
#8885=CARTESIAN_POINT('',(0.00591514798248382,-0.0438588959396249,0.0497456132660634));
#8886=CARTESIAN_POINT('',(0.00468818989290599,-0.0405639160819869,0.0467553947942913));
#8887=CARTESIAN_POINT('',(0.00418581481783659,-0.0406425050127097,0.042193643686758));
#8888=CARTESIAN_POINT('',(0.00683846137213347,-0.0437144576152934,0.0497456132649349));
#8889=CARTESIAN_POINT('',(0.00630601593527129,-0.0403108318264535,0.046755394792681));
#8890=CARTESIAN_POINT('',(0.00630601593527146,-0.0403108318264534,0.042193643685321));
#8891=CARTESIAN_POINT('',(-0.000113447577027619,-0.0569803453463967,0.0481906800259124));
#8892=CARTESIAN_POINT('',(0.0166434890351651,-0.00540779740156166,0.100721407927329));
#8893=CARTESIAN_POINT('',(-0.00189753062733165,-0.0624711883792708,0.0548956509777702));
#8894=CARTESIAN_POINT('',(-0.0114080957902832,-0.0593810184355213,0.0548956509777702));
#8895=CARTESIAN_POINT('',(-0.00945640951002035,-0.0533743457010256,0.0597194148671974));
#8896=CARTESIAN_POINT('',(-0.00165268796574047,-0.0544103898787198,0.0608086518744875));
#8897=CARTESIAN_POINT('',(-0.0116573107857625,-0.0601480233243252,0.0573594778921055));
#8898=CARTESIAN_POINT('',(-0.00920094685456535,-0.0547136725637784,0.0615346514957099));
#8899=CARTESIAN_POINT('',(-0.00215915715099923,-0.0559691417498159,0.062954565638113));
#8900=CARTESIAN_POINT('',(-0.0120108543890031,-0.0608235922646118,0.0598538811063505));
#8901=CARTESIAN_POINT('',(-0.00923122597885745,-0.0560555735549966,0.063582156255039));
#8902=CARTESIAN_POINT('',(-0.00287764898865327,-0.0573420721767688,0.0651271103736322));
#8903=CARTESIAN_POINT('',(-0.0124343713294095,-0.0614175666902869,0.0623954707550274));
#8904=CARTESIAN_POINT('',(-0.00949510913363919,-0.0572953075594809,0.0657861842314517));
#8905=CARTESIAN_POINT('',(-0.0037383447065456,-0.0585491814932434,0.0673407529708082));
#8906=CARTESIAN_POINT('',(-0.052258064516129,0.015241935483871,0.0608086518744876));
#8907=CARTESIAN_POINT('',(-0.0536842105263158,0.0075,0.0597194148671976));
#8908=CARTESIAN_POINT('',(-0.06,0.0075,0.0548956509777704));
#8909=CARTESIAN_POINT('',(-0.0538970332258119,0.0152419354831884,0.0629545656381658));
#8910=CARTESIAN_POINT('',(-0.0548790437647037,0.00815683418484157,0.0615346514956445));
#8911=CARTESIAN_POINT('',(-0.0608064766663917,0.0075,0.0573594778920842));
#8912=CARTESIAN_POINT('',(-0.0554247938428506,0.0149828679730001,0.0651271103734977));
#8913=CARTESIAN_POINT('',(-0.0561646242106222,0.00854270723738256,0.063582156254834));
#8914=CARTESIAN_POINT('',(-0.0615582318909059,0.00737252233576321,0.0598538811062656));
#8915=CARTESIAN_POINT('',(-0.0568387926280508,0.0145373149948377,0.0673407529708082));
#8916=CARTESIAN_POINT('',(-0.0574252256933184,0.0086748383193378,0.0657861842314517));
#8917=CARTESIAN_POINT('',(-0.0622540090709456,0.00715328198158683,0.0623954707550273));
#8918=CARTESIAN_POINT('',(-0.06,0.0175,0.0548956509777704));
#8919=CARTESIAN_POINT('',(0.,0.0175,0.100721407927329));
#8920=CARTESIAN_POINT('',(-0.054226585971711,0.0175,0.0481906800259125));
#8921=CARTESIAN_POINT('',(-0.054226585971711,0.0075,0.0481906800259125));
#8922=CARTESIAN_POINT('',(-0.0485185242904783,0.00750000000000001,0.0537202303313247));
#8923=CARTESIAN_POINT('',(-0.0472296071366515,0.015241935483871,0.0549688384648049));
#8924=CARTESIAN_POINT('',(-0.0527250240033487,0.0075,0.0474156614568493));
#8925=CARTESIAN_POINT('',(-0.0475007218635272,0.00791956027772968,0.0528093416409888));
#8926=CARTESIAN_POINT('',(-0.0465757011184068,0.0152419354831928,0.0542938222915248));
#8927=CARTESIAN_POINT('',(-0.049650413956318,0.00782779720269981,0.0459485116406714));
#8928=CARTESIAN_POINT('',(-0.0454528540830763,0.00889825508732857,0.0511005221177977));
#8929=CARTESIAN_POINT('',(-0.045236758033023,0.0153846858788889,0.0530159821293808));
#8930=CARTESIAN_POINT('',(-0.0447383034059116,0.0096071046591194,0.0440023264290705));
#8931=CARTESIAN_POINT('',(-0.0421860074098252,0.0110951812860095,0.0488366353713417));
#8932=CARTESIAN_POINT('',(-0.0430976131162361,0.0161595455773472,0.0513209175900941));
#8933=CARTESIAN_POINT('',(-0.0399439774146106,0.0130441777888143,0.0425678693103957));
#8934=CARTESIAN_POINT('',(-0.0389734201407762,0.0142157276177522,0.0471859848854737));
#8935=CARTESIAN_POINT('',(-0.0410097614741407,0.0176563354884282,0.0500715517126405));
#8936=CARTESIAN_POINT('',(-0.0373598313168912,0.0165401712013785,0.0421936436867469));
#8937=CARTESIAN_POINT('',(-0.0371298463664495,0.016993672974986,0.0467553947942842));
#8938=CARTESIAN_POINT('',(-0.039884407530069,0.0191787842334468,0.0497456132660652));
#8939=CARTESIAN_POINT('',(-0.0363892131950285,0.0184541096388655,0.0421936436853211));
#8940=CARTESIAN_POINT('',(-0.0363892131950286,0.0184541096388654,0.0467553947926811));
#8941=CARTESIAN_POINT('',(-0.0394617189919672,0.0200122735524092,0.049745613264935));
#8942=CARTESIAN_POINT('',(-0.0453078995833699,0.0229770548194325,0.0421936436853208));
#8943=CARTESIAN_POINT('',(0.,-2.4983462542779E-18,0.0421936436853208));
#8944=CARTESIAN_POINT('',(-0.0358533886619871,0.0359900727185209,0.0421936436853208));
#8945=CARTESIAN_POINT('',(-0.0290906933057634,0.0402080085376898,0.0549688384648049));
#8946=CARTESIAN_POINT('',(-0.0221259724199651,0.0438262312296719,0.0537202303313247));
#8947=CARTESIAN_POINT('',(-0.0238898604844065,0.049254920487023,0.0481906800259125));
#8948=CARTESIAN_POINT('',(-0.0288886252327582,0.0395861069581996,0.0542938222915226));
#8949=CARTESIAN_POINT('',(-0.0222104797092377,0.042728592343196,0.0528093416409712));
#8950=CARTESIAN_POINT('',(-0.0234258523180627,0.047826850192352,0.047415661456868));
#8951=CARTESIAN_POINT('',(-0.0286106327589023,0.0382685841136788,0.0530159821293823));
#8952=CARTESIAN_POINT('',(-0.0225084478389735,0.0404785210176715,0.051100522117806));
#8953=CARTESIAN_POINT('',(-0.0227874992281236,0.0448014273657712,0.0459485116406631));
#8954=CARTESIAN_POINT('',(-0.028686535991618,0.0359946915861847,0.0513209175900924));
#8955=CARTESIAN_POINT('',(-0.023588337676002,0.0366926776705388,0.0488366353713371));
#8956=CARTESIAN_POINT('',(-0.0229617955407134,0.0395798963757697,0.0440023264290715));
#8957=CARTESIAN_POINT('',(-0.0294648861509368,0.0335464931573888,0.0500715517126456));
#8958=CARTESIAN_POINT('',(-0.0255634095371448,0.0326730237659008,0.0471859848854842));
#8959=CARTESIAN_POINT('',(-0.0247491181298061,0.0339581073925239,0.0425678693104002));
#8960=CARTESIAN_POINT('',(-0.030565067457203,0.0320057554204432,0.0497456132660543));
#8961=CARTESIAN_POINT('',(-0.0276356969444343,0.0300612485897368,0.0467553947942628));
#8962=CARTESIAN_POINT('',(-0.0272754603856145,0.0304201170305148,0.0421936436867357));
#8963=CARTESIAN_POINT('',(-0.0312271449636664,0.0313461923677439,0.049745613264935));
#8964=CARTESIAN_POINT('',(-0.028795786513665,0.0289055648375176,0.0467553947926811));
#8965=CARTESIAN_POINT('',(-0.0287957865136652,0.0289055648375174,0.0421936436853211));
#8966=CARTESIAN_POINT('',(-0.033400425647358,0.0461647505432735,0.0481906800259125));
#8967=CARTESIAN_POINT('',(-0.0166434890351651,-0.00540779740156167,0.100721407927329));
#8968=CARTESIAN_POINT('',(-0.035184508697662,0.0516555935761476,0.0548956509777704));
#8969=CARTESIAN_POINT('',(-0.0256739435347105,0.0547457635198971,0.0548956509777704));
#8970=CARTESIAN_POINT('',(-0.0237222572544477,0.0487390907854014,0.0597194148671976));
#8971=CARTESIAN_POINT('',(-0.0306445720915121,0.0449903556953544,0.0608086518744876));
#8972=CARTESIAN_POINT('',(-0.0259231585301811,0.0555127684086741,0.057359477892138));
#8973=CARTESIAN_POINT('',(-0.0247161674620272,0.0496724717969994,0.0615346514958413));
#8974=CARTESIAN_POINT('',(-0.0311510412753758,0.0465491075669145,0.0629545656381459));
#8975=CARTESIAN_POINT('',(-0.0260342252069228,0.0562671228782827,0.0598538811062975));
#8976=CARTESIAN_POINT('',(-0.0254804207486898,0.0507758901264106,0.0635821562550259));
#8977=CARTESIAN_POINT('',(-0.0313767574257058,0.0480821505204529,0.0651271103735623));
#8978=CARTESIAN_POINT('',(-0.0260407222123792,0.056996595294554,0.0623954707550274));
#8979=CARTESIAN_POINT('',(-0.0259956321564654,0.05193396263122,0.0657861842314517));
#8980=CARTESIAN_POINT('',(-0.0313899610170969,0.04956462672127,0.0673407529708082));
#8981=CARTESIAN_POINT('',(-0.00165268796574047,0.0544103898787197,0.0608086518744877));
#8982=CARTESIAN_POINT('',(-0.00945640951002036,0.0533743457010256,0.0597194148671977));
#8983=CARTESIAN_POINT('',(-0.0114080957902832,0.0593810184355213,0.0548956509777705));
#8984=CARTESIAN_POINT('',(-0.00215915715098506,0.0559691417498448,0.0629545656381521));
#8985=CARTESIAN_POINT('',(-0.00920094685453411,0.0547136725638165,0.0615346514956834));
#8986=CARTESIAN_POINT('',(-0.0116573107857679,0.0601480233243417,0.0573594778920842));
#8987=CARTESIAN_POINT('',(-0.00287764898863427,0.0573420721767292,0.065127110373561));
#8988=CARTESIAN_POINT('',(-0.00923122597876433,0.0560555735549288,0.0635821562550779));
#8989=CARTESIAN_POINT('',(-0.0120108543889723,0.0608235922645686,0.0598538811063612));
#8990=CARTESIAN_POINT('',(-0.00373834470654549,0.0585491814932432,0.0673407529708082));
#8991=CARTESIAN_POINT('',(-0.00949510913363916,0.0572953075594807,0.0657861842314517));
#8992=CARTESIAN_POINT('',(-0.0124343713294095,0.0614175666902869,0.0623954707550274));
#8993=CARTESIAN_POINT('',(-0.00189753062733166,0.0624711883792708,0.0548956509777705));
#8994=CARTESIAN_POINT('',(0.0166434890351652,0.0054077974015615,0.100721407927329));
#8995=CARTESIAN_POINT('',(-0.00011344757702763,0.0569803453463967,0.0481906800259126));
#8996=CARTESIAN_POINT('',(-0.00962401273997919,0.0538901754026473,0.0481906800259126));
#8997=CARTESIAN_POINT('',(-0.00786012467553787,0.0484614861452962,0.0537202303313249));
#8998=CARTESIAN_POINT('',(-9.88091799918051E-5,0.0496280427210552,0.054968838464805));
#8999=CARTESIAN_POINT('',(-0.00916000457364775,0.0524621051080141,0.0474156614568494));
#9000=CARTESIAN_POINT('',(-0.00714658089260363,0.0476231497708052,0.0528093416409921));
#9001=CARTESIAN_POINT('',(0.000103258891692788,0.0490061411411404,0.0542938222915152));
#9002=CARTESIAN_POINT('',(-0.00789814415238992,0.0496392720940638,0.0459485116406712));
#9003=CARTESIAN_POINT('',(-0.00558296087004553,0.0459779451021983,0.0511005221177954));
#9004=CARTESIAN_POINT('',(0.000652778753654186,0.0477768428930747,0.0530159821293853));
#9005=CARTESIAN_POINT('',(-0.00468799656314105,0.045517413588588,0.0440023264290715));
#9006=CARTESIAN_POINT('',(-0.00248404875292848,0.043549876816641,0.0488366353713457));
#9007=CARTESIAN_POINT('',(0.00205074625178866,0.0459818399957397,0.0513209175900933));
#9008=CARTESIAN_POINT('',(6.23824417079928E-5,0.0420198526213058,0.0425678693103922));
#9009=CARTESIAN_POINT('',(0.00147651123231766,0.0414588266084652,0.0471859848854607));
#9010=CARTESIAN_POINT('',(0.0041194596893852,0.044458708606001,0.0500715517126394));
#9011=CARTESIAN_POINT('',(0.00418581481783406,0.04064250501271,0.0421936436867543));
#9012=CARTESIAN_POINT('',(0.00468818989290343,0.0405639160820138,0.0467553947943118));
#9013=CARTESIAN_POINT('',(0.00591514798248456,0.0438588959396303,0.0497456132660682));
#9014=CARTESIAN_POINT('',(0.00630601593527119,0.0403108318264534,0.0421936436853211));
#9015=CARTESIAN_POINT('',(0.00630601593527109,0.0403108318264534,0.0467553947926811));
#9016=CARTESIAN_POINT('',(0.00683846137213335,0.0437144576152933,0.049745613264935));
#9017=CARTESIAN_POINT('',(0.00785156676059733,0.0501906735582998,0.0421936436853208));
#9018=CARTESIAN_POINT('',(0.,-2.4983462542779E-18,0.0421936436853208));
#9019=CARTESIAN_POINT('',(0.0231492867784017,0.0452201430170588,0.0421936436853208));
#9020=CARTESIAN_POINT('',(0.0292505699173907,0.0400918513801092,0.0549688384648049));
#9021=CARTESIAN_POINT('',(0.034843921300797,0.0345861004987494,0.0537202303313247));
#9022=CARTESIAN_POINT('',(0.0394618402058547,0.0379412149741537,0.0481906800259125));
#9023=CARTESIAN_POINT('',(0.0287215488363598,0.0397074950656929,0.0542938222915964));
#9024=CARTESIAN_POINT('',(0.033773890496876,0.0343272826372987,0.0528093416410761));
#9025=CARTESIAN_POINT('',(0.038247051055464,0.0370586189938354,0.0474156614569466));
#9026=CARTESIAN_POINT('',(0.0275544145483548,0.0390359715624562,0.053015982129348));
#9027=CARTESIAN_POINT('',(0.0315418682845449,0.0339153568905622,0.0511005221177604));
#9028=CARTESIAN_POINT('',(0.0355669649146732,0.0355166020592037,0.0459485116406267));
#9029=CARTESIAN_POINT('',(0.0253683588539246,0.0384054883921849,0.0513209175901018));
#9030=CARTESIAN_POINT('',(0.0276076129879569,0.0337725032246483,0.0488366353713508));
#9031=CARTESIAN_POINT('',(0.0305471333190378,0.0340688258905593,0.0440023264290814));
#9032=CARTESIAN_POINT('',(0.0227994603582188,0.0383892084630581,0.0500715517126425));
#9033=CARTESIAN_POINT('',(0.0231743641784823,0.0344087668203192,0.0471859848854714));
#9034=CARTESIAN_POINT('',(0.0246481812188055,0.0340314423510042,0.0425678693103975));
#9035=CARTESIAN_POINT('',(0.0209941569730736,0.0389594289188981,0.0497456132660555));
#9036=CARTESIAN_POINT('',(0.0200500463520038,0.0355725463476852,0.0467553947942842));
#9037=CARTESIAN_POINT('',(0.0205026697397693,0.0353408374679967,0.0421936436867357));
#9038=CARTESIAN_POINT('',(0.0201622820328014,0.0393852858535674,0.049745613264935));
#9039=CARTESIAN_POINT('',(0.0185924383967979,0.036318731172465,0.0467553947926811));
#9040=CARTESIAN_POINT('',(0.0185924383967978,0.036318731172465,0.0421936436853211));
#9041=CARTESIAN_POINT('',(0.03358398768293,0.0460313849179032,0.0481906800259125));
#9042=CARTESIAN_POINT('',(-0.0102862419151183,0.0141577974015615,0.100721407927329));
#9043=CARTESIAN_POINT('',(0.0382547777473786,0.04942491253911,0.0548956509777704));
#9044=CARTESIAN_POINT('',(0.0441326302703033,0.0413347425953605,0.0548956509777704));
#9045=CARTESIAN_POINT('',(0.0390230492531983,0.0376224146861449,0.0597194148671976));
#9046=CARTESIAN_POINT('',(0.0333186773928781,0.0430475044695474,0.0608086518744876));
#9047=CARTESIAN_POINT('',(0.044785083598892,0.0418087776861189,0.0573594778922563));
#9048=CARTESIAN_POINT('',(0.0396036122012701,0.0388561100605165,0.0615346514958548));
#9049=CARTESIAN_POINT('',(0.0346446309325975,0.0440108661055749,0.0629545656381763));
#9050=CARTESIAN_POINT('',(0.0454681958422525,0.0421475167237141,0.0598538811063399));
#9051=CARTESIAN_POINT('',(0.0404168581401142,0.0399239331444664,0.0635821562549753));
#9052=CARTESIAN_POINT('',(0.0360328912970318,0.0446992712468722,0.065127110373594));
#9053=CARTESIAN_POINT('',(0.0461599576521009,0.0423791151166436,0.0623954707550274));
#9054=CARTESIAN_POINT('',(0.0413590414615831,0.0407717923958987,0.0657861842314517));
#9055=CARTESIAN_POINT('',(0.0374387298139507,0.0451699389482839,0.0673407529708082));
#9056=CARTESIAN_POINT('',(-0.0185410196624969,-0.0570633909777092,0.05835));
#9057=CARTESIAN_POINT('',(-0.0185410196624969,-0.0570633909777092,0.05555));
#9058=CARTESIAN_POINT('',(-0.0213410196624969,-0.0570633909777092,0.05555));
#9059=CARTESIAN_POINT('',(0.0485410196624969,-0.0352671151375484,0.05835));
#9060=CARTESIAN_POINT('',(0.0485410196624969,-0.0352671151375484,0.05555));
#9061=CARTESIAN_POINT('',(0.0457410196624969,-0.0352671151375484,0.05555));
#9062=CARTESIAN_POINT('',(0.0485410196624968,0.0352671151375484,0.05835));
#9063=CARTESIAN_POINT('',(0.0485410196624968,0.0352671151375484,0.05555));
#9064=CARTESIAN_POINT('',(0.0457410196624968,0.0352671151375484,0.05555));
#9065=CARTESIAN_POINT('',(-0.0185410196624969,0.0570633909777092,0.05835));
#9066=CARTESIAN_POINT('',(-0.0185410196624969,0.0570633909777092,0.05555));
#9067=CARTESIAN_POINT('',(-0.0213410196624969,0.0570633909777092,0.05555));
#9068=CARTESIAN_POINT('',(-0.06,-1.71450551880629E-19,0.05835));
#9069=CARTESIAN_POINT('',(-0.06,-1.71450551880629E-19,0.05555));
#9070=CARTESIAN_POINT('',(-0.0628,-1.71450551880629E-19,0.05555));
#9071=CARTESIAN_POINT('',(-0.0185410196624969,-0.0570633909777092,0.05555));
#9072=CARTESIAN_POINT('',(-0.0185410196624969,-0.0570633909777092,0.05835));
#9073=CARTESIAN_POINT('',(0.0485410196624969,-0.0352671151375484,0.05555));
#9074=CARTESIAN_POINT('',(0.0485410196624969,-0.0352671151375484,0.05835));
#9075=CARTESIAN_POINT('',(0.0485410196624968,0.0352671151375484,0.05555));
#9076=CARTESIAN_POINT('',(0.0485410196624968,0.0352671151375484,0.05835));
#9077=CARTESIAN_POINT('',(-0.0185410196624969,0.0570633909777092,0.05555));
#9078=CARTESIAN_POINT('',(-0.0185410196624969,0.0570633909777092,0.05835));
#9079=CARTESIAN_POINT('',(-0.06,-1.71450551880629E-19,0.05555));
#9080=CARTESIAN_POINT('',(-0.06,-1.71450551880629E-19,0.05835));
#9081=MECHANICAL_DESIGN_GEOMETRIC_PRESENTATION_REPRESENTATION('',(#4614),
#9082);
#9082=(
GEOMETRIC_REPRESENTATION_CONTEXT(3)
GLOBAL_UNCERTAINTY_ASSIGNED_CONTEXT((#9083))
GLOBAL_UNIT_ASSIGNED_CONTEXT((#9086,#9085,#9084))
REPRESENTATION_CONTEXT('Base','TOP_LEVEL_ASSEMBLY_PART')
);
#9083=UNCERTAINTY_MEASURE_WITH_UNIT(LENGTH_MEASURE(2.E-5),#9086,
'DISTANCE_ACCURACY_VALUE','Maximum Tolerance applied to model');
#9084=(
NAMED_UNIT(*)
SI_UNIT($,.STERADIAN.)
SOLID_ANGLE_UNIT()
);
#9085=(
NAMED_UNIT(*)
PLANE_ANGLE_UNIT()
SI_UNIT($,.RADIAN.)
);
#9086=(
LENGTH_UNIT()
NAMED_UNIT(*)
SI_UNIT($,.METRE.)
);
#9087=PRODUCT_DEFINITION_SHAPE('','',#9088);
#9088=PRODUCT_DEFINITION('','',#9090,#9089);
#9089=PRODUCT_DEFINITION_CONTEXT('',#9096,'design');
#9090=PRODUCT_DEFINITION_FORMATION_WITH_SPECIFIED_SOURCE('','',#9092,
 .NOT_KNOWN.);
#9091=PRODUCT_RELATED_PRODUCT_CATEGORY('','',(#9092));
#9092=PRODUCT('Base','Base','Base',(#9094));
#9093=PRODUCT_CATEGORY('','');
#9094=PRODUCT_CONTEXT('',#9096,'mechanical');
#9095=APPLICATION_PROTOCOL_DEFINITION('international standard',
'ap242_managed_model_based_3d_engineering',2011,#9096);
#9096=APPLICATION_CONTEXT('managed model based 3d engineering');
ENDSEC;
END-ISO-10303-21;
